image_name,label
0.jpg,0
1.jpg,6
2.jpg,0
3.jpg,2
4.jpg,7
5.jpg,2
6.jpg,1
7.jpg,2
8.jpg,4
9.jpg,1
10.jpg,5
11.jpg,6
12.jpg,6
13.jpg,3
14.jpg,1
15.jpg,3
16.jpg,5
17.jpg,5
18.jpg,8
19.jpg,1
20.jpg,4
21.jpg,2
22.jpg,3
23.jpg,2
24.jpg,1
25.jpg,2
26.jpg,8
27.jpg,9
28.jpg,5
29.jpg,0
30.jpg,7
31.jpg,6
32.jpg,7
33.jpg,6
34.jpg,8
35.jpg,8
36.jpg,7
37.jpg,4
38.jpg,9
39.jpg,1
40.jpg,2
41.jpg,6
42.jpg,5
43.jpg,9
44.jpg,4
45.jpg,2
46.jpg,5
47.jpg,1
48.jpg,0
49.jpg,1
50.jpg,1
51.jpg,9
52.jpg,0
53.jpg,7
54.jpg,5
55.jpg,3
56.jpg,9
57.jpg,6
58.jpg,3
59.jpg,3
60.jpg,3
61.jpg,4
62.jpg,1
63.jpg,5
64.jpg,9
65.jpg,7
66.jpg,7
67.jpg,2
68.jpg,9
69.jpg,0
70.jpg,2
71.jpg,8
72.jpg,5
73.jpg,9
74.jpg,6
75.jpg,7
76.jpg,8
77.jpg,4
78.jpg,0
79.jpg,4
80.jpg,9
81.jpg,2
82.jpg,7
83.jpg,1
84.jpg,0
85.jpg,5
86.jpg,1
87.jpg,8
88.jpg,1
89.jpg,6
90.jpg,5
91.jpg,9
92.jpg,7
93.jpg,0
94.jpg,4
95.jpg,5
96.jpg,2
97.jpg,3
98.jpg,5
99.jpg,5
100.jpg,6
101.jpg,0
102.jpg,2
103.jpg,1
104.jpg,1
105.jpg,5
106.jpg,8
107.jpg,5
108.jpg,2
109.jpg,4
110.jpg,2
111.jpg,2
112.jpg,5
113.jpg,3
114.jpg,0
115.jpg,3
116.jpg,0
117.jpg,2
118.jpg,9
119.jpg,1
120.jpg,1
121.jpg,7
122.jpg,3
123.jpg,8
124.jpg,5
125.jpg,4
126.jpg,5
127.jpg,9
128.jpg,6
129.jpg,5
130.jpg,6
131.jpg,4
132.jpg,4
133.jpg,5
134.jpg,5
135.jpg,1
136.jpg,1
137.jpg,5
138.jpg,6
139.jpg,2
140.jpg,5
141.jpg,0
142.jpg,8
143.jpg,6
144.jpg,2
145.jpg,2
146.jpg,6
147.jpg,8
148.jpg,8
149.jpg,6
150.jpg,7
151.jpg,4
152.jpg,0
153.jpg,4
154.jpg,1
155.jpg,5
156.jpg,4
157.jpg,2
158.jpg,0
159.jpg,3
160.jpg,0
161.jpg,9
162.jpg,5
163.jpg,7
164.jpg,8
165.jpg,1
166.jpg,1
167.jpg,7
168.jpg,8
169.jpg,8
170.jpg,3
171.jpg,0
172.jpg,0
173.jpg,4
174.jpg,7
175.jpg,9
176.jpg,6
177.jpg,0
178.jpg,9
179.jpg,9
180.jpg,9
181.jpg,2
182.jpg,1
183.jpg,1
184.jpg,7
185.jpg,4
186.jpg,3
187.jpg,7
188.jpg,5
189.jpg,5
190.jpg,7
191.jpg,9
192.jpg,3
193.jpg,6
194.jpg,9
195.jpg,7
196.jpg,5
197.jpg,7
198.jpg,1
199.jpg,7
200.jpg,0
201.jpg,5
202.jpg,6
203.jpg,7
204.jpg,3
205.jpg,0
206.jpg,4
207.jpg,5
208.jpg,1
209.jpg,1
210.jpg,8
211.jpg,8
212.jpg,6
213.jpg,3
214.jpg,2
215.jpg,9
216.jpg,7
217.jpg,8
218.jpg,1
219.jpg,3
220.jpg,9
221.jpg,8
222.jpg,6
223.jpg,9
224.jpg,2
225.jpg,4
226.jpg,4
227.jpg,1
228.jpg,4
229.jpg,2
230.jpg,4
231.jpg,5
232.jpg,2
233.jpg,0
234.jpg,1
235.jpg,5
236.jpg,1
237.jpg,2
238.jpg,1
239.jpg,2
240.jpg,0
241.jpg,2
242.jpg,4
243.jpg,4
244.jpg,1
245.jpg,1
246.jpg,2
247.jpg,9
248.jpg,5
249.jpg,6
250.jpg,4
251.jpg,2
252.jpg,8
253.jpg,7
254.jpg,2
255.jpg,7
256.jpg,4
257.jpg,0
258.jpg,2
259.jpg,6
260.jpg,5
261.jpg,8
262.jpg,8
263.jpg,9
264.jpg,7
265.jpg,7
266.jpg,3
267.jpg,0
268.jpg,4
269.jpg,1
270.jpg,3
271.jpg,0
272.jpg,0
273.jpg,8
274.jpg,7
275.jpg,5
276.jpg,9
277.jpg,8
278.jpg,7
279.jpg,5
280.jpg,0
281.jpg,1
282.jpg,4
283.jpg,5
284.jpg,6
285.jpg,9
286.jpg,2
287.jpg,2
288.jpg,3
289.jpg,4
290.jpg,5
291.jpg,4
292.jpg,6
293.jpg,1
294.jpg,8
295.jpg,0
296.jpg,7
297.jpg,0
298.jpg,7
299.jpg,8
300.jpg,4
301.jpg,5
302.jpg,6
303.jpg,8
304.jpg,0
305.jpg,3
306.jpg,4
307.jpg,4
308.jpg,5
309.jpg,9
310.jpg,5
311.jpg,3
312.jpg,2
313.jpg,1
314.jpg,1
315.jpg,2
316.jpg,1
317.jpg,2
318.jpg,3
319.jpg,7
320.jpg,8
321.jpg,0
322.jpg,8
323.jpg,6
324.jpg,0
325.jpg,2
326.jpg,4
327.jpg,9
328.jpg,8
329.jpg,8
330.jpg,7
331.jpg,0
332.jpg,3
333.jpg,2
334.jpg,6
335.jpg,8
336.jpg,6
337.jpg,5
338.jpg,3
339.jpg,3
340.jpg,7
341.jpg,4
342.jpg,5
343.jpg,9
344.jpg,1
345.jpg,4
346.jpg,3
347.jpg,3
348.jpg,7
349.jpg,5
350.jpg,6
351.jpg,9
352.jpg,2
353.jpg,4
354.jpg,4
355.jpg,0
356.jpg,5
357.jpg,8
358.jpg,4
359.jpg,5
360.jpg,9
361.jpg,3
362.jpg,1
363.jpg,9
364.jpg,9
365.jpg,2
366.jpg,8
367.jpg,6
368.jpg,7
369.jpg,9
370.jpg,5
371.jpg,2
372.jpg,5
373.jpg,8
374.jpg,1
375.jpg,5
376.jpg,0
377.jpg,2
378.jpg,0
379.jpg,9
380.jpg,8
381.jpg,5
382.jpg,7
383.jpg,0
384.jpg,4
385.jpg,7
386.jpg,3
387.jpg,5
388.jpg,8
389.jpg,3
390.jpg,6
391.jpg,2
392.jpg,9
393.jpg,5
394.jpg,6
395.jpg,5
396.jpg,2
397.jpg,7
398.jpg,8
399.jpg,1
400.jpg,0
401.jpg,7
402.jpg,2
403.jpg,2
404.jpg,9
405.jpg,2
406.jpg,8
407.jpg,1
408.jpg,0
409.jpg,7
410.jpg,7
411.jpg,8
412.jpg,9
413.jpg,4
414.jpg,4
415.jpg,0
416.jpg,9
417.jpg,7
418.jpg,1
419.jpg,7
420.jpg,9
421.jpg,7
422.jpg,7
423.jpg,8
424.jpg,3
425.jpg,4
426.jpg,0
427.jpg,6
428.jpg,0
429.jpg,0
430.jpg,7
431.jpg,7
432.jpg,3
433.jpg,8
434.jpg,7
435.jpg,4
436.jpg,4
437.jpg,2
438.jpg,8
439.jpg,1
440.jpg,0
441.jpg,5
442.jpg,4
443.jpg,8
444.jpg,8
445.jpg,1
446.jpg,1
447.jpg,7
448.jpg,8
449.jpg,4
450.jpg,4
451.jpg,2
452.jpg,3
453.jpg,2
454.jpg,2
455.jpg,7
456.jpg,5
457.jpg,1
458.jpg,1
459.jpg,3
460.jpg,8
461.jpg,3
462.jpg,9
463.jpg,1
464.jpg,4
465.jpg,9
466.jpg,2
467.jpg,0
468.jpg,4
469.jpg,6
470.jpg,2
471.jpg,1
472.jpg,8
473.jpg,5
474.jpg,4
475.jpg,2
476.jpg,3
477.jpg,5
478.jpg,2
479.jpg,3
480.jpg,2
481.jpg,6
482.jpg,5
483.jpg,8
484.jpg,7
485.jpg,6
486.jpg,1
487.jpg,0
488.jpg,8
489.jpg,1
490.jpg,3
491.jpg,6
492.jpg,1
493.jpg,2
494.jpg,6
495.jpg,1
496.jpg,6
497.jpg,0
498.jpg,7
499.jpg,4
500.jpg,5
501.jpg,4
502.jpg,5
503.jpg,9
504.jpg,8
505.jpg,2
506.jpg,5
507.jpg,4
508.jpg,8
509.jpg,8
510.jpg,8
511.jpg,2
512.jpg,6
513.jpg,2
514.jpg,8
515.jpg,8
516.jpg,1
517.jpg,0
518.jpg,4
519.jpg,5
520.jpg,0
521.jpg,0
522.jpg,4
523.jpg,5
524.jpg,2
525.jpg,9
526.jpg,6
527.jpg,4
528.jpg,4
529.jpg,8
530.jpg,1
531.jpg,2
532.jpg,2
533.jpg,8
534.jpg,1
535.jpg,0
536.jpg,6
537.jpg,0
538.jpg,7
539.jpg,0
540.jpg,5
541.jpg,3
542.jpg,2
543.jpg,5
544.jpg,8
545.jpg,1
546.jpg,9
547.jpg,4
548.jpg,7
549.jpg,7
550.jpg,8
551.jpg,4
552.jpg,7
553.jpg,1
554.jpg,5
555.jpg,9
556.jpg,7
557.jpg,8
558.jpg,9
559.jpg,4
560.jpg,1
561.jpg,4
562.jpg,7
563.jpg,6
564.jpg,0
565.jpg,9
566.jpg,9
567.jpg,5
568.jpg,7
569.jpg,6
570.jpg,1
571.jpg,3
572.jpg,2
573.jpg,3
574.jpg,3
575.jpg,0
576.jpg,6
577.jpg,8
578.jpg,9
579.jpg,5
580.jpg,9
581.jpg,7
582.jpg,1
583.jpg,6
584.jpg,2
585.jpg,4
586.jpg,3
587.jpg,3
588.jpg,6
589.jpg,4
590.jpg,5
591.jpg,0
592.jpg,7
593.jpg,4
594.jpg,6
595.jpg,0
596.jpg,2
597.jpg,0
598.jpg,9
599.jpg,7
600.jpg,4
601.jpg,8
602.jpg,2
603.jpg,6
604.jpg,0
605.jpg,0
606.jpg,3
607.jpg,8
608.jpg,6
609.jpg,0
610.jpg,6
611.jpg,3
612.jpg,2
613.jpg,1
614.jpg,4
615.jpg,9
616.jpg,4
617.jpg,7
618.jpg,5
619.jpg,9
620.jpg,9
621.jpg,6
622.jpg,5
623.jpg,9
624.jpg,3
625.jpg,6
626.jpg,6
627.jpg,4
628.jpg,2
629.jpg,5
630.jpg,4
631.jpg,2
632.jpg,2
633.jpg,8
634.jpg,3
635.jpg,0
636.jpg,0
637.jpg,9
638.jpg,4
639.jpg,8
640.jpg,8
641.jpg,1
642.jpg,5
643.jpg,0
644.jpg,6
645.jpg,0
646.jpg,1
647.jpg,8
648.jpg,9
649.jpg,9
650.jpg,1
651.jpg,7
652.jpg,0
653.jpg,3
654.jpg,2
655.jpg,4
656.jpg,9
657.jpg,5
658.jpg,9
659.jpg,7
660.jpg,8
661.jpg,1
662.jpg,5
663.jpg,2
664.jpg,8
665.jpg,2
666.jpg,6
667.jpg,0
668.jpg,3
669.jpg,2
670.jpg,7
671.jpg,7
672.jpg,2
673.jpg,1
674.jpg,4
675.jpg,9
676.jpg,1
677.jpg,4
678.jpg,9
679.jpg,7
680.jpg,2
681.jpg,4
682.jpg,6
683.jpg,3
684.jpg,5
685.jpg,6
686.jpg,8
687.jpg,3
688.jpg,2
689.jpg,5
690.jpg,2
691.jpg,8
692.jpg,9
693.jpg,1
694.jpg,2
695.jpg,0
696.jpg,1
697.jpg,9
698.jpg,5
699.jpg,0
700.jpg,2
701.jpg,5
702.jpg,9
703.jpg,5
704.jpg,3
705.jpg,2
706.jpg,6
707.jpg,4
708.jpg,3
709.jpg,0
710.jpg,0
711.jpg,5
712.jpg,1
713.jpg,5
714.jpg,1
715.jpg,4
716.jpg,1
717.jpg,9
718.jpg,5
719.jpg,4
720.jpg,7
721.jpg,3
722.jpg,9
723.jpg,5
724.jpg,6
725.jpg,4
726.jpg,2
727.jpg,6
728.jpg,9
729.jpg,9
730.jpg,0
731.jpg,2
732.jpg,5
733.jpg,9
734.jpg,4
735.jpg,5
736.jpg,9
737.jpg,3
738.jpg,1
739.jpg,6
740.jpg,2
741.jpg,6
742.jpg,5
743.jpg,0
744.jpg,0
745.jpg,8
746.jpg,2
747.jpg,1
748.jpg,6
749.jpg,0
750.jpg,1
751.jpg,2
752.jpg,1
753.jpg,3
754.jpg,3
755.jpg,8
756.jpg,3
757.jpg,5
758.jpg,9
759.jpg,6
760.jpg,7
761.jpg,7
762.jpg,8
763.jpg,5
764.jpg,9
765.jpg,2
766.jpg,5
767.jpg,2
768.jpg,1
769.jpg,0
770.jpg,8
771.jpg,9
772.jpg,3
773.jpg,9
774.jpg,3
775.jpg,9
776.jpg,9
777.jpg,3
778.jpg,2
779.jpg,3
780.jpg,9
781.jpg,7
782.jpg,1
783.jpg,1
784.jpg,3
785.jpg,9
786.jpg,2
787.jpg,2
788.jpg,8
789.jpg,3
790.jpg,4
791.jpg,2
792.jpg,1
793.jpg,5
794.jpg,4
795.jpg,2
796.jpg,9
797.jpg,7
798.jpg,6
799.jpg,4
800.jpg,6
801.jpg,4
802.jpg,4
803.jpg,7
804.jpg,1
805.jpg,7
806.jpg,3
807.jpg,8
808.jpg,8
809.jpg,3
810.jpg,1
811.jpg,0
812.jpg,6
813.jpg,6
814.jpg,1
815.jpg,4
816.jpg,6
817.jpg,3
818.jpg,2
819.jpg,5
820.jpg,0
821.jpg,1
822.jpg,4
823.jpg,9
824.jpg,7
825.jpg,7
826.jpg,4
827.jpg,0
828.jpg,6
829.jpg,0
830.jpg,0
831.jpg,5
832.jpg,4
833.jpg,6
834.jpg,2
835.jpg,8
836.jpg,2
837.jpg,0
838.jpg,3
839.jpg,3
840.jpg,1
841.jpg,4
842.jpg,6
843.jpg,9
844.jpg,8
845.jpg,7
846.jpg,8
847.jpg,5
848.jpg,3
849.jpg,2
850.jpg,9
851.jpg,1
852.jpg,7
853.jpg,9
854.jpg,8
855.jpg,2
856.jpg,1
857.jpg,4
858.jpg,2
859.jpg,8
860.jpg,8
861.jpg,9
862.jpg,3
863.jpg,8
864.jpg,6
865.jpg,1
866.jpg,3
867.jpg,5
868.jpg,3
869.jpg,4
870.jpg,4
871.jpg,5
872.jpg,8
873.jpg,9
874.jpg,2
875.jpg,4
876.jpg,7
877.jpg,6
878.jpg,2
879.jpg,1
880.jpg,3
881.jpg,4
882.jpg,8
883.jpg,7
884.jpg,4
885.jpg,4
886.jpg,3
887.jpg,2
888.jpg,0
889.jpg,5
890.jpg,7
891.jpg,1
892.jpg,4
893.jpg,2
894.jpg,2
895.jpg,0
896.jpg,3
897.jpg,7
898.jpg,9
899.jpg,9
900.jpg,4
901.jpg,9
902.jpg,1
903.jpg,9
904.jpg,0
905.jpg,2
906.jpg,6
907.jpg,4
908.jpg,6
909.jpg,0
910.jpg,6
911.jpg,4
912.jpg,1
913.jpg,0
914.jpg,0
915.jpg,4
916.jpg,8
917.jpg,4
918.jpg,6
919.jpg,7
920.jpg,6
921.jpg,4
922.jpg,6
923.jpg,1
924.jpg,0
925.jpg,7
926.jpg,8
927.jpg,5
928.jpg,7
929.jpg,0
930.jpg,0
931.jpg,5
932.jpg,9
933.jpg,3
934.jpg,9
935.jpg,7
936.jpg,9
937.jpg,8
938.jpg,6
939.jpg,7
940.jpg,2
941.jpg,8
942.jpg,4
943.jpg,1
944.jpg,6
945.jpg,1
946.jpg,9
947.jpg,3
948.jpg,8
949.jpg,1
950.jpg,4
951.jpg,1
952.jpg,5
953.jpg,6
954.jpg,9
955.jpg,8
956.jpg,7
957.jpg,8
958.jpg,4
959.jpg,0
960.jpg,3
961.jpg,8
962.jpg,4
963.jpg,0
964.jpg,3
965.jpg,5
966.jpg,9
967.jpg,4
968.jpg,0
969.jpg,2
970.jpg,4
971.jpg,0
972.jpg,7
973.jpg,9
974.jpg,2
975.jpg,3
976.jpg,6
977.jpg,0
978.jpg,5
979.jpg,0
980.jpg,2
981.jpg,7
982.jpg,6
983.jpg,3
984.jpg,7
985.jpg,9
986.jpg,3
987.jpg,7
988.jpg,2
989.jpg,5
990.jpg,8
991.jpg,7
992.jpg,1
993.jpg,7
994.jpg,5
995.jpg,3
996.jpg,7
997.jpg,8
998.jpg,9
999.jpg,1
1000.jpg,0
1001.jpg,8
1002.jpg,2
1003.jpg,4
1004.jpg,0
1005.jpg,2
1006.jpg,4
1007.jpg,2
1008.jpg,9
1009.jpg,9
1010.jpg,9
1011.jpg,1
1012.jpg,9
1013.jpg,3
1014.jpg,9
1015.jpg,0
1016.jpg,3
1017.jpg,5
1018.jpg,8
1019.jpg,1
1020.jpg,2
1021.jpg,5
1022.jpg,3
1023.jpg,0
1024.jpg,7
1025.jpg,6
1026.jpg,2
1027.jpg,4
1028.jpg,5
1029.jpg,0
1030.jpg,4
1031.jpg,5
1032.jpg,8
1033.jpg,4
1034.jpg,7
1035.jpg,2
1036.jpg,7
1037.jpg,8
1038.jpg,5
1039.jpg,9
1040.jpg,2
1041.jpg,2
1042.jpg,6
1043.jpg,5
1044.jpg,5
1045.jpg,2
1046.jpg,1
1047.jpg,5
1048.jpg,0
1049.jpg,7
1050.jpg,3
1051.jpg,8
1052.jpg,8
1053.jpg,4
1054.jpg,2
1055.jpg,5
1056.jpg,9
1057.jpg,2
1058.jpg,2
1059.jpg,5
1060.jpg,4
1061.jpg,4
1062.jpg,5
1063.jpg,2
1064.jpg,5
1065.jpg,3
1066.jpg,8
1067.jpg,9
1068.jpg,9
1069.jpg,8
1070.jpg,8
1071.jpg,6
1072.jpg,1
1073.jpg,7
1074.jpg,2
1075.jpg,4
1076.jpg,8
1077.jpg,9
1078.jpg,3
1079.jpg,1
1080.jpg,6
1081.jpg,3
1082.jpg,7
1083.jpg,0
1084.jpg,4
1085.jpg,8
1086.jpg,0
1087.jpg,0
1088.jpg,4
1089.jpg,9
1090.jpg,2
1091.jpg,5
1092.jpg,4
1093.jpg,7
1094.jpg,3
1095.jpg,9
1096.jpg,9
1097.jpg,8
1098.jpg,0
1099.jpg,6
1100.jpg,1
1101.jpg,1
1102.jpg,1
1103.jpg,3
1104.jpg,8
1105.jpg,0
1106.jpg,9
1107.jpg,1
1108.jpg,6
1109.jpg,5
1110.jpg,1
1111.jpg,5
1112.jpg,6
1113.jpg,1
1114.jpg,9
1115.jpg,9
1116.jpg,5
1117.jpg,7
1118.jpg,6
1119.jpg,0
1120.jpg,5
1121.jpg,8
1122.jpg,1
1123.jpg,7
1124.jpg,4
1125.jpg,8
1126.jpg,1
1127.jpg,0
1128.jpg,6
1129.jpg,5
1130.jpg,2
1131.jpg,8
1132.jpg,5
1133.jpg,6
1134.jpg,3
1135.jpg,6
1136.jpg,3
1137.jpg,5
1138.jpg,1
1139.jpg,6
1140.jpg,6
1141.jpg,3
1142.jpg,6
1143.jpg,4
1144.jpg,0
1145.jpg,5
1146.jpg,3
1147.jpg,1
1148.jpg,3
1149.jpg,5
1150.jpg,3
1151.jpg,1
1152.jpg,1
1153.jpg,4
1154.jpg,7
1155.jpg,5
1156.jpg,7
1157.jpg,8
1158.jpg,1
1159.jpg,6
1160.jpg,4
1161.jpg,3
1162.jpg,9
1163.jpg,4
1164.jpg,0
1165.jpg,0
1166.jpg,1
1167.jpg,4
1168.jpg,8
1169.jpg,2
1170.jpg,8
1171.jpg,2
1172.jpg,7
1173.jpg,2
1174.jpg,9
1175.jpg,6
1176.jpg,9
1177.jpg,2
1178.jpg,3
1179.jpg,3
1180.jpg,5
1181.jpg,6
1182.jpg,8
1183.jpg,8
1184.jpg,8
1185.jpg,5
1186.jpg,9
1187.jpg,8
1188.jpg,8
1189.jpg,8
1190.jpg,5
1191.jpg,2
1192.jpg,7
1193.jpg,1
1194.jpg,3
1195.jpg,1
1196.jpg,8
1197.jpg,6
1198.jpg,3
1199.jpg,3
1200.jpg,5
1201.jpg,0
1202.jpg,8
1203.jpg,1
1204.jpg,3
1205.jpg,9
1206.jpg,7
1207.jpg,0
1208.jpg,1
1209.jpg,1
1210.jpg,9
1211.jpg,4
1212.jpg,7
1213.jpg,0
1214.jpg,0
1215.jpg,7
1216.jpg,9
1217.jpg,7
1218.jpg,5
1219.jpg,8
1220.jpg,8
1221.jpg,5
1222.jpg,5
1223.jpg,2
1224.jpg,7
1225.jpg,5
1226.jpg,5
1227.jpg,4
1228.jpg,6
1229.jpg,2
1230.jpg,2
1231.jpg,2
1232.jpg,6
1233.jpg,9
1234.jpg,5
1235.jpg,6
1236.jpg,7
1237.jpg,2
1238.jpg,6
1239.jpg,4
1240.jpg,5
1241.jpg,1
1242.jpg,3
1243.jpg,5
1244.jpg,8
1245.jpg,1
1246.jpg,0
1247.jpg,7
1248.jpg,5
1249.jpg,0
1250.jpg,8
1251.jpg,1
1252.jpg,9
1253.jpg,1
1254.jpg,3
1255.jpg,5
1256.jpg,4
1257.jpg,6
1258.jpg,8
1259.jpg,8
1260.jpg,3
1261.jpg,3
1262.jpg,7
1263.jpg,7
1264.jpg,5
1265.jpg,7
1266.jpg,8
1267.jpg,8
1268.jpg,1
1269.jpg,2
1270.jpg,6
1271.jpg,4
1272.jpg,2
1273.jpg,5
1274.jpg,1
1275.jpg,2
1276.jpg,7
1277.jpg,4
1278.jpg,8
1279.jpg,6
1280.jpg,2
1281.jpg,4
1282.jpg,1
1283.jpg,9
1284.jpg,0
1285.jpg,2
1286.jpg,0
1287.jpg,9
1288.jpg,1
1289.jpg,2
1290.jpg,4
1291.jpg,9
1292.jpg,5
1293.jpg,2
1294.jpg,2
1295.jpg,3
1296.jpg,9
1297.jpg,1
1298.jpg,9
1299.jpg,6
1300.jpg,1
1301.jpg,6
1302.jpg,5
1303.jpg,5
1304.jpg,7
1305.jpg,4
1306.jpg,4
1307.jpg,2
1308.jpg,2
1309.jpg,5
1310.jpg,4
1311.jpg,1
1312.jpg,6
1313.jpg,8
1314.jpg,8
1315.jpg,6
1316.jpg,7
1317.jpg,8
1318.jpg,2
1319.jpg,1
1320.jpg,7
1321.jpg,7
1322.jpg,1
1323.jpg,1
1324.jpg,9
1325.jpg,6
1326.jpg,7
1327.jpg,8
1328.jpg,8
1329.jpg,1
1330.jpg,5
1331.jpg,7
1332.jpg,8
1333.jpg,2
1334.jpg,6
1335.jpg,9
1336.jpg,7
1337.jpg,3
1338.jpg,1
1339.jpg,0
1340.jpg,8
1341.jpg,7
1342.jpg,6
1343.jpg,2
1344.jpg,3
1345.jpg,1
1346.jpg,3
1347.jpg,5
1348.jpg,1
1349.jpg,4
1350.jpg,7
1351.jpg,1
1352.jpg,1
1353.jpg,6
1354.jpg,8
1355.jpg,5
1356.jpg,6
1357.jpg,7
1358.jpg,0
1359.jpg,7
1360.jpg,7
1361.jpg,2
1362.jpg,8
1363.jpg,1
1364.jpg,7
1365.jpg,4
1366.jpg,3
1367.jpg,8
1368.jpg,7
1369.jpg,0
1370.jpg,8
1371.jpg,2
1372.jpg,8
1373.jpg,6
1374.jpg,2
1375.jpg,2
1376.jpg,5
1377.jpg,2
1378.jpg,9
1379.jpg,8
1380.jpg,3
1381.jpg,7
1382.jpg,6
1383.jpg,3
1384.jpg,6
1385.jpg,9
1386.jpg,8
1387.jpg,9
1388.jpg,9
1389.jpg,7
1390.jpg,8
1391.jpg,0
1392.jpg,8
1393.jpg,4
1394.jpg,2
1395.jpg,1
1396.jpg,6
1397.jpg,0
1398.jpg,6
1399.jpg,9
1400.jpg,3
1401.jpg,2
1402.jpg,3
1403.jpg,9
1404.jpg,3
1405.jpg,6
1406.jpg,3
1407.jpg,1
1408.jpg,6
1409.jpg,5
1410.jpg,2
1411.jpg,2
1412.jpg,0
1413.jpg,6
1414.jpg,3
1415.jpg,3
1416.jpg,6
1417.jpg,8
1418.jpg,2
1419.jpg,2
1420.jpg,2
1421.jpg,6
1422.jpg,9
1423.jpg,8
1424.jpg,8
1425.jpg,8
1426.jpg,8
1427.jpg,6
1428.jpg,2
1429.jpg,4
1430.jpg,6
1431.jpg,4
1432.jpg,7
1433.jpg,4
1434.jpg,4
1435.jpg,0
1436.jpg,7
1437.jpg,3
1438.jpg,2
1439.jpg,5
1440.jpg,3
1441.jpg,9
1442.jpg,5
1443.jpg,8
1444.jpg,7
1445.jpg,1
1446.jpg,4
1447.jpg,6
1448.jpg,6
1449.jpg,3
1450.jpg,0
1451.jpg,6
1452.jpg,7
1453.jpg,9
1454.jpg,2
1455.jpg,6
1456.jpg,8
1457.jpg,6
1458.jpg,9
1459.jpg,0
1460.jpg,3
1461.jpg,7
1462.jpg,8
1463.jpg,3
1464.jpg,4
1465.jpg,6
1466.jpg,6
1467.jpg,2
1468.jpg,7
1469.jpg,2
1470.jpg,4
1471.jpg,0
1472.jpg,7
1473.jpg,1
1474.jpg,5
1475.jpg,2
1476.jpg,4
1477.jpg,7
1478.jpg,2
1479.jpg,3
1480.jpg,8
1481.jpg,0
1482.jpg,7
1483.jpg,9
1484.jpg,4
1485.jpg,5
1486.jpg,2
1487.jpg,6
1488.jpg,0
1489.jpg,8
1490.jpg,9
1491.jpg,7
1492.jpg,2
1493.jpg,2
1494.jpg,5
1495.jpg,2
1496.jpg,2
1497.jpg,8
1498.jpg,8
1499.jpg,3
1500.jpg,6
1501.jpg,2
1502.jpg,1
1503.jpg,3
1504.jpg,7
1505.jpg,4
1506.jpg,0
1507.jpg,4
1508.jpg,6
1509.jpg,9
1510.jpg,1
1511.jpg,8
1512.jpg,1
1513.jpg,7
1514.jpg,4
1515.jpg,4
1516.jpg,5
1517.jpg,9
1518.jpg,7
1519.jpg,2
1520.jpg,7
1521.jpg,0
1522.jpg,1
1523.jpg,1
1524.jpg,9
1525.jpg,5
1526.jpg,8
1527.jpg,3
1528.jpg,7
1529.jpg,7
1530.jpg,8
1531.jpg,2
1532.jpg,2
1533.jpg,9
1534.jpg,1
1535.jpg,3
1536.jpg,4
1537.jpg,8
1538.jpg,9
1539.jpg,1
1540.jpg,9
1541.jpg,8
1542.jpg,3
1543.jpg,5
1544.jpg,3
1545.jpg,9
1546.jpg,2
1547.jpg,4
1548.jpg,5
1549.jpg,4
1550.jpg,2
1551.jpg,5
1552.jpg,1
1553.jpg,8
1554.jpg,7
1555.jpg,5
1556.jpg,0
1557.jpg,5
1558.jpg,6
1559.jpg,5
1560.jpg,3
1561.jpg,5
1562.jpg,2
1563.jpg,8
1564.jpg,6
1565.jpg,8
1566.jpg,9
1567.jpg,3
1568.jpg,5
1569.jpg,7
1570.jpg,6
1571.jpg,9
1572.jpg,2
1573.jpg,7
1574.jpg,5
1575.jpg,6
1576.jpg,8
1577.jpg,6
1578.jpg,5
1579.jpg,4
1580.jpg,6
1581.jpg,8
1582.jpg,5
1583.jpg,1
1584.jpg,3
1585.jpg,4
1586.jpg,0
1587.jpg,1
1588.jpg,4
1589.jpg,7
1590.jpg,8
1591.jpg,0
1592.jpg,5
1593.jpg,0
1594.jpg,8
1595.jpg,7
1596.jpg,8
1597.jpg,7
1598.jpg,6
1599.jpg,1
1600.jpg,0
1601.jpg,6
1602.jpg,3
1603.jpg,3
1604.jpg,1
1605.jpg,9
1606.jpg,3
1607.jpg,1
1608.jpg,8
1609.jpg,4
1610.jpg,3
1611.jpg,5
1612.jpg,4
1613.jpg,9
1614.jpg,2
1615.jpg,4
1616.jpg,6
1617.jpg,8
1618.jpg,9
1619.jpg,1
1620.jpg,5
1621.jpg,2
1622.jpg,6
1623.jpg,2
1624.jpg,7
1625.jpg,8
1626.jpg,3
1627.jpg,4
1628.jpg,8
1629.jpg,6
1630.jpg,9
1631.jpg,5
1632.jpg,3
1633.jpg,3
1634.jpg,1
1635.jpg,0
1636.jpg,2
1637.jpg,9
1638.jpg,9
1639.jpg,6
1640.jpg,8
1641.jpg,5
1642.jpg,4
1643.jpg,9
1644.jpg,8
1645.jpg,1
1646.jpg,5
1647.jpg,5
1648.jpg,0
1649.jpg,3
1650.jpg,5
1651.jpg,6
1652.jpg,8
1653.jpg,7
1654.jpg,0
1655.jpg,1
1656.jpg,6
1657.jpg,1
1658.jpg,0
1659.jpg,7
1660.jpg,6
1661.jpg,8
1662.jpg,9
1663.jpg,8
1664.jpg,9
1665.jpg,1
1666.jpg,4
1667.jpg,5
1668.jpg,4
1669.jpg,1
1670.jpg,8
1671.jpg,7
1672.jpg,6
1673.jpg,5
1674.jpg,0
1675.jpg,8
1676.jpg,3
1677.jpg,2
1678.jpg,0
1679.jpg,4
1680.jpg,8
1681.jpg,6
1682.jpg,6
1683.jpg,4
1684.jpg,2
1685.jpg,6
1686.jpg,9
1687.jpg,2
1688.jpg,5
1689.jpg,4
1690.jpg,9
1691.jpg,2
1692.jpg,8
1693.jpg,0
1694.jpg,1
1695.jpg,8
1696.jpg,5
1697.jpg,8
1698.jpg,3
1699.jpg,4
1700.jpg,0
1701.jpg,4
1702.jpg,4
1703.jpg,1
1704.jpg,2
1705.jpg,2
1706.jpg,6
1707.jpg,2
1708.jpg,5
1709.jpg,4
1710.jpg,5
1711.jpg,1
1712.jpg,3
1713.jpg,9
1714.jpg,8
1715.jpg,0
1716.jpg,5
1717.jpg,8
1718.jpg,7
1719.jpg,7
1720.jpg,1
1721.jpg,2
1722.jpg,9
1723.jpg,7
1724.jpg,1
1725.jpg,8
1726.jpg,0
1727.jpg,6
1728.jpg,0
1729.jpg,5
1730.jpg,8
1731.jpg,3
1732.jpg,8
1733.jpg,4
1734.jpg,6
1735.jpg,4
1736.jpg,7
1737.jpg,1
1738.jpg,7
1739.jpg,7
1740.jpg,3
1741.jpg,2
1742.jpg,9
1743.jpg,2
1744.jpg,9
1745.jpg,8
1746.jpg,7
1747.jpg,1
1748.jpg,6
1749.jpg,1
1750.jpg,4
1751.jpg,4
1752.jpg,6
1753.jpg,6
1754.jpg,3
1755.jpg,4
1756.jpg,0
1757.jpg,0
1758.jpg,9
1759.jpg,2
1760.jpg,9
1761.jpg,1
1762.jpg,8
1763.jpg,8
1764.jpg,7
1765.jpg,1
1766.jpg,2
1767.jpg,4
1768.jpg,9
1769.jpg,4
1770.jpg,2
1771.jpg,9
1772.jpg,9
1773.jpg,2
1774.jpg,9
1775.jpg,4
1776.jpg,1
1777.jpg,7
1778.jpg,8
1779.jpg,7
1780.jpg,6
1781.jpg,5
1782.jpg,5
1783.jpg,1
1784.jpg,6
1785.jpg,2
1786.jpg,1
1787.jpg,8
1788.jpg,3
1789.jpg,7
1790.jpg,9
1791.jpg,5
1792.jpg,6
1793.jpg,5
1794.jpg,6
1795.jpg,8
1796.jpg,4
1797.jpg,3
1798.jpg,6
1799.jpg,4
1800.jpg,7
1801.jpg,5
1802.jpg,2
1803.jpg,2
1804.jpg,4
1805.jpg,9
1806.jpg,6
1807.jpg,7
1808.jpg,6
1809.jpg,2
1810.jpg,8
1811.jpg,9
1812.jpg,6
1813.jpg,2
1814.jpg,8
1815.jpg,9
1816.jpg,8
1817.jpg,5
1818.jpg,7
1819.jpg,0
1820.jpg,6
1821.jpg,2
1822.jpg,7
1823.jpg,2
1824.jpg,9
1825.jpg,3
1826.jpg,6
1827.jpg,9
1828.jpg,7
1829.jpg,9
1830.jpg,1
1831.jpg,1
1832.jpg,8
1833.jpg,5
1834.jpg,6
1835.jpg,6
1836.jpg,5
1837.jpg,0
1838.jpg,9
1839.jpg,7
1840.jpg,4
1841.jpg,8
1842.jpg,6
1843.jpg,4
1844.jpg,3
1845.jpg,9
1846.jpg,8
1847.jpg,7
1848.jpg,4
1849.jpg,4
1850.jpg,2
1851.jpg,7
1852.jpg,6
1853.jpg,8
1854.jpg,1
1855.jpg,0
1856.jpg,5
1857.jpg,6
1858.jpg,6
1859.jpg,6
1860.jpg,4
1861.jpg,3
1862.jpg,9
1863.jpg,0
1864.jpg,5
1865.jpg,0
1866.jpg,4
1867.jpg,5
1868.jpg,3
1869.jpg,9
1870.jpg,9
1871.jpg,7
1872.jpg,8
1873.jpg,7
1874.jpg,2
1875.jpg,5
1876.jpg,7
1877.jpg,5
1878.jpg,9
1879.jpg,8
1880.jpg,0
1881.jpg,9
1882.jpg,2
1883.jpg,5
1884.jpg,2
1885.jpg,9
1886.jpg,3
1887.jpg,2
1888.jpg,0
1889.jpg,6
1890.jpg,1
1891.jpg,6
1892.jpg,5
1893.jpg,4
1894.jpg,6
1895.jpg,6
1896.jpg,0
1897.jpg,2
1898.jpg,4
1899.jpg,1
1900.jpg,3
1901.jpg,5
1902.jpg,4
1903.jpg,8
1904.jpg,0
1905.jpg,9
1906.jpg,6
1907.jpg,3
1908.jpg,3
1909.jpg,9
1910.jpg,3
1911.jpg,9
1912.jpg,3
1913.jpg,3
1914.jpg,7
1915.jpg,8
1916.jpg,4
1917.jpg,8
1918.jpg,9
1919.jpg,8
1920.jpg,9
1921.jpg,7
1922.jpg,5
1923.jpg,3
1924.jpg,7
1925.jpg,1
1926.jpg,2
1927.jpg,0
1928.jpg,6
1929.jpg,8
1930.jpg,8
1931.jpg,6
1932.jpg,4
1933.jpg,6
1934.jpg,3
1935.jpg,1
1936.jpg,3
1937.jpg,9
1938.jpg,8
1939.jpg,4
1940.jpg,3
1941.jpg,2
1942.jpg,6
1943.jpg,6
1944.jpg,7
1945.jpg,1
1946.jpg,8
1947.jpg,0
1948.jpg,6
1949.jpg,5
1950.jpg,8
1951.jpg,1
1952.jpg,7
1953.jpg,4
1954.jpg,4
1955.jpg,0
1956.jpg,9
1957.jpg,1
1958.jpg,7
1959.jpg,1
1960.jpg,5
1961.jpg,0
1962.jpg,9
1963.jpg,6
1964.jpg,6
1965.jpg,7
1966.jpg,8
1967.jpg,7
1968.jpg,8
1969.jpg,1
1970.jpg,0
1971.jpg,9
1972.jpg,6
1973.jpg,5
1974.jpg,3
1975.jpg,3
1976.jpg,0
1977.jpg,5
1978.jpg,3
1979.jpg,2
1980.jpg,7
1981.jpg,8
1982.jpg,7
1983.jpg,9
1984.jpg,6
1985.jpg,1
1986.jpg,9
1987.jpg,0
1988.jpg,1
1989.jpg,9
1990.jpg,7
1991.jpg,0
1992.jpg,7
1993.jpg,4
1994.jpg,5
1995.jpg,5
1996.jpg,8
1997.jpg,2
1998.jpg,4
1999.jpg,2
2000.jpg,7
2001.jpg,5
2002.jpg,0
2003.jpg,1
2004.jpg,7
2005.jpg,4
2006.jpg,3
2007.jpg,4
2008.jpg,9
2009.jpg,0
2010.jpg,6
2011.jpg,1
2012.jpg,5
2013.jpg,2
2014.jpg,8
2015.jpg,5
2016.jpg,0
2017.jpg,4
2018.jpg,4
2019.jpg,8
2020.jpg,7
2021.jpg,3
2022.jpg,0
2023.jpg,8
2024.jpg,4
2025.jpg,0
2026.jpg,4
2027.jpg,6
2028.jpg,2
2029.jpg,4
2030.jpg,2
2031.jpg,5
2032.jpg,7
2033.jpg,0
2034.jpg,8
2035.jpg,6
2036.jpg,2
2037.jpg,8
2038.jpg,8
2039.jpg,9
2040.jpg,9
2041.jpg,9
2042.jpg,1
2043.jpg,3
2044.jpg,5
2045.jpg,2
2046.jpg,3
2047.jpg,2
2048.jpg,5
2049.jpg,2
2050.jpg,4
2051.jpg,8
2052.jpg,3
2053.jpg,7
2054.jpg,3
2055.jpg,5
2056.jpg,0
2057.jpg,2
2058.jpg,0
2059.jpg,2
2060.jpg,6
2061.jpg,7
2062.jpg,0
2063.jpg,6
2064.jpg,9
2065.jpg,9
2066.jpg,4
2067.jpg,2
2068.jpg,7
2069.jpg,4
2070.jpg,0
2071.jpg,2
2072.jpg,9
2073.jpg,7
2074.jpg,6
2075.jpg,3
2076.jpg,0
2077.jpg,8
2078.jpg,0
2079.jpg,5
2080.jpg,6
2081.jpg,0
2082.jpg,6
2083.jpg,1
2084.jpg,9
2085.jpg,3
2086.jpg,8
2087.jpg,1
2088.jpg,4
2089.jpg,8
2090.jpg,0
2091.jpg,0
2092.jpg,8
2093.jpg,5
2094.jpg,4
2095.jpg,4
2096.jpg,9
2097.jpg,7
2098.jpg,3
2099.jpg,1
2100.jpg,4
2101.jpg,2
2102.jpg,9
2103.jpg,2
2104.jpg,9
2105.jpg,6
2106.jpg,2
2107.jpg,0
2108.jpg,3
2109.jpg,0
2110.jpg,9
2111.jpg,8
2112.jpg,9
2113.jpg,3
2114.jpg,8
2115.jpg,9
2116.jpg,7
2117.jpg,4
2118.jpg,5
2119.jpg,4
2120.jpg,4
2121.jpg,1
2122.jpg,5
2123.jpg,9
2124.jpg,5
2125.jpg,6
2126.jpg,6
2127.jpg,2
2128.jpg,3
2129.jpg,9
2130.jpg,4
2131.jpg,0
2132.jpg,8
2133.jpg,9
2134.jpg,3
2135.jpg,1
2136.jpg,2
2137.jpg,5
2138.jpg,8
2139.jpg,3
2140.jpg,0
2141.jpg,2
2142.jpg,3
2143.jpg,3
2144.jpg,0
2145.jpg,3
2146.jpg,9
2147.jpg,1
2148.jpg,7
2149.jpg,0
2150.jpg,7
2151.jpg,2
2152.jpg,7
2153.jpg,2
2154.jpg,7
2155.jpg,3
2156.jpg,9
2157.jpg,7
2158.jpg,9
2159.jpg,1
2160.jpg,3
2161.jpg,1
2162.jpg,7
2163.jpg,9
2164.jpg,9
2165.jpg,8
2166.jpg,2
2167.jpg,2
2168.jpg,1
2169.jpg,4
2170.jpg,6
2171.jpg,8
2172.jpg,3
2173.jpg,0
2174.jpg,6
2175.jpg,9
2176.jpg,9
2177.jpg,7
2178.jpg,8
2179.jpg,4
2180.jpg,3
2181.jpg,2
2182.jpg,8
2183.jpg,8
2184.jpg,5
2185.jpg,7
2186.jpg,4
2187.jpg,7
2188.jpg,0
2189.jpg,1
2190.jpg,0
2191.jpg,6
2192.jpg,9
2193.jpg,6
2194.jpg,0
2195.jpg,5
2196.jpg,5
2197.jpg,6
2198.jpg,6
2199.jpg,5
2200.jpg,8
2201.jpg,4
2202.jpg,1
2203.jpg,8
2204.jpg,0
2205.jpg,8
2206.jpg,0
2207.jpg,8
2208.jpg,7
2209.jpg,9
2210.jpg,1
2211.jpg,7
2212.jpg,6
2213.jpg,8
2214.jpg,4
2215.jpg,3
2216.jpg,5
2217.jpg,0
2218.jpg,0
2219.jpg,3
2220.jpg,0
2221.jpg,9
2222.jpg,3
2223.jpg,9
2224.jpg,4
2225.jpg,4
2226.jpg,1
2227.jpg,5
2228.jpg,6
2229.jpg,4
2230.jpg,3
2231.jpg,5
2232.jpg,0
2233.jpg,0
2234.jpg,8
2235.jpg,1
2236.jpg,7
2237.jpg,6
2238.jpg,5
2239.jpg,7
2240.jpg,6
2241.jpg,7
2242.jpg,9
2243.jpg,8
2244.jpg,4
2245.jpg,9
2246.jpg,8
2247.jpg,0
2248.jpg,6
2249.jpg,9
2250.jpg,3
2251.jpg,0
2252.jpg,1
2253.jpg,4
2254.jpg,9
2255.jpg,5
2256.jpg,0
2257.jpg,2
2258.jpg,1
2259.jpg,8
2260.jpg,4
2261.jpg,3
2262.jpg,1
2263.jpg,0
2264.jpg,3
2265.jpg,8
2266.jpg,9
2267.jpg,0
2268.jpg,4
2269.jpg,7
2270.jpg,4
2271.jpg,8
2272.jpg,5
2273.jpg,9
2274.jpg,2
2275.jpg,8
2276.jpg,4
2277.jpg,5
2278.jpg,2
2279.jpg,8
2280.jpg,4
2281.jpg,8
2282.jpg,7
2283.jpg,0
2284.jpg,4
2285.jpg,4
2286.jpg,7
2287.jpg,7
2288.jpg,4
2289.jpg,2
2290.jpg,0
2291.jpg,2
2292.jpg,9
2293.jpg,3
2294.jpg,1
2295.jpg,1
2296.jpg,7
2297.jpg,3
2298.jpg,7
2299.jpg,2
2300.jpg,4
2301.jpg,9
2302.jpg,4
2303.jpg,4
2304.jpg,3
2305.jpg,1
2306.jpg,8
2307.jpg,7
2308.jpg,2
2309.jpg,0
2310.jpg,2
2311.jpg,1
2312.jpg,3
2313.jpg,8
2314.jpg,6
2315.jpg,4
2316.jpg,0
2317.jpg,7
2318.jpg,0
2319.jpg,1
2320.jpg,3
2321.jpg,2
2322.jpg,8
2323.jpg,8
2324.jpg,5
2325.jpg,3
2326.jpg,0
2327.jpg,8
2328.jpg,2
2329.jpg,7
2330.jpg,2
2331.jpg,8
2332.jpg,2
2333.jpg,5
2334.jpg,6
2335.jpg,7
2336.jpg,5
2337.jpg,9
2338.jpg,6
2339.jpg,6
2340.jpg,6
2341.jpg,0
2342.jpg,5
2343.jpg,7
2344.jpg,6
2345.jpg,6
2346.jpg,0
2347.jpg,7
2348.jpg,1
2349.jpg,8
2350.jpg,3
2351.jpg,8
2352.jpg,5
2353.jpg,2
2354.jpg,7
2355.jpg,9
2356.jpg,8
2357.jpg,8
2358.jpg,3
2359.jpg,6
2360.jpg,8
2361.jpg,2
2362.jpg,6
2363.jpg,0
2364.jpg,5
2365.jpg,0
2366.jpg,1
2367.jpg,1
2368.jpg,4
2369.jpg,0
2370.jpg,8
2371.jpg,3
2372.jpg,3
2373.jpg,4
2374.jpg,7
2375.jpg,2
2376.jpg,0
2377.jpg,2
2378.jpg,0
2379.jpg,3
2380.jpg,9
2381.jpg,6
2382.jpg,7
2383.jpg,7
2384.jpg,4
2385.jpg,6
2386.jpg,5
2387.jpg,2
2388.jpg,4
2389.jpg,3
2390.jpg,6
2391.jpg,4
2392.jpg,3
2393.jpg,5
2394.jpg,8
2395.jpg,7
2396.jpg,6
2397.jpg,6
2398.jpg,0
2399.jpg,7
2400.jpg,3
2401.jpg,0
2402.jpg,1
2403.jpg,0
2404.jpg,3
2405.jpg,3
2406.jpg,2
2407.jpg,9
2408.jpg,7
2409.jpg,2
2410.jpg,1
2411.jpg,0
2412.jpg,6
2413.jpg,4
2414.jpg,7
2415.jpg,4
2416.jpg,3
2417.jpg,7
2418.jpg,1
2419.jpg,2
2420.jpg,2
2421.jpg,8
2422.jpg,6
2423.jpg,3
2424.jpg,8
2425.jpg,5
2426.jpg,8
2427.jpg,5
2428.jpg,7
2429.jpg,8
2430.jpg,2
2431.jpg,5
2432.jpg,0
2433.jpg,7
2434.jpg,6
2435.jpg,6
2436.jpg,0
2437.jpg,2
2438.jpg,1
2439.jpg,9
2440.jpg,7
2441.jpg,8
2442.jpg,9
2443.jpg,3
2444.jpg,0
2445.jpg,4
2446.jpg,4
2447.jpg,8
2448.jpg,8
2449.jpg,3
2450.jpg,4
2451.jpg,3
2452.jpg,5
2453.jpg,1
2454.jpg,6
2455.jpg,0
2456.jpg,2
2457.jpg,2
2458.jpg,1
2459.jpg,4
2460.jpg,0
2461.jpg,8
2462.jpg,1
2463.jpg,8
2464.jpg,8
2465.jpg,8
2466.jpg,9
2467.jpg,2
2468.jpg,5
2469.jpg,7
2470.jpg,2
2471.jpg,0
2472.jpg,1
2473.jpg,9
2474.jpg,1
2475.jpg,8
2476.jpg,9
2477.jpg,2
2478.jpg,4
2479.jpg,0
2480.jpg,2
2481.jpg,5
2482.jpg,2
2483.jpg,0
2484.jpg,0
2485.jpg,7
2486.jpg,1
2487.jpg,7
2488.jpg,1
2489.jpg,9
2490.jpg,7
2491.jpg,4
2492.jpg,1
2493.jpg,6
2494.jpg,4
2495.jpg,9
2496.jpg,4
2497.jpg,6
2498.jpg,7
2499.jpg,2
2500.jpg,6
2501.jpg,8
2502.jpg,1
2503.jpg,7
2504.jpg,3
2505.jpg,0
2506.jpg,8
2507.jpg,7
2508.jpg,0
2509.jpg,3
2510.jpg,3
2511.jpg,5
2512.jpg,8
2513.jpg,2
2514.jpg,7
2515.jpg,6
2516.jpg,5
2517.jpg,3
2518.jpg,4
2519.jpg,4
2520.jpg,3
2521.jpg,6
2522.jpg,0
2523.jpg,4
2524.jpg,3
2525.jpg,4
2526.jpg,2
2527.jpg,3
2528.jpg,7
2529.jpg,5
2530.jpg,5
2531.jpg,7
2532.jpg,8
2533.jpg,4
2534.jpg,6
2535.jpg,4
2536.jpg,6
2537.jpg,6
2538.jpg,0
2539.jpg,4
2540.jpg,8
2541.jpg,3
2542.jpg,4
2543.jpg,8
2544.jpg,2
2545.jpg,7
2546.jpg,7
2547.jpg,8
2548.jpg,5
2549.jpg,9
2550.jpg,9
2551.jpg,8
2552.jpg,9
2553.jpg,4
2554.jpg,5
2555.jpg,3
2556.jpg,5
2557.jpg,3
2558.jpg,3
2559.jpg,5
2560.jpg,8
2561.jpg,7
2562.jpg,8
2563.jpg,9
2564.jpg,1
2565.jpg,6
2566.jpg,5
2567.jpg,8
2568.jpg,7
2569.jpg,6
2570.jpg,2
2571.jpg,4
2572.jpg,6
2573.jpg,0
2574.jpg,8
2575.jpg,9
2576.jpg,5
2577.jpg,8
2578.jpg,8
2579.jpg,7
2580.jpg,1
2581.jpg,6
2582.jpg,2
2583.jpg,3
2584.jpg,1
2585.jpg,4
2586.jpg,7
2587.jpg,2
2588.jpg,9
2589.jpg,9
2590.jpg,4
2591.jpg,9
2592.jpg,0
2593.jpg,4
2594.jpg,7
2595.jpg,9
2596.jpg,3
2597.jpg,7
2598.jpg,5
2599.jpg,6
2600.jpg,9
2601.jpg,1
2602.jpg,0
2603.jpg,1
2604.jpg,2
2605.jpg,9
2606.jpg,6
2607.jpg,3
2608.jpg,4
2609.jpg,8
2610.jpg,7
2611.jpg,8
2612.jpg,9
2613.jpg,0
2614.jpg,3
2615.jpg,4
2616.jpg,6
2617.jpg,0
2618.jpg,8
2619.jpg,8
2620.jpg,4
2621.jpg,3
2622.jpg,8
2623.jpg,1
2624.jpg,1
2625.jpg,5
2626.jpg,0
2627.jpg,0
2628.jpg,6
2629.jpg,0
2630.jpg,3
2631.jpg,0
2632.jpg,7
2633.jpg,7
2634.jpg,4
2635.jpg,9
2636.jpg,5
2637.jpg,6
2638.jpg,7
2639.jpg,2
2640.jpg,7
2641.jpg,5
2642.jpg,2
2643.jpg,4
2644.jpg,8
2645.jpg,4
2646.jpg,7
2647.jpg,1
2648.jpg,6
2649.jpg,3
2650.jpg,4
2651.jpg,8
2652.jpg,1
2653.jpg,9
2654.jpg,4
2655.jpg,4
2656.jpg,5
2657.jpg,4
2658.jpg,5
2659.jpg,0
2660.jpg,7
2661.jpg,0
2662.jpg,0
2663.jpg,8
2664.jpg,9
2665.jpg,1
2666.jpg,9
2667.jpg,5
2668.jpg,7
2669.jpg,0
2670.jpg,0
2671.jpg,8
2672.jpg,3
2673.jpg,7
2674.jpg,6
2675.jpg,6
2676.jpg,8
2677.jpg,5
2678.jpg,2
2679.jpg,1
2680.jpg,4
2681.jpg,1
2682.jpg,3
2683.jpg,0
2684.jpg,1
2685.jpg,3
2686.jpg,3
2687.jpg,2
2688.jpg,7
2689.jpg,6
2690.jpg,6
2691.jpg,8
2692.jpg,4
2693.jpg,2
2694.jpg,6
2695.jpg,3
2696.jpg,7
2697.jpg,2
2698.jpg,8
2699.jpg,6
2700.jpg,7
2701.jpg,9
2702.jpg,3
2703.jpg,0
2704.jpg,7
2705.jpg,2
2706.jpg,2
2707.jpg,6
2708.jpg,0
2709.jpg,6
2710.jpg,6
2711.jpg,2
2712.jpg,9
2713.jpg,0
2714.jpg,8
2715.jpg,3
2716.jpg,8
2717.jpg,9
2718.jpg,0
2719.jpg,5
2720.jpg,1
2721.jpg,0
2722.jpg,4
2723.jpg,2
2724.jpg,9
2725.jpg,3
2726.jpg,8
2727.jpg,8
2728.jpg,8
2729.jpg,9
2730.jpg,2
2731.jpg,4
2732.jpg,3
2733.jpg,7
2734.jpg,0
2735.jpg,9
2736.jpg,1
2737.jpg,1
2738.jpg,8
2739.jpg,6
2740.jpg,7
2741.jpg,2
2742.jpg,9
2743.jpg,1
2744.jpg,0
2745.jpg,9
2746.jpg,6
2747.jpg,5
2748.jpg,8
2749.jpg,1
2750.jpg,7
2751.jpg,5
2752.jpg,6
2753.jpg,5
2754.jpg,4
2755.jpg,9
2756.jpg,4
2757.jpg,4
2758.jpg,5
2759.jpg,6
2760.jpg,8
2761.jpg,0
2762.jpg,6
2763.jpg,2
2764.jpg,5
2765.jpg,8
2766.jpg,9
2767.jpg,8
2768.jpg,6
2769.jpg,5
2770.jpg,5
2771.jpg,1
2772.jpg,6
2773.jpg,5
2774.jpg,3
2775.jpg,0
2776.jpg,4
2777.jpg,8
2778.jpg,9
2779.jpg,7
2780.jpg,5
2781.jpg,6
2782.jpg,5
2783.jpg,8
2784.jpg,4
2785.jpg,5
2786.jpg,4
2787.jpg,1
2788.jpg,5
2789.jpg,4
2790.jpg,0
2791.jpg,2
2792.jpg,2
2793.jpg,6
2794.jpg,3
2795.jpg,5
2796.jpg,5
2797.jpg,4
2798.jpg,5
2799.jpg,4
2800.jpg,8
2801.jpg,5
2802.jpg,6
2803.jpg,4
2804.jpg,5
2805.jpg,5
2806.jpg,1
2807.jpg,2
2808.jpg,3
2809.jpg,2
2810.jpg,9
2811.jpg,1
2812.jpg,6
2813.jpg,3
2814.jpg,8
2815.jpg,7
2816.jpg,2
2817.jpg,5
2818.jpg,4
2819.jpg,8
2820.jpg,9
2821.jpg,5
2822.jpg,4
2823.jpg,8
2824.jpg,5
2825.jpg,3
2826.jpg,3
2827.jpg,1
2828.jpg,6
2829.jpg,2
2830.jpg,0
2831.jpg,0
2832.jpg,8
2833.jpg,5
2834.jpg,8
2835.jpg,5
2836.jpg,8
2837.jpg,1
2838.jpg,9
2839.jpg,0
2840.jpg,8
2841.jpg,9
2842.jpg,4
2843.jpg,3
2844.jpg,3
2845.jpg,5
2846.jpg,3
2847.jpg,1
2848.jpg,9
2849.jpg,5
2850.jpg,2
2851.jpg,9
2852.jpg,8
2853.jpg,6
2854.jpg,4
2855.jpg,6
2856.jpg,6
2857.jpg,0
2858.jpg,2
2859.jpg,6
2860.jpg,1
2861.jpg,8
2862.jpg,5
2863.jpg,5
2864.jpg,5
2865.jpg,8
2866.jpg,6
2867.jpg,4
2868.jpg,6
2869.jpg,6
2870.jpg,0
2871.jpg,6
2872.jpg,8
2873.jpg,0
2874.jpg,0
2875.jpg,7
2876.jpg,8
2877.jpg,5
2878.jpg,9
2879.jpg,9
2880.jpg,6
2881.jpg,3
2882.jpg,4
2883.jpg,1
2884.jpg,0
2885.jpg,0
2886.jpg,1
2887.jpg,8
2888.jpg,7
2889.jpg,5
2890.jpg,4
2891.jpg,5
2892.jpg,4
2893.jpg,4
2894.jpg,6
2895.jpg,5
2896.jpg,8
2897.jpg,8
2898.jpg,7
2899.jpg,2
2900.jpg,5
2901.jpg,4
2902.jpg,9
2903.jpg,0
2904.jpg,6
2905.jpg,0
2906.jpg,5
2907.jpg,6
2908.jpg,2
2909.jpg,4
2910.jpg,5
2911.jpg,7
2912.jpg,5
2913.jpg,1
2914.jpg,3
2915.jpg,8
2916.jpg,2
2917.jpg,3
2918.jpg,6
2919.jpg,5
2920.jpg,7
2921.jpg,9
2922.jpg,6
2923.jpg,3
2924.jpg,5
2925.jpg,9
2926.jpg,5
2927.jpg,8
2928.jpg,4
2929.jpg,4
2930.jpg,4
2931.jpg,0
2932.jpg,7
2933.jpg,8
2934.jpg,0
2935.jpg,5
2936.jpg,3
2937.jpg,1
2938.jpg,3
2939.jpg,3
2940.jpg,9
2941.jpg,1
2942.jpg,5
2943.jpg,2
2944.jpg,5
2945.jpg,9
2946.jpg,5
2947.jpg,4
2948.jpg,7
2949.jpg,6
2950.jpg,5
2951.jpg,2
2952.jpg,9
2953.jpg,6
2954.jpg,0
2955.jpg,8
2956.jpg,2
2957.jpg,5
2958.jpg,6
2959.jpg,1
2960.jpg,4
2961.jpg,4
2962.jpg,9
2963.jpg,3
2964.jpg,9
2965.jpg,9
2966.jpg,6
2967.jpg,0
2968.jpg,0
2969.jpg,4
2970.jpg,6
2971.jpg,0
2972.jpg,2
2973.jpg,7
2974.jpg,8
2975.jpg,6
2976.jpg,5
2977.jpg,8
2978.jpg,5
2979.jpg,1
2980.jpg,3
2981.jpg,2
2982.jpg,3
2983.jpg,1
2984.jpg,9
2985.jpg,6
2986.jpg,3
2987.jpg,8
2988.jpg,1
2989.jpg,4
2990.jpg,0
2991.jpg,2
2992.jpg,7
2993.jpg,6
2994.jpg,1
2995.jpg,7
2996.jpg,2
2997.jpg,4
2998.jpg,3
2999.jpg,5
3000.jpg,0
3001.jpg,5
3002.jpg,4
3003.jpg,0
3004.jpg,4
3005.jpg,8
3006.jpg,5
3007.jpg,3
3008.jpg,3
3009.jpg,7
3010.jpg,9
3011.jpg,0
3012.jpg,6
3013.jpg,4
3014.jpg,8
3015.jpg,4
3016.jpg,4
3017.jpg,5
3018.jpg,6
3019.jpg,7
3020.jpg,4
3021.jpg,2
3022.jpg,8
3023.jpg,2
3024.jpg,9
3025.jpg,9
3026.jpg,7
3027.jpg,4
3028.jpg,9
3029.jpg,8
3030.jpg,2
3031.jpg,3
3032.jpg,2
3033.jpg,3
3034.jpg,1
3035.jpg,5
3036.jpg,7
3037.jpg,4
3038.jpg,4
3039.jpg,5
3040.jpg,7
3041.jpg,3
3042.jpg,2
3043.jpg,3
3044.jpg,6
3045.jpg,7
3046.jpg,7
3047.jpg,2
3048.jpg,7
3049.jpg,3
3050.jpg,1
3051.jpg,2
3052.jpg,0
3053.jpg,9
3054.jpg,2
3055.jpg,8
3056.jpg,5
3057.jpg,4
3058.jpg,0
3059.jpg,1
3060.jpg,6
3061.jpg,8
3062.jpg,0
3063.jpg,1
3064.jpg,5
3065.jpg,6
3066.jpg,4
3067.jpg,5
3068.jpg,4
3069.jpg,6
3070.jpg,4
3071.jpg,7
3072.jpg,8
3073.jpg,4
3074.jpg,7
3075.jpg,9
3076.jpg,0
3077.jpg,9
3078.jpg,8
3079.jpg,5
3080.jpg,4
3081.jpg,2
3082.jpg,7
3083.jpg,2
3084.jpg,2
3085.jpg,1
3086.jpg,6
3087.jpg,0
3088.jpg,9
3089.jpg,9
3090.jpg,2
3091.jpg,6
3092.jpg,3
3093.jpg,8
3094.jpg,4
3095.jpg,4
3096.jpg,7
3097.jpg,1
3098.jpg,3
3099.jpg,4
3100.jpg,3
3101.jpg,3
3102.jpg,7
3103.jpg,2
3104.jpg,8
3105.jpg,1
3106.jpg,7
3107.jpg,2
3108.jpg,2
3109.jpg,8
3110.jpg,9
3111.jpg,8
3112.jpg,1
3113.jpg,3
3114.jpg,1
3115.jpg,4
3116.jpg,5
3117.jpg,0
3118.jpg,1
3119.jpg,8
3120.jpg,7
3121.jpg,2
3122.jpg,1
3123.jpg,6
3124.jpg,8
3125.jpg,5
3126.jpg,1
3127.jpg,0
3128.jpg,0
3129.jpg,4
3130.jpg,0
3131.jpg,3
3132.jpg,3
3133.jpg,3
3134.jpg,2
3135.jpg,2
3136.jpg,5
3137.jpg,2
3138.jpg,5
3139.jpg,7
3140.jpg,4
3141.jpg,6
3142.jpg,5
3143.jpg,8
3144.jpg,9
3145.jpg,8
3146.jpg,0
3147.jpg,9
3148.jpg,0
3149.jpg,9
3150.jpg,7
3151.jpg,7
3152.jpg,2
3153.jpg,0
3154.jpg,5
3155.jpg,7
3156.jpg,8
3157.jpg,9
3158.jpg,8
3159.jpg,3
3160.jpg,0
3161.jpg,5
3162.jpg,0
3163.jpg,5
3164.jpg,1
3165.jpg,8
3166.jpg,5
3167.jpg,4
3168.jpg,3
3169.jpg,3
3170.jpg,2
3171.jpg,4
3172.jpg,5
3173.jpg,6
3174.jpg,7
3175.jpg,2
3176.jpg,7
3177.jpg,3
3178.jpg,6
3179.jpg,0
3180.jpg,4
3181.jpg,1
3182.jpg,9
3183.jpg,2
3184.jpg,8
3185.jpg,4
3186.jpg,0
3187.jpg,4
3188.jpg,1
3189.jpg,7
3190.jpg,8
3191.jpg,7
3192.jpg,6
3193.jpg,5
3194.jpg,1
3195.jpg,8
3196.jpg,1
3197.jpg,4
3198.jpg,1
3199.jpg,5
3200.jpg,9
3201.jpg,6
3202.jpg,0
3203.jpg,7
3204.jpg,2
3205.jpg,2
3206.jpg,1
3207.jpg,1
3208.jpg,9
3209.jpg,4
3210.jpg,3
3211.jpg,3
3212.jpg,6
3213.jpg,6
3214.jpg,0
3215.jpg,4
3216.jpg,6
3217.jpg,1
3218.jpg,2
3219.jpg,9
3220.jpg,7
3221.jpg,4
3222.jpg,4
3223.jpg,4
3224.jpg,9
3225.jpg,8
3226.jpg,4
3227.jpg,8
3228.jpg,1
3229.jpg,0
3230.jpg,1
3231.jpg,8
3232.jpg,4
3233.jpg,2
3234.jpg,2
3235.jpg,0
3236.jpg,3
3237.jpg,1
3238.jpg,3
3239.jpg,4
3240.jpg,8
3241.jpg,1
3242.jpg,0
3243.jpg,0
3244.jpg,6
3245.jpg,4
3246.jpg,5
3247.jpg,6
3248.jpg,9
3249.jpg,0
3250.jpg,1
3251.jpg,6
3252.jpg,1
3253.jpg,4
3254.jpg,7
3255.jpg,0
3256.jpg,6
3257.jpg,1
3258.jpg,0
3259.jpg,5
3260.jpg,6
3261.jpg,1
3262.jpg,3
3263.jpg,2
3264.jpg,8
3265.jpg,7
3266.jpg,4
3267.jpg,3
3268.jpg,0
3269.jpg,5
3270.jpg,2
3271.jpg,1
3272.jpg,4
3273.jpg,4
3274.jpg,6
3275.jpg,3
3276.jpg,2
3277.jpg,2
3278.jpg,6
3279.jpg,4
3280.jpg,3
3281.jpg,9
3282.jpg,2
3283.jpg,5
3284.jpg,9
3285.jpg,1
3286.jpg,2
3287.jpg,8
3288.jpg,4
3289.jpg,5
3290.jpg,4
3291.jpg,2
3292.jpg,1
3293.jpg,2
3294.jpg,5
3295.jpg,5
3296.jpg,4
3297.jpg,5
3298.jpg,6
3299.jpg,7
3300.jpg,2
3301.jpg,3
3302.jpg,4
3303.jpg,2
3304.jpg,5
3305.jpg,1
3306.jpg,5
3307.jpg,1
3308.jpg,7
3309.jpg,6
3310.jpg,2
3311.jpg,5
3312.jpg,4
3313.jpg,5
3314.jpg,1
3315.jpg,0
3316.jpg,9
3317.jpg,8
3318.jpg,3
3319.jpg,5
3320.jpg,5
3321.jpg,1
3322.jpg,8
3323.jpg,2
3324.jpg,7
3325.jpg,0
3326.jpg,9
3327.jpg,1
3328.jpg,0
3329.jpg,3
3330.jpg,7
3331.jpg,5
3332.jpg,6
3333.jpg,5
3334.jpg,4
3335.jpg,8
3336.jpg,0
3337.jpg,3
3338.jpg,5
3339.jpg,0
3340.jpg,7
3341.jpg,7
3342.jpg,4
3343.jpg,7
3344.jpg,9
3345.jpg,3
3346.jpg,3
3347.jpg,0
3348.jpg,7
3349.jpg,7
3350.jpg,2
3351.jpg,1
3352.jpg,4
3353.jpg,3
3354.jpg,5
3355.jpg,3
3356.jpg,8
3357.jpg,4
3358.jpg,3
3359.jpg,4
3360.jpg,0
3361.jpg,2
3362.jpg,9
3363.jpg,0
3364.jpg,6
3365.jpg,4
3366.jpg,6
3367.jpg,6
3368.jpg,0
3369.jpg,4
3370.jpg,4
3371.jpg,3
3372.jpg,8
3373.jpg,4
3374.jpg,7
3375.jpg,3
3376.jpg,9
3377.jpg,2
3378.jpg,4
3379.jpg,2
3380.jpg,0
3381.jpg,6
3382.jpg,7
3383.jpg,4
3384.jpg,8
3385.jpg,8
3386.jpg,0
3387.jpg,3
3388.jpg,7
3389.jpg,7
3390.jpg,1
3391.jpg,9
3392.jpg,1
3393.jpg,3
3394.jpg,5
3395.jpg,2
3396.jpg,2
3397.jpg,7
3398.jpg,8
3399.jpg,1
3400.jpg,6
3401.jpg,4
3402.jpg,6
3403.jpg,2
3404.jpg,9
3405.jpg,6
3406.jpg,8
3407.jpg,8
3408.jpg,4
3409.jpg,3
3410.jpg,8
3411.jpg,6
3412.jpg,2
3413.jpg,9
3414.jpg,0
3415.jpg,1
3416.jpg,0
3417.jpg,9
3418.jpg,8
3419.jpg,0
3420.jpg,6
3421.jpg,0
3422.jpg,3
3423.jpg,5
3424.jpg,5
3425.jpg,6
3426.jpg,1
3427.jpg,3
3428.jpg,3
3429.jpg,5
3430.jpg,5
3431.jpg,9
3432.jpg,9
3433.jpg,9
3434.jpg,4
3435.jpg,5
3436.jpg,6
3437.jpg,9
3438.jpg,0
3439.jpg,7
3440.jpg,1
3441.jpg,8
3442.jpg,2
3443.jpg,3
3444.jpg,9
3445.jpg,2
3446.jpg,8
3447.jpg,0
3448.jpg,2
3449.jpg,2
3450.jpg,7
3451.jpg,0
3452.jpg,1
3453.jpg,0
3454.jpg,5
3455.jpg,5
3456.jpg,8
3457.jpg,2
3458.jpg,4
3459.jpg,8
3460.jpg,9
3461.jpg,0
3462.jpg,2
3463.jpg,3
3464.jpg,5
3465.jpg,4
3466.jpg,6
3467.jpg,5
3468.jpg,6
3469.jpg,7
3470.jpg,6
3471.jpg,0
3472.jpg,9
3473.jpg,4
3474.jpg,2
3475.jpg,7
3476.jpg,5
3477.jpg,5
3478.jpg,0
3479.jpg,4
3480.jpg,4
3481.jpg,2
3482.jpg,4
3483.jpg,9
3484.jpg,3
3485.jpg,7
3486.jpg,9
3487.jpg,9
3488.jpg,6
3489.jpg,0
3490.jpg,2
3491.jpg,6
3492.jpg,6
3493.jpg,2
3494.jpg,5
3495.jpg,7
3496.jpg,7
3497.jpg,6
3498.jpg,2
3499.jpg,4
3500.jpg,8
3501.jpg,4
3502.jpg,0
3503.jpg,2
3504.jpg,5
3505.jpg,1
3506.jpg,6
3507.jpg,4
3508.jpg,2
3509.jpg,0
3510.jpg,0
3511.jpg,3
3512.jpg,4
3513.jpg,2
3514.jpg,0
3515.jpg,4
3516.jpg,0
3517.jpg,6
3518.jpg,2
3519.jpg,2
3520.jpg,9
3521.jpg,8
3522.jpg,7
3523.jpg,4
3524.jpg,7
3525.jpg,3
3526.jpg,3
3527.jpg,7
3528.jpg,6
3529.jpg,4
3530.jpg,0
3531.jpg,2
3532.jpg,1
3533.jpg,8
3534.jpg,5
3535.jpg,2
3536.jpg,6
3537.jpg,8
3538.jpg,9
3539.jpg,1
3540.jpg,1
3541.jpg,6
3542.jpg,0
3543.jpg,6
3544.jpg,2
3545.jpg,1
3546.jpg,3
3547.jpg,9
3548.jpg,6
3549.jpg,8
3550.jpg,2
3551.jpg,6
3552.jpg,5
3553.jpg,7
3554.jpg,8
3555.jpg,5
3556.jpg,7
3557.jpg,6
3558.jpg,0
3559.jpg,7
3560.jpg,3
3561.jpg,1
3562.jpg,8
3563.jpg,9
3564.jpg,2
3565.jpg,6
3566.jpg,6
3567.jpg,5
3568.jpg,9
3569.jpg,1
3570.jpg,8
3571.jpg,8
3572.jpg,0
3573.jpg,0
3574.jpg,4
3575.jpg,2
3576.jpg,5
3577.jpg,8
3578.jpg,5
3579.jpg,5
3580.jpg,2
3581.jpg,4
3582.jpg,3
3583.jpg,7
3584.jpg,0
3585.jpg,7
3586.jpg,4
3587.jpg,2
3588.jpg,9
3589.jpg,0
3590.jpg,4
3591.jpg,7
3592.jpg,7
3593.jpg,9
3594.jpg,6
3595.jpg,6
3596.jpg,0
3597.jpg,4
3598.jpg,1
3599.jpg,1
3600.jpg,3
3601.jpg,3
3602.jpg,2
3603.jpg,0
3604.jpg,6
3605.jpg,7
3606.jpg,5
3607.jpg,3
3608.jpg,6
3609.jpg,5
3610.jpg,4
3611.jpg,1
3612.jpg,3
3613.jpg,8
3614.jpg,4
3615.jpg,1
3616.jpg,2
3617.jpg,0
3618.jpg,7
3619.jpg,6
3620.jpg,9
3621.jpg,2
3622.jpg,5
3623.jpg,6
3624.jpg,1
3625.jpg,1
3626.jpg,8
3627.jpg,6
3628.jpg,5
3629.jpg,5
3630.jpg,6
3631.jpg,5
3632.jpg,2
3633.jpg,3
3634.jpg,5
3635.jpg,3
3636.jpg,7
3637.jpg,9
3638.jpg,0
3639.jpg,9
3640.jpg,1
3641.jpg,8
3642.jpg,3
3643.jpg,1
3644.jpg,2
3645.jpg,5
3646.jpg,1
3647.jpg,0
3648.jpg,7
3649.jpg,2
3650.jpg,1
3651.jpg,8
3652.jpg,7
3653.jpg,3
3654.jpg,0
3655.jpg,8
3656.jpg,9
3657.jpg,4
3658.jpg,1
3659.jpg,7
3660.jpg,7
3661.jpg,8
3662.jpg,0
3663.jpg,6
3664.jpg,4
3665.jpg,9
3666.jpg,4
3667.jpg,4
3668.jpg,9
3669.jpg,4
3670.jpg,0
3671.jpg,9
3672.jpg,9
3673.jpg,4
3674.jpg,4
3675.jpg,4
3676.jpg,9
3677.jpg,2
3678.jpg,7
3679.jpg,9
3680.jpg,2
3681.jpg,7
3682.jpg,5
3683.jpg,0
3684.jpg,7
3685.jpg,4
3686.jpg,1
3687.jpg,6
3688.jpg,4
3689.jpg,7
3690.jpg,6
3691.jpg,3
3692.jpg,4
3693.jpg,1
3694.jpg,0
3695.jpg,8
3696.jpg,6
3697.jpg,4
3698.jpg,7
3699.jpg,2
3700.jpg,0
3701.jpg,6
3702.jpg,5
3703.jpg,4
3704.jpg,6
3705.jpg,1
3706.jpg,5
3707.jpg,5
3708.jpg,2
3709.jpg,3
3710.jpg,5
3711.jpg,0
3712.jpg,7
3713.jpg,8
3714.jpg,3
3715.jpg,6
3716.jpg,8
3717.jpg,3
3718.jpg,1
3719.jpg,4
3720.jpg,5
3721.jpg,3
3722.jpg,7
3723.jpg,5
3724.jpg,1
3725.jpg,4
3726.jpg,6
3727.jpg,7
3728.jpg,0
3729.jpg,9
3730.jpg,2
3731.jpg,6
3732.jpg,0
3733.jpg,6
3734.jpg,1
3735.jpg,4
3736.jpg,9
3737.jpg,5
3738.jpg,6
3739.jpg,9
3740.jpg,4
3741.jpg,2
3742.jpg,1
3743.jpg,4
3744.jpg,4
3745.jpg,1
3746.jpg,9
3747.jpg,5
3748.jpg,1
3749.jpg,4
3750.jpg,0
3751.jpg,1
3752.jpg,8
3753.jpg,4
3754.jpg,1
3755.jpg,7
3756.jpg,8
3757.jpg,5
3758.jpg,6
3759.jpg,6
3760.jpg,8
3761.jpg,8
3762.jpg,1
3763.jpg,7
3764.jpg,0
3765.jpg,5
3766.jpg,9
3767.jpg,0
3768.jpg,5
3769.jpg,6
3770.jpg,0
3771.jpg,2
3772.jpg,1
3773.jpg,7
3774.jpg,9
3775.jpg,7
3776.jpg,2
3777.jpg,2
3778.jpg,9
3779.jpg,3
3780.jpg,0
3781.jpg,0
3782.jpg,9
3783.jpg,8
3784.jpg,9
3785.jpg,6
3786.jpg,9
3787.jpg,6
3788.jpg,3
3789.jpg,3
3790.jpg,9
3791.jpg,6
3792.jpg,2
3793.jpg,2
3794.jpg,9
3795.jpg,5
3796.jpg,4
3797.jpg,0
3798.jpg,4
3799.jpg,6
3800.jpg,5
3801.jpg,3
3802.jpg,8
3803.jpg,4
3804.jpg,7
3805.jpg,7
3806.jpg,9
3807.jpg,4
3808.jpg,1
3809.jpg,9
3810.jpg,3
3811.jpg,2
3812.jpg,6
3813.jpg,9
3814.jpg,3
3815.jpg,8
3816.jpg,4
3817.jpg,8
3818.jpg,5
3819.jpg,0
3820.jpg,5
3821.jpg,7
3822.jpg,2
3823.jpg,4
3824.jpg,6
3825.jpg,7
3826.jpg,4
3827.jpg,4
3828.jpg,3
3829.jpg,2
3830.jpg,9
3831.jpg,0
3832.jpg,1
3833.jpg,3
3834.jpg,2
3835.jpg,5
3836.jpg,2
3837.jpg,5
3838.jpg,1
3839.jpg,9
3840.jpg,8
3841.jpg,3
3842.jpg,2
3843.jpg,7
3844.jpg,7
3845.jpg,1
3846.jpg,2
3847.jpg,1
3848.jpg,6
3849.jpg,2
3850.jpg,7
3851.jpg,2
3852.jpg,8
3853.jpg,5
3854.jpg,2
3855.jpg,7
3856.jpg,9
3857.jpg,0
3858.jpg,9
3859.jpg,1
3860.jpg,7
3861.jpg,8
3862.jpg,4
3863.jpg,4
3864.jpg,0
3865.jpg,9
3866.jpg,1
3867.jpg,0
3868.jpg,9
3869.jpg,8
3870.jpg,1
3871.jpg,2
3872.jpg,4
3873.jpg,5
3874.jpg,3
3875.jpg,5
3876.jpg,3
3877.jpg,7
3878.jpg,5
3879.jpg,3
3880.jpg,3
3881.jpg,2
3882.jpg,3
3883.jpg,6
3884.jpg,7
3885.jpg,6
3886.jpg,9
3887.jpg,9
3888.jpg,8
3889.jpg,5
3890.jpg,2
3891.jpg,5
3892.jpg,8
3893.jpg,9
3894.jpg,3
3895.jpg,0
3896.jpg,9
3897.jpg,1
3898.jpg,9
3899.jpg,2
3900.jpg,9
3901.jpg,2
3902.jpg,7
3903.jpg,3
3904.jpg,7
3905.jpg,0
3906.jpg,4
3907.jpg,1
3908.jpg,7
3909.jpg,9
3910.jpg,1
3911.jpg,2
3912.jpg,5
3913.jpg,9
3914.jpg,3
3915.jpg,3
3916.jpg,3
3917.jpg,3
3918.jpg,5
3919.jpg,0
3920.jpg,4
3921.jpg,7
3922.jpg,0
3923.jpg,0
3924.jpg,6
3925.jpg,3
3926.jpg,0
3927.jpg,5
3928.jpg,9
3929.jpg,2
3930.jpg,9
3931.jpg,5
3932.jpg,2
3933.jpg,0
3934.jpg,0
3935.jpg,7
3936.jpg,7
3937.jpg,9
3938.jpg,6
3939.jpg,1
3940.jpg,3
3941.jpg,1
3942.jpg,8
3943.jpg,0
3944.jpg,3
3945.jpg,7
3946.jpg,8
3947.jpg,4
3948.jpg,6
3949.jpg,7
3950.jpg,0
3951.jpg,1
3952.jpg,3
3953.jpg,6
3954.jpg,8
3955.jpg,3
3956.jpg,3
3957.jpg,5
3958.jpg,9
3959.jpg,4
3960.jpg,0
3961.jpg,4
3962.jpg,5
3963.jpg,1
3964.jpg,3
3965.jpg,5
3966.jpg,9
3967.jpg,6
3968.jpg,7
3969.jpg,8
3970.jpg,1
3971.jpg,4
3972.jpg,3
3973.jpg,6
3974.jpg,1
3975.jpg,0
3976.jpg,3
3977.jpg,2
3978.jpg,3
3979.jpg,4
3980.jpg,3
3981.jpg,7
3982.jpg,9
3983.jpg,0
3984.jpg,2
3985.jpg,1
3986.jpg,5
3987.jpg,2
3988.jpg,6
3989.jpg,5
3990.jpg,6
3991.jpg,9
3992.jpg,8
3993.jpg,4
3994.jpg,9
3995.jpg,7
3996.jpg,0
3997.jpg,5
3998.jpg,4
3999.jpg,0
4000.jpg,3
4001.jpg,8
4002.jpg,0
4003.jpg,5
4004.jpg,8
4005.jpg,3
4006.jpg,9
4007.jpg,5
4008.jpg,5
4009.jpg,0
4010.jpg,7
4011.jpg,3
4012.jpg,0
4013.jpg,6
4014.jpg,3
4015.jpg,7
4016.jpg,3
4017.jpg,0
4018.jpg,0
4019.jpg,0
4020.jpg,6
4021.jpg,8
4022.jpg,0
4023.jpg,2
4024.jpg,9
4025.jpg,7
4026.jpg,0
4027.jpg,5
4028.jpg,6
4029.jpg,3
4030.jpg,8
4031.jpg,6
4032.jpg,0
4033.jpg,6
4034.jpg,9
4035.jpg,6
4036.jpg,0
4037.jpg,0
4038.jpg,4
4039.jpg,6
4040.jpg,0
4041.jpg,8
4042.jpg,3
4043.jpg,1
4044.jpg,7
4045.jpg,6
4046.jpg,7
4047.jpg,3
4048.jpg,5
4049.jpg,9
4050.jpg,2
4051.jpg,4
4052.jpg,1
4053.jpg,2
4054.jpg,5
4055.jpg,3
4056.jpg,6
4057.jpg,5
4058.jpg,6
4059.jpg,5
4060.jpg,4
4061.jpg,3
4062.jpg,2
4063.jpg,1
4064.jpg,1
4065.jpg,1
4066.jpg,1
4067.jpg,7
4068.jpg,1
4069.jpg,1
4070.jpg,0
4071.jpg,2
4072.jpg,9
4073.jpg,9
4074.jpg,5
4075.jpg,6
4076.jpg,6
4077.jpg,9
4078.jpg,9
4079.jpg,2
4080.jpg,1
4081.jpg,1
4082.jpg,4
4083.jpg,0
4084.jpg,5
4085.jpg,9
4086.jpg,2
4087.jpg,4
4088.jpg,2
4089.jpg,8
4090.jpg,1
4091.jpg,6
4092.jpg,6
4093.jpg,8
4094.jpg,8
4095.jpg,5
4096.jpg,8
4097.jpg,1
4098.jpg,8
4099.jpg,3
4100.jpg,8
4101.jpg,0
4102.jpg,2
4103.jpg,4
4104.jpg,8
4105.jpg,5
4106.jpg,0
4107.jpg,7
4108.jpg,1
4109.jpg,0
4110.jpg,9
4111.jpg,5
4112.jpg,5
4113.jpg,7
4114.jpg,4
4115.jpg,2
4116.jpg,3
4117.jpg,5
4118.jpg,1
4119.jpg,4
4120.jpg,8
4121.jpg,0
4122.jpg,5
4123.jpg,0
4124.jpg,2
4125.jpg,0
4126.jpg,7
4127.jpg,4
4128.jpg,1
4129.jpg,9
4130.jpg,2
4131.jpg,0
4132.jpg,5
4133.jpg,5
4134.jpg,9
4135.jpg,8
4136.jpg,3
4137.jpg,8
4138.jpg,1
4139.jpg,6
4140.jpg,8
4141.jpg,6
4142.jpg,6
4143.jpg,6
4144.jpg,4
4145.jpg,1
4146.jpg,3
4147.jpg,9
4148.jpg,6
4149.jpg,2
4150.jpg,0
4151.jpg,7
4152.jpg,8
4153.jpg,1
4154.jpg,9
4155.jpg,3
4156.jpg,6
4157.jpg,6
4158.jpg,9
4159.jpg,3
4160.jpg,3
4161.jpg,7
4162.jpg,1
4163.jpg,1
4164.jpg,1
4165.jpg,7
4166.jpg,2
4167.jpg,4
4168.jpg,0
4169.jpg,4
4170.jpg,3
4171.jpg,8
4172.jpg,3
4173.jpg,0
4174.jpg,4
4175.jpg,9
4176.jpg,1
4177.jpg,9
4178.jpg,2
4179.jpg,1
4180.jpg,5
4181.jpg,2
4182.jpg,4
4183.jpg,5
4184.jpg,3
4185.jpg,3
4186.jpg,5
4187.jpg,2
4188.jpg,5
4189.jpg,0
4190.jpg,0
4191.jpg,7
4192.jpg,5
4193.jpg,4
4194.jpg,1
4195.jpg,6
4196.jpg,2
4197.jpg,3
4198.jpg,8
4199.jpg,3
4200.jpg,2
4201.jpg,0
4202.jpg,1
4203.jpg,2
4204.jpg,3
4205.jpg,9
4206.jpg,1
4207.jpg,5
4208.jpg,8
4209.jpg,6
4210.jpg,8
4211.jpg,6
4212.jpg,8
4213.jpg,4
4214.jpg,9
4215.jpg,4
4216.jpg,5
4217.jpg,4
4218.jpg,2
4219.jpg,2
4220.jpg,5
4221.jpg,5
4222.jpg,2
4223.jpg,9
4224.jpg,8
4225.jpg,3
4226.jpg,7
4227.jpg,4
4228.jpg,7
4229.jpg,4
4230.jpg,6
4231.jpg,0
4232.jpg,9
4233.jpg,1
4234.jpg,0
4235.jpg,0
4236.jpg,3
4237.jpg,5
4238.jpg,1
4239.jpg,7
4240.jpg,7
4241.jpg,7
4242.jpg,6
4243.jpg,3
4244.jpg,3
4245.jpg,6
4246.jpg,1
4247.jpg,4
4248.jpg,8
4249.jpg,1
4250.jpg,0
4251.jpg,9
4252.jpg,5
4253.jpg,7
4254.jpg,2
4255.jpg,4
4256.jpg,2
4257.jpg,7
4258.jpg,1
4259.jpg,0
4260.jpg,7
4261.jpg,4
4262.jpg,2
4263.jpg,1
4264.jpg,6
4265.jpg,6
4266.jpg,2
4267.jpg,4
4268.jpg,2
4269.jpg,1
4270.jpg,0
4271.jpg,9
4272.jpg,6
4273.jpg,7
4274.jpg,8
4275.jpg,7
4276.jpg,8
4277.jpg,7
4278.jpg,1
4279.jpg,0
4280.jpg,0
4281.jpg,3
4282.jpg,7
4283.jpg,0
4284.jpg,8
4285.jpg,9
4286.jpg,6
4287.jpg,1
4288.jpg,6
4289.jpg,0
4290.jpg,9
4291.jpg,7
4292.jpg,8
4293.jpg,2
4294.jpg,3
4295.jpg,8
4296.jpg,8
4297.jpg,3
4298.jpg,4
4299.jpg,5
4300.jpg,1
4301.jpg,1
4302.jpg,5
4303.jpg,5
4304.jpg,6
4305.jpg,2
4306.jpg,4
4307.jpg,2
4308.jpg,7
4309.jpg,9
4310.jpg,8
4311.jpg,6
4312.jpg,5
4313.jpg,0
4314.jpg,9
4315.jpg,8
4316.jpg,4
4317.jpg,3
4318.jpg,0
4319.jpg,8
4320.jpg,2
4321.jpg,0
4322.jpg,6
4323.jpg,5
4324.jpg,6
4325.jpg,2
4326.jpg,6
4327.jpg,1
4328.jpg,4
4329.jpg,7
4330.jpg,3
4331.jpg,4
4332.jpg,7
4333.jpg,8
4334.jpg,3
4335.jpg,7
4336.jpg,1
4337.jpg,4
4338.jpg,6
4339.jpg,7
4340.jpg,2
4341.jpg,0
4342.jpg,8
4343.jpg,4
4344.jpg,4
4345.jpg,3
4346.jpg,2
4347.jpg,1
4348.jpg,9
4349.jpg,1
4350.jpg,4
4351.jpg,8
4352.jpg,4
4353.jpg,5
4354.jpg,3
4355.jpg,9
4356.jpg,7
4357.jpg,7
4358.jpg,1
4359.jpg,8
4360.jpg,3
4361.jpg,3
4362.jpg,6
4363.jpg,2
4364.jpg,1
4365.jpg,4
4366.jpg,9
4367.jpg,7
4368.jpg,6
4369.jpg,8
4370.jpg,9
4371.jpg,8
4372.jpg,7
4373.jpg,2
4374.jpg,5
4375.jpg,1
4376.jpg,1
4377.jpg,2
4378.jpg,7
4379.jpg,3
4380.jpg,7
4381.jpg,0
4382.jpg,5
4383.jpg,5
4384.jpg,4
4385.jpg,1
4386.jpg,9
4387.jpg,8
4388.jpg,6
4389.jpg,5
4390.jpg,9
4391.jpg,5
4392.jpg,7
4393.jpg,2
4394.jpg,6
4395.jpg,9
4396.jpg,2
4397.jpg,3
4398.jpg,2
4399.jpg,9
4400.jpg,1
4401.jpg,7
4402.jpg,9
4403.jpg,5
4404.jpg,8
4405.jpg,8
4406.jpg,4
4407.jpg,3
4408.jpg,2
4409.jpg,9
4410.jpg,4
4411.jpg,5
4412.jpg,7
4413.jpg,2
4414.jpg,2
4415.jpg,6
4416.jpg,1
4417.jpg,0
4418.jpg,4
4419.jpg,8
4420.jpg,1
4421.jpg,0
4422.jpg,6
4423.jpg,9
4424.jpg,5
4425.jpg,4
4426.jpg,1
4427.jpg,9
4428.jpg,7
4429.jpg,1
4430.jpg,6
4431.jpg,4
4432.jpg,6
4433.jpg,2
4434.jpg,0
4435.jpg,9
4436.jpg,5
4437.jpg,3
4438.jpg,7
4439.jpg,3
4440.jpg,7
4441.jpg,8
4442.jpg,1
4443.jpg,6
4444.jpg,5
4445.jpg,1
4446.jpg,7
4447.jpg,6
4448.jpg,0
4449.jpg,2
4450.jpg,4
4451.jpg,5
4452.jpg,3
4453.jpg,1
4454.jpg,0
4455.jpg,8
4456.jpg,9
4457.jpg,2
4458.jpg,5
4459.jpg,0
4460.jpg,0
4461.jpg,3
4462.jpg,8
4463.jpg,2
4464.jpg,4
4465.jpg,3
4466.jpg,2
4467.jpg,6
4468.jpg,8
4469.jpg,7
4470.jpg,7
4471.jpg,8
4472.jpg,5
4473.jpg,8
4474.jpg,9
4475.jpg,9
4476.jpg,5
4477.jpg,4
4478.jpg,5
4479.jpg,3
4480.jpg,9
4481.jpg,9
4482.jpg,2
4483.jpg,9
4484.jpg,1
4485.jpg,9
4486.jpg,3
4487.jpg,7
4488.jpg,2
4489.jpg,1
4490.jpg,3
4491.jpg,8
4492.jpg,3
4493.jpg,1
4494.jpg,5
4495.jpg,2
4496.jpg,3
4497.jpg,2
4498.jpg,3
4499.jpg,2
4500.jpg,0
4501.jpg,3
4502.jpg,9
4503.jpg,2
4504.jpg,4
4505.jpg,6
4506.jpg,7
4507.jpg,9
4508.jpg,2
4509.jpg,7
4510.jpg,3
4511.jpg,7
4512.jpg,5
4513.jpg,2
4514.jpg,8
4515.jpg,9
4516.jpg,5
4517.jpg,3
4518.jpg,7
4519.jpg,1
4520.jpg,7
4521.jpg,8
4522.jpg,8
4523.jpg,8
4524.jpg,5
4525.jpg,9
4526.jpg,9
4527.jpg,8
4528.jpg,7
4529.jpg,2
4530.jpg,1
4531.jpg,5
4532.jpg,9
4533.jpg,1
4534.jpg,5
4535.jpg,9
4536.jpg,3
4537.jpg,0
4538.jpg,9
4539.jpg,6
4540.jpg,1
4541.jpg,5
4542.jpg,6
4543.jpg,6
4544.jpg,7
4545.jpg,3
4546.jpg,8
4547.jpg,0
4548.jpg,1
4549.jpg,9
4550.jpg,6
4551.jpg,5
4552.jpg,6
4553.jpg,2
4554.jpg,1
4555.jpg,2
4556.jpg,4
4557.jpg,9
4558.jpg,0
4559.jpg,7
4560.jpg,8
4561.jpg,4
4562.jpg,4
4563.jpg,6
4564.jpg,6
4565.jpg,5
4566.jpg,2
4567.jpg,0
4568.jpg,0
4569.jpg,7
4570.jpg,4
4571.jpg,1
4572.jpg,9
4573.jpg,9
4574.jpg,4
4575.jpg,4
4576.jpg,8
4577.jpg,8
4578.jpg,0
4579.jpg,3
4580.jpg,2
4581.jpg,3
4582.jpg,8
4583.jpg,7
4584.jpg,7
4585.jpg,4
4586.jpg,9
4587.jpg,9
4588.jpg,1
4589.jpg,4
4590.jpg,3
4591.jpg,7
4592.jpg,7
4593.jpg,3
4594.jpg,6
4595.jpg,1
4596.jpg,1
4597.jpg,2
4598.jpg,1
4599.jpg,7
4600.jpg,2
4601.jpg,0
4602.jpg,6
4603.jpg,6
4604.jpg,4
4605.jpg,7
4606.jpg,3
4607.jpg,0
4608.jpg,2
4609.jpg,2
4610.jpg,8
4611.jpg,2
4612.jpg,6
4613.jpg,7
4614.jpg,2
4615.jpg,8
4616.jpg,1
4617.jpg,4
4618.jpg,1
4619.jpg,8
4620.jpg,2
4621.jpg,6
4622.jpg,9
4623.jpg,3
4624.jpg,2
4625.jpg,9
4626.jpg,5
4627.jpg,0
4628.jpg,9
4629.jpg,1
4630.jpg,2
4631.jpg,7
4632.jpg,6
4633.jpg,9
4634.jpg,5
4635.jpg,5
4636.jpg,8
4637.jpg,1
4638.jpg,4
4639.jpg,2
4640.jpg,9
4641.jpg,8
4642.jpg,4
4643.jpg,6
4644.jpg,6
4645.jpg,9
4646.jpg,0
4647.jpg,3
4648.jpg,7
4649.jpg,3
4650.jpg,3
4651.jpg,2
4652.jpg,6
4653.jpg,2
4654.jpg,2
4655.jpg,8
4656.jpg,8
4657.jpg,8
4658.jpg,3
4659.jpg,5
4660.jpg,5
4661.jpg,3
4662.jpg,6
4663.jpg,2
4664.jpg,0
4665.jpg,9
4666.jpg,9
4667.jpg,9
4668.jpg,4
4669.jpg,2
4670.jpg,4
4671.jpg,4
4672.jpg,7
4673.jpg,1
4674.jpg,6
4675.jpg,1
4676.jpg,0
4677.jpg,8
4678.jpg,6
4679.jpg,6
4680.jpg,4
4681.jpg,8
4682.jpg,3
4683.jpg,8
4684.jpg,6
4685.jpg,2
4686.jpg,6
4687.jpg,5
4688.jpg,7
4689.jpg,3
4690.jpg,1
4691.jpg,8
4692.jpg,4
4693.jpg,0
4694.jpg,6
4695.jpg,8
4696.jpg,6
4697.jpg,1
4698.jpg,2
4699.jpg,4
4700.jpg,1
4701.jpg,1
4702.jpg,5
4703.jpg,3
4704.jpg,5
4705.jpg,0
4706.jpg,6
4707.jpg,7
4708.jpg,7
4709.jpg,7
4710.jpg,3
4711.jpg,0
4712.jpg,8
4713.jpg,9
4714.jpg,3
4715.jpg,0
4716.jpg,6
4717.jpg,7
4718.jpg,8
4719.jpg,7
4720.jpg,1
4721.jpg,1
4722.jpg,0
4723.jpg,1
4724.jpg,0
4725.jpg,6
4726.jpg,9
4727.jpg,4
4728.jpg,5
4729.jpg,2
4730.jpg,9
4731.jpg,9
4732.jpg,5
4733.jpg,7
4734.jpg,2
4735.jpg,2
4736.jpg,5
4737.jpg,4
4738.jpg,5
4739.jpg,5
4740.jpg,6
4741.jpg,3
4742.jpg,3
4743.jpg,8
4744.jpg,4
4745.jpg,0
4746.jpg,0
4747.jpg,2
4748.jpg,0
4749.jpg,8
4750.jpg,0
4751.jpg,4
4752.jpg,4
4753.jpg,9
4754.jpg,6
4755.jpg,5
4756.jpg,3
4757.jpg,5
4758.jpg,0
4759.jpg,8
4760.jpg,4
4761.jpg,0
4762.jpg,6
4763.jpg,5
4764.jpg,6
4765.jpg,6
4766.jpg,0
4767.jpg,9
4768.jpg,3
4769.jpg,2
4770.jpg,4
4771.jpg,3
4772.jpg,9
4773.jpg,9
4774.jpg,9
4775.jpg,6
4776.jpg,4
4777.jpg,4
4778.jpg,1
4779.jpg,3
4780.jpg,0
4781.jpg,0
4782.jpg,7
4783.jpg,0
4784.jpg,4
4785.jpg,8
4786.jpg,6
4787.jpg,0
4788.jpg,7
4789.jpg,2
4790.jpg,5
4791.jpg,1
4792.jpg,8
4793.jpg,4
4794.jpg,1
4795.jpg,6
4796.jpg,9
4797.jpg,5
4798.jpg,6
4799.jpg,0
4800.jpg,9
4801.jpg,3
4802.jpg,1
4803.jpg,5
4804.jpg,6
4805.jpg,6
4806.jpg,3
4807.jpg,7
4808.jpg,4
4809.jpg,1
4810.jpg,1
4811.jpg,9
4812.jpg,5
4813.jpg,1
4814.jpg,8
4815.jpg,8
4816.jpg,4
4817.jpg,6
4818.jpg,5
4819.jpg,4
4820.jpg,6
4821.jpg,1
4822.jpg,3
4823.jpg,6
4824.jpg,4
4825.jpg,8
4826.jpg,7
4827.jpg,2
4828.jpg,0
4829.jpg,6
4830.jpg,1
4831.jpg,0
4832.jpg,1
4833.jpg,5
4834.jpg,8
4835.jpg,3
4836.jpg,2
4837.jpg,5
4838.jpg,5
4839.jpg,5
4840.jpg,4
4841.jpg,5
4842.jpg,9
4843.jpg,9
4844.jpg,7
4845.jpg,1
4846.jpg,5
4847.jpg,7
4848.jpg,7
4849.jpg,6
4850.jpg,1
4851.jpg,3
4852.jpg,4
4853.jpg,3
4854.jpg,5
4855.jpg,0
4856.jpg,0
4857.jpg,6
4858.jpg,3
4859.jpg,5
4860.jpg,9
4861.jpg,6
4862.jpg,1
4863.jpg,9
4864.jpg,7
4865.jpg,3
4866.jpg,2
4867.jpg,9
4868.jpg,7
4869.jpg,8
4870.jpg,8
4871.jpg,1
4872.jpg,9
4873.jpg,2
4874.jpg,6
4875.jpg,6
4876.jpg,7
4877.jpg,5
4878.jpg,9
4879.jpg,5
4880.jpg,5
4881.jpg,4
4882.jpg,4
4883.jpg,9
4884.jpg,5
4885.jpg,2
4886.jpg,3
4887.jpg,5
4888.jpg,5
4889.jpg,3
4890.jpg,1
4891.jpg,5
4892.jpg,8
4893.jpg,8
4894.jpg,8
4895.jpg,4
4896.jpg,2
4897.jpg,8
4898.jpg,6
4899.jpg,7
4900.jpg,7
4901.jpg,3
4902.jpg,1
4903.jpg,9
4904.jpg,7
4905.jpg,1
4906.jpg,1
4907.jpg,2
4908.jpg,9
4909.jpg,1
4910.jpg,8
4911.jpg,1
4912.jpg,6
4913.jpg,1
4914.jpg,3
4915.jpg,7
4916.jpg,9
4917.jpg,0
4918.jpg,7
4919.jpg,0
4920.jpg,6
4921.jpg,6
4922.jpg,6
4923.jpg,1
4924.jpg,5
4925.jpg,2
4926.jpg,6
4927.jpg,1
4928.jpg,2
4929.jpg,7
4930.jpg,2
4931.jpg,5
4932.jpg,6
4933.jpg,3
4934.jpg,3
4935.jpg,5
4936.jpg,4
4937.jpg,7
4938.jpg,0
4939.jpg,4
4940.jpg,1
4941.jpg,5
4942.jpg,6
4943.jpg,9
4944.jpg,0
4945.jpg,5
4946.jpg,3
4947.jpg,4
4948.jpg,0
4949.jpg,0
4950.jpg,4
4951.jpg,6
4952.jpg,3
4953.jpg,6
4954.jpg,5
4955.jpg,7
4956.jpg,4
4957.jpg,9
4958.jpg,9
4959.jpg,2
4960.jpg,2
4961.jpg,6
4962.jpg,1
4963.jpg,8
4964.jpg,0
4965.jpg,6
4966.jpg,9
4967.jpg,3
4968.jpg,2
4969.jpg,4
4970.jpg,9
4971.jpg,2
4972.jpg,5
4973.jpg,9
4974.jpg,2
4975.jpg,9
4976.jpg,6
4977.jpg,8
4978.jpg,3
4979.jpg,8
4980.jpg,3
4981.jpg,2
4982.jpg,1
4983.jpg,8
4984.jpg,3
4985.jpg,2
4986.jpg,6
4987.jpg,3
4988.jpg,5
4989.jpg,0
4990.jpg,7
4991.jpg,9
4992.jpg,6
4993.jpg,1
4994.jpg,4
4995.jpg,9
4996.jpg,2
4997.jpg,3
4998.jpg,0
4999.jpg,3
5000.jpg,5
5001.jpg,6
5002.jpg,7
5003.jpg,7
5004.jpg,1
5005.jpg,7
5006.jpg,9
5007.jpg,3
5008.jpg,7
5009.jpg,3
5010.jpg,2
5011.jpg,1
5012.jpg,1
5013.jpg,8
5014.jpg,8
5015.jpg,5
5016.jpg,3
5017.jpg,6
5018.jpg,8
5019.jpg,9
5020.jpg,7
5021.jpg,1
5022.jpg,2
5023.jpg,4
5024.jpg,3
5025.jpg,7
5026.jpg,3
5027.jpg,4
5028.jpg,0
5029.jpg,5
5030.jpg,9
5031.jpg,2
5032.jpg,3
5033.jpg,1
5034.jpg,5
5035.jpg,8
5036.jpg,8
5037.jpg,1
5038.jpg,9
5039.jpg,0
5040.jpg,3
5041.jpg,1
5042.jpg,0
5043.jpg,9
5044.jpg,5
5045.jpg,4
5046.jpg,7
5047.jpg,9
5048.jpg,1
5049.jpg,5
5050.jpg,4
5051.jpg,1
5052.jpg,5
5053.jpg,5
5054.jpg,4
5055.jpg,5
5056.jpg,7
5057.jpg,9
5058.jpg,1
5059.jpg,0
5060.jpg,6
5061.jpg,5
5062.jpg,7
5063.jpg,2
5064.jpg,9
5065.jpg,2
5066.jpg,4
5067.jpg,7
5068.jpg,1
5069.jpg,2
5070.jpg,1
5071.jpg,3
5072.jpg,4
5073.jpg,9
5074.jpg,8
5075.jpg,2
5076.jpg,1
5077.jpg,4
5078.jpg,8
5079.jpg,0
5080.jpg,9
5081.jpg,1
5082.jpg,7
5083.jpg,3
5084.jpg,8
5085.jpg,9
5086.jpg,1
5087.jpg,6
5088.jpg,8
5089.jpg,0
5090.jpg,6
5091.jpg,6
5092.jpg,3
5093.jpg,7
5094.jpg,6
5095.jpg,0
5096.jpg,2
5097.jpg,9
5098.jpg,6
5099.jpg,6
5100.jpg,3
5101.jpg,3
5102.jpg,3
5103.jpg,6
5104.jpg,2
5105.jpg,1
5106.jpg,1
5107.jpg,2
5108.jpg,7
5109.jpg,8
5110.jpg,7
5111.jpg,2
5112.jpg,5
5113.jpg,4
5114.jpg,6
5115.jpg,8
5116.jpg,9
5117.jpg,6
5118.jpg,6
5119.jpg,6
5120.jpg,7
5121.jpg,0
5122.jpg,7
5123.jpg,6
5124.jpg,3
5125.jpg,5
5126.jpg,2
5127.jpg,9
5128.jpg,3
5129.jpg,1
5130.jpg,3
5131.jpg,6
5132.jpg,0
5133.jpg,7
5134.jpg,1
5135.jpg,4
5136.jpg,6
5137.jpg,7
5138.jpg,9
5139.jpg,8
5140.jpg,2
5141.jpg,3
5142.jpg,8
5143.jpg,4
5144.jpg,3
5145.jpg,1
5146.jpg,2
5147.jpg,0
5148.jpg,2
5149.jpg,0
5150.jpg,8
5151.jpg,4
5152.jpg,5
5153.jpg,7
5154.jpg,3
5155.jpg,5
5156.jpg,4
5157.jpg,2
5158.jpg,7
5159.jpg,9
5160.jpg,8
5161.jpg,2
5162.jpg,0
5163.jpg,3
5164.jpg,7
5165.jpg,5
5166.jpg,5
5167.jpg,9
5168.jpg,2
5169.jpg,8
5170.jpg,6
5171.jpg,8
5172.jpg,2
5173.jpg,8
5174.jpg,1
5175.jpg,4
5176.jpg,7
5177.jpg,8
5178.jpg,9
5179.jpg,0
5180.jpg,4
5181.jpg,8
5182.jpg,0
5183.jpg,9
5184.jpg,9
5185.jpg,4
5186.jpg,4
5187.jpg,4
5188.jpg,1
5189.jpg,5
5190.jpg,5
5191.jpg,2
5192.jpg,8
5193.jpg,5
5194.jpg,5
5195.jpg,0
5196.jpg,0
5197.jpg,9
5198.jpg,4
5199.jpg,8
5200.jpg,5
5201.jpg,0
5202.jpg,0
5203.jpg,9
5204.jpg,3
5205.jpg,3
5206.jpg,9
5207.jpg,1
5208.jpg,6
5209.jpg,0
5210.jpg,8
5211.jpg,8
5212.jpg,4
5213.jpg,6
5214.jpg,7
5215.jpg,3
5216.jpg,2
5217.jpg,7
5218.jpg,9
5219.jpg,6
5220.jpg,7
5221.jpg,6
5222.jpg,6
5223.jpg,3
5224.jpg,8
5225.jpg,6
5226.jpg,2
5227.jpg,5
5228.jpg,4
5229.jpg,3
5230.jpg,2
5231.jpg,9
5232.jpg,5
5233.jpg,9
5234.jpg,5
5235.jpg,1
5236.jpg,8
5237.jpg,5
5238.jpg,7
5239.jpg,7
5240.jpg,6
5241.jpg,7
5242.jpg,4
5243.jpg,2
5244.jpg,8
5245.jpg,3
5246.jpg,3
5247.jpg,5
5248.jpg,0
5249.jpg,8
5250.jpg,4
5251.jpg,9
5252.jpg,7
5253.jpg,7
5254.jpg,5
5255.jpg,2
5256.jpg,0
5257.jpg,9
5258.jpg,0
5259.jpg,2
5260.jpg,9
5261.jpg,6
5262.jpg,9
5263.jpg,0
5264.jpg,1
5265.jpg,5
5266.jpg,8
5267.jpg,2
5268.jpg,8
5269.jpg,0
5270.jpg,6
5271.jpg,3
5272.jpg,3
5273.jpg,5
5274.jpg,8
5275.jpg,7
5276.jpg,4
5277.jpg,7
5278.jpg,6
5279.jpg,0
5280.jpg,9
5281.jpg,0
5282.jpg,0
5283.jpg,0
5284.jpg,7
5285.jpg,0
5286.jpg,0
5287.jpg,3
5288.jpg,9
5289.jpg,5
5290.jpg,7
5291.jpg,1
5292.jpg,3
5293.jpg,3
5294.jpg,2
5295.jpg,8
5296.jpg,3
5297.jpg,9
5298.jpg,3
5299.jpg,3
5300.jpg,8
5301.jpg,8
5302.jpg,8
5303.jpg,6
5304.jpg,4
5305.jpg,9
5306.jpg,2
5307.jpg,3
5308.jpg,4
5309.jpg,2
5310.jpg,2
5311.jpg,2
5312.jpg,6
5313.jpg,3
5314.jpg,3
5315.jpg,8
5316.jpg,7
5317.jpg,0
5318.jpg,4
5319.jpg,2
5320.jpg,2
5321.jpg,8
5322.jpg,1
5323.jpg,3
5324.jpg,4
5325.jpg,0
5326.jpg,0
5327.jpg,0
5328.jpg,5
5329.jpg,7
5330.jpg,9
5331.jpg,9
5332.jpg,6
5333.jpg,7
5334.jpg,5
5335.jpg,1
5336.jpg,7
5337.jpg,2
5338.jpg,1
5339.jpg,1
5340.jpg,6
5341.jpg,7
5342.jpg,6
5343.jpg,0
5344.jpg,1
5345.jpg,8
5346.jpg,9
5347.jpg,2
5348.jpg,2
5349.jpg,6
5350.jpg,2
5351.jpg,6
5352.jpg,8
5353.jpg,2
5354.jpg,0
5355.jpg,1
5356.jpg,1
5357.jpg,1
5358.jpg,9
5359.jpg,3
5360.jpg,2
5361.jpg,8
5362.jpg,2
5363.jpg,2
5364.jpg,1
5365.jpg,8
5366.jpg,1
5367.jpg,8
5368.jpg,3
5369.jpg,0
5370.jpg,6
5371.jpg,1
5372.jpg,9
5373.jpg,0
5374.jpg,8
5375.jpg,3
5376.jpg,7
5377.jpg,0
5378.jpg,4
5379.jpg,9
5380.jpg,3
5381.jpg,0
5382.jpg,9
5383.jpg,7
5384.jpg,9
5385.jpg,7
5386.jpg,5
5387.jpg,2
5388.jpg,8
5389.jpg,5
5390.jpg,5
5391.jpg,0
5392.jpg,7
5393.jpg,9
5394.jpg,5
5395.jpg,4
5396.jpg,6
5397.jpg,4
5398.jpg,3
5399.jpg,1
5400.jpg,7
5401.jpg,1
5402.jpg,9
5403.jpg,0
5404.jpg,1
5405.jpg,2
5406.jpg,1
5407.jpg,7
5408.jpg,8
5409.jpg,5
5410.jpg,5
5411.jpg,0
5412.jpg,6
5413.jpg,4
5414.jpg,0
5415.jpg,4
5416.jpg,8
5417.jpg,0
5418.jpg,0
5419.jpg,8
5420.jpg,2
5421.jpg,7
5422.jpg,0
5423.jpg,9
5424.jpg,5
5425.jpg,8
5426.jpg,7
5427.jpg,3
5428.jpg,3
5429.jpg,4
5430.jpg,0
5431.jpg,4
5432.jpg,4
5433.jpg,9
5434.jpg,0
5435.jpg,6
5436.jpg,8
5437.jpg,3
5438.jpg,5
5439.jpg,6
5440.jpg,1
5441.jpg,8
5442.jpg,3
5443.jpg,4
5444.jpg,6
5445.jpg,5
5446.jpg,0
5447.jpg,8
5448.jpg,2
5449.jpg,3
5450.jpg,4
5451.jpg,2
5452.jpg,5
5453.jpg,1
5454.jpg,1
5455.jpg,6
5456.jpg,0
5457.jpg,4
5458.jpg,6
5459.jpg,3
5460.jpg,2
5461.jpg,9
5462.jpg,7
5463.jpg,3
5464.jpg,3
5465.jpg,1
5466.jpg,2
5467.jpg,4
5468.jpg,8
5469.jpg,5
5470.jpg,0
5471.jpg,5
5472.jpg,3
5473.jpg,7
5474.jpg,4
5475.jpg,0
5476.jpg,9
5477.jpg,2
5478.jpg,3
5479.jpg,3
5480.jpg,6
5481.jpg,3
5482.jpg,2
5483.jpg,7
5484.jpg,4
5485.jpg,7
5486.jpg,2
5487.jpg,5
5488.jpg,2
5489.jpg,8
5490.jpg,0
5491.jpg,8
5492.jpg,6
5493.jpg,2
5494.jpg,4
5495.jpg,5
5496.jpg,8
5497.jpg,5
5498.jpg,9
5499.jpg,6
5500.jpg,3
5501.jpg,5
5502.jpg,7
5503.jpg,2
5504.jpg,9
5505.jpg,8
5506.jpg,6
5507.jpg,5
5508.jpg,1
5509.jpg,0
5510.jpg,5
5511.jpg,7
5512.jpg,7
5513.jpg,5
5514.jpg,4
5515.jpg,4
5516.jpg,1
5517.jpg,4
5518.jpg,8
5519.jpg,2
5520.jpg,9
5521.jpg,9
5522.jpg,4
5523.jpg,7
5524.jpg,0
5525.jpg,3
5526.jpg,4
5527.jpg,7
5528.jpg,0
5529.jpg,0
5530.jpg,1
5531.jpg,1
5532.jpg,3
5533.jpg,9
5534.jpg,5
5535.jpg,6
5536.jpg,8
5537.jpg,2
5538.jpg,4
5539.jpg,8
5540.jpg,8
5541.jpg,3
5542.jpg,9
5543.jpg,5
5544.jpg,0
5545.jpg,9
5546.jpg,0
5547.jpg,5
5548.jpg,0
5549.jpg,3
5550.jpg,1
5551.jpg,0
5552.jpg,5
5553.jpg,0
5554.jpg,0
5555.jpg,3
5556.jpg,1
5557.jpg,3
5558.jpg,9
5559.jpg,6
5560.jpg,4
5561.jpg,6
5562.jpg,8
5563.jpg,4
5564.jpg,4
5565.jpg,6
5566.jpg,4
5567.jpg,1
5568.jpg,9
5569.jpg,2
5570.jpg,0
5571.jpg,6
5572.jpg,8
5573.jpg,4
5574.jpg,9
5575.jpg,2
5576.jpg,1
5577.jpg,6
5578.jpg,8
5579.jpg,9
5580.jpg,5
5581.jpg,3
5582.jpg,3
5583.jpg,3
5584.jpg,7
5585.jpg,6
5586.jpg,8
5587.jpg,1
5588.jpg,8
5589.jpg,7
5590.jpg,5
5591.jpg,6
5592.jpg,9
5593.jpg,8
5594.jpg,0
5595.jpg,3
5596.jpg,2
5597.jpg,2
5598.jpg,4
5599.jpg,0
5600.jpg,6
5601.jpg,4
5602.jpg,5
5603.jpg,0
5604.jpg,5
5605.jpg,1
5606.jpg,5
5607.jpg,9
5608.jpg,0
5609.jpg,5
5610.jpg,9
5611.jpg,4
5612.jpg,9
5613.jpg,1
5614.jpg,6
5615.jpg,6
5616.jpg,2
5617.jpg,8
5618.jpg,9
5619.jpg,8
5620.jpg,6
5621.jpg,8
5622.jpg,4
5623.jpg,7
5624.jpg,4
5625.jpg,9
5626.jpg,0
5627.jpg,5
5628.jpg,8
5629.jpg,3
5630.jpg,4
5631.jpg,7
5632.jpg,7
5633.jpg,0
5634.jpg,4
5635.jpg,1
5636.jpg,9
5637.jpg,6
5638.jpg,2
5639.jpg,5
5640.jpg,5
5641.jpg,4
5642.jpg,9
5643.jpg,2
5644.jpg,1
5645.jpg,2
5646.jpg,8
5647.jpg,7
5648.jpg,4
5649.jpg,1
5650.jpg,7
5651.jpg,1
5652.jpg,5
5653.jpg,2
5654.jpg,9
5655.jpg,2
5656.jpg,2
5657.jpg,9
5658.jpg,0
5659.jpg,6
5660.jpg,5
5661.jpg,8
5662.jpg,0
5663.jpg,8
5664.jpg,6
5665.jpg,0
5666.jpg,1
5667.jpg,9
5668.jpg,1
5669.jpg,3
5670.jpg,9
5671.jpg,8
5672.jpg,6
5673.jpg,2
5674.jpg,1
5675.jpg,4
5676.jpg,9
5677.jpg,2
5678.jpg,8
5679.jpg,8
5680.jpg,5
5681.jpg,2
5682.jpg,7
5683.jpg,0
5684.jpg,5
5685.jpg,0
5686.jpg,2
5687.jpg,8
5688.jpg,1
5689.jpg,7
5690.jpg,0
5691.jpg,1
5692.jpg,1
5693.jpg,8
5694.jpg,1
5695.jpg,5
5696.jpg,7
5697.jpg,3
5698.jpg,7
5699.jpg,9
5700.jpg,0
5701.jpg,0
5702.jpg,9
5703.jpg,6
5704.jpg,3
5705.jpg,1
5706.jpg,9
5707.jpg,8
5708.jpg,2
5709.jpg,7
5710.jpg,7
5711.jpg,2
5712.jpg,5
5713.jpg,0
5714.jpg,4
5715.jpg,3
5716.jpg,6
5717.jpg,9
5718.jpg,2
5719.jpg,8
5720.jpg,9
5721.jpg,2
5722.jpg,2
5723.jpg,2
5724.jpg,7
5725.jpg,0
5726.jpg,8
5727.jpg,8
5728.jpg,1
5729.jpg,7
5730.jpg,8
5731.jpg,0
5732.jpg,6
5733.jpg,9
5734.jpg,2
5735.jpg,5
5736.jpg,8
5737.jpg,9
5738.jpg,0
5739.jpg,6
5740.jpg,2
5741.jpg,9
5742.jpg,6
5743.jpg,4
5744.jpg,0
5745.jpg,6
5746.jpg,9
5747.jpg,6
5748.jpg,5
5749.jpg,9
5750.jpg,0
5751.jpg,5
5752.jpg,5
5753.jpg,1
5754.jpg,3
5755.jpg,3
5756.jpg,1
5757.jpg,1
5758.jpg,0
5759.jpg,3
5760.jpg,4
5761.jpg,0
5762.jpg,5
5763.jpg,0
5764.jpg,2
5765.jpg,2
5766.jpg,8
5767.jpg,7
5768.jpg,7
5769.jpg,3
5770.jpg,3
5771.jpg,2
5772.jpg,3
5773.jpg,9
5774.jpg,4
5775.jpg,5
5776.jpg,7
5777.jpg,4
5778.jpg,8
5779.jpg,1
5780.jpg,6
5781.jpg,6
5782.jpg,0
5783.jpg,1
5784.jpg,7
5785.jpg,2
5786.jpg,5
5787.jpg,2
5788.jpg,0
5789.jpg,1
5790.jpg,3
5791.jpg,4
5792.jpg,2
5793.jpg,7
5794.jpg,3
5795.jpg,9
5796.jpg,0
5797.jpg,4
5798.jpg,0
5799.jpg,1
5800.jpg,2
5801.jpg,5
5802.jpg,5
5803.jpg,1
5804.jpg,3
5805.jpg,1
5806.jpg,4
5807.jpg,9
5808.jpg,8
5809.jpg,4
5810.jpg,1
5811.jpg,4
5812.jpg,7
5813.jpg,9
5814.jpg,7
5815.jpg,7
5816.jpg,7
5817.jpg,6
5818.jpg,7
5819.jpg,5
5820.jpg,0
5821.jpg,5
5822.jpg,5
5823.jpg,2
5824.jpg,2
5825.jpg,8
5826.jpg,8
5827.jpg,1
5828.jpg,8
5829.jpg,9
5830.jpg,6
5831.jpg,6
5832.jpg,3
5833.jpg,2
5834.jpg,2
5835.jpg,0
5836.jpg,3
5837.jpg,2
5838.jpg,6
5839.jpg,4
5840.jpg,1
5841.jpg,2
5842.jpg,5
5843.jpg,4
5844.jpg,9
5845.jpg,6
5846.jpg,0
5847.jpg,1
5848.jpg,6
5849.jpg,2
5850.jpg,1
5851.jpg,6
5852.jpg,9
5853.jpg,2
5854.jpg,4
5855.jpg,0
5856.jpg,9
5857.jpg,2
5858.jpg,0
5859.jpg,0
5860.jpg,2
5861.jpg,1
5862.jpg,2
5863.jpg,1
5864.jpg,8
5865.jpg,7
5866.jpg,1
5867.jpg,5
5868.jpg,4
5869.jpg,7
5870.jpg,2
5871.jpg,2
5872.jpg,6
5873.jpg,0
5874.jpg,2
5875.jpg,3
5876.jpg,8
5877.jpg,4
5878.jpg,1
5879.jpg,5
5880.jpg,2
5881.jpg,8
5882.jpg,2
5883.jpg,0
5884.jpg,1
5885.jpg,8
5886.jpg,9
5887.jpg,2
5888.jpg,7
5889.jpg,3
5890.jpg,7
5891.jpg,6
5892.jpg,5
5893.jpg,9
5894.jpg,8
5895.jpg,8
5896.jpg,8
5897.jpg,9
5898.jpg,5
5899.jpg,3
5900.jpg,6
5901.jpg,2
5902.jpg,5
5903.jpg,6
5904.jpg,6
5905.jpg,5
5906.jpg,5
5907.jpg,4
5908.jpg,7
5909.jpg,8
5910.jpg,1
5911.jpg,8
5912.jpg,8
5913.jpg,3
5914.jpg,1
5915.jpg,4
5916.jpg,0
5917.jpg,8
5918.jpg,5
5919.jpg,3
5920.jpg,6
5921.jpg,6
5922.jpg,7
5923.jpg,3
5924.jpg,7
5925.jpg,4
5926.jpg,1
5927.jpg,0
5928.jpg,6
5929.jpg,0
5930.jpg,6
5931.jpg,3
5932.jpg,5
5933.jpg,1
5934.jpg,0
5935.jpg,3
5936.jpg,2
5937.jpg,3
5938.jpg,8
5939.jpg,1
5940.jpg,2
5941.jpg,5
5942.jpg,4
5943.jpg,9
5944.jpg,5
5945.jpg,1
5946.jpg,4
5947.jpg,2
5948.jpg,1
5949.jpg,5
5950.jpg,6
5951.jpg,6
5952.jpg,0
5953.jpg,1
5954.jpg,4
5955.jpg,2
5956.jpg,4
5957.jpg,2
5958.jpg,2
5959.jpg,2
5960.jpg,3
5961.jpg,9
5962.jpg,7
5963.jpg,0
5964.jpg,5
5965.jpg,1
5966.jpg,1
5967.jpg,2
5968.jpg,4
5969.jpg,7
5970.jpg,4
5971.jpg,6
5972.jpg,7
5973.jpg,0
5974.jpg,9
5975.jpg,7
5976.jpg,3
5977.jpg,6
5978.jpg,4
5979.jpg,1
5980.jpg,7
5981.jpg,9
5982.jpg,7
5983.jpg,6
5984.jpg,9
5985.jpg,8
5986.jpg,7
5987.jpg,7
5988.jpg,7
5989.jpg,5
5990.jpg,1
5991.jpg,0
5992.jpg,8
5993.jpg,5
5994.jpg,3
5995.jpg,8
5996.jpg,0
5997.jpg,4
5998.jpg,3
5999.jpg,8
6000.jpg,3
6001.jpg,8
6002.jpg,5
6003.jpg,4
6004.jpg,0
6005.jpg,1
6006.jpg,2
6007.jpg,0
6008.jpg,4
6009.jpg,2
6010.jpg,9
6011.jpg,2
6012.jpg,6
6013.jpg,8
6014.jpg,3
6015.jpg,1
6016.jpg,5
6017.jpg,7
6018.jpg,0
6019.jpg,4
6020.jpg,2
6021.jpg,1
6022.jpg,5
6023.jpg,6
6024.jpg,8
6025.jpg,2
6026.jpg,3
6027.jpg,3
6028.jpg,1
6029.jpg,9
6030.jpg,5
6031.jpg,9
6032.jpg,4
6033.jpg,1
6034.jpg,7
6035.jpg,5
6036.jpg,3
6037.jpg,7
6038.jpg,0
6039.jpg,1
6040.jpg,1
6041.jpg,5
6042.jpg,9
6043.jpg,3
6044.jpg,6
6045.jpg,9
6046.jpg,1
6047.jpg,4
6048.jpg,5
6049.jpg,0
6050.jpg,9
6051.jpg,3
6052.jpg,0
6053.jpg,1
6054.jpg,3
6055.jpg,0
6056.jpg,5
6057.jpg,5
6058.jpg,1
6059.jpg,9
6060.jpg,6
6061.jpg,6
6062.jpg,6
6063.jpg,3
6064.jpg,9
6065.jpg,7
6066.jpg,3
6067.jpg,1
6068.jpg,0
6069.jpg,6
6070.jpg,2
6071.jpg,4
6072.jpg,2
6073.jpg,5
6074.jpg,3
6075.jpg,5
6076.jpg,9
6077.jpg,3
6078.jpg,7
6079.jpg,6
6080.jpg,3
6081.jpg,1
6082.jpg,5
6083.jpg,4
6084.jpg,4
6085.jpg,1
6086.jpg,1
6087.jpg,3
6088.jpg,9
6089.jpg,6
6090.jpg,4
6091.jpg,8
6092.jpg,2
6093.jpg,5
6094.jpg,2
6095.jpg,2
6096.jpg,4
6097.jpg,8
6098.jpg,7
6099.jpg,9
6100.jpg,0
6101.jpg,1
6102.jpg,1
6103.jpg,5
6104.jpg,5
6105.jpg,4
6106.jpg,0
6107.jpg,1
6108.jpg,8
6109.jpg,9
6110.jpg,6
6111.jpg,6
6112.jpg,2
6113.jpg,3
6114.jpg,7
6115.jpg,9
6116.jpg,2
6117.jpg,9
6118.jpg,9
6119.jpg,0
6120.jpg,5
6121.jpg,5
6122.jpg,2
6123.jpg,5
6124.jpg,3
6125.jpg,2
6126.jpg,5
6127.jpg,5
6128.jpg,1
6129.jpg,1
6130.jpg,2
6131.jpg,8
6132.jpg,5
6133.jpg,7
6134.jpg,0
6135.jpg,7
6136.jpg,7
6137.jpg,2
6138.jpg,2
6139.jpg,5
6140.jpg,3
6141.jpg,2
6142.jpg,4
6143.jpg,9
6144.jpg,7
6145.jpg,3
6146.jpg,8
6147.jpg,6
6148.jpg,0
6149.jpg,0
6150.jpg,5
6151.jpg,8
6152.jpg,2
6153.jpg,1
6154.jpg,2
6155.jpg,0
6156.jpg,4
6157.jpg,3
6158.jpg,1
6159.jpg,3
6160.jpg,4
6161.jpg,3
6162.jpg,2
6163.jpg,0
6164.jpg,6
6165.jpg,9
6166.jpg,5
6167.jpg,4
6168.jpg,4
6169.jpg,2
6170.jpg,2
6171.jpg,5
6172.jpg,7
6173.jpg,2
6174.jpg,7
6175.jpg,0
6176.jpg,6
6177.jpg,4
6178.jpg,4
6179.jpg,9
6180.jpg,0
6181.jpg,1
6182.jpg,4
6183.jpg,0
6184.jpg,2
6185.jpg,2
6186.jpg,2
6187.jpg,8
6188.jpg,6
6189.jpg,7
6190.jpg,7
6191.jpg,5
6192.jpg,6
6193.jpg,2
6194.jpg,1
6195.jpg,0
6196.jpg,5
6197.jpg,2
6198.jpg,9
6199.jpg,4
6200.jpg,8
6201.jpg,0
6202.jpg,5
6203.jpg,7
6204.jpg,4
6205.jpg,7
6206.jpg,5
6207.jpg,5
6208.jpg,1
6209.jpg,8
6210.jpg,9
6211.jpg,3
6212.jpg,3
6213.jpg,2
6214.jpg,8
6215.jpg,1
6216.jpg,3
6217.jpg,5
6218.jpg,9
6219.jpg,3
6220.jpg,8
6221.jpg,8
6222.jpg,3
6223.jpg,9
6224.jpg,5
6225.jpg,4
6226.jpg,3
6227.jpg,5
6228.jpg,0
6229.jpg,8
6230.jpg,3
6231.jpg,0
6232.jpg,6
6233.jpg,5
6234.jpg,4
6235.jpg,5
6236.jpg,1
6237.jpg,1
6238.jpg,1
6239.jpg,7
6240.jpg,3
6241.jpg,6
6242.jpg,2
6243.jpg,6
6244.jpg,3
6245.jpg,2
6246.jpg,5
6247.jpg,4
6248.jpg,7
6249.jpg,3
6250.jpg,9
6251.jpg,1
6252.jpg,0
6253.jpg,8
6254.jpg,0
6255.jpg,8
6256.jpg,7
6257.jpg,6
6258.jpg,1
6259.jpg,5
6260.jpg,7
6261.jpg,2
6262.jpg,8
6263.jpg,6
6264.jpg,3
6265.jpg,7
6266.jpg,9
6267.jpg,8
6268.jpg,2
6269.jpg,3
6270.jpg,7
6271.jpg,9
6272.jpg,4
6273.jpg,3
6274.jpg,6
6275.jpg,3
6276.jpg,4
6277.jpg,9
6278.jpg,7
6279.jpg,0
6280.jpg,9
6281.jpg,7
6282.jpg,6
6283.jpg,9
6284.jpg,6
6285.jpg,6
6286.jpg,0
6287.jpg,0
6288.jpg,9
6289.jpg,0
6290.jpg,6
6291.jpg,9
6292.jpg,4
6293.jpg,2
6294.jpg,4
6295.jpg,8
6296.jpg,6
6297.jpg,8
6298.jpg,1
6299.jpg,8
6300.jpg,2
6301.jpg,5
6302.jpg,4
6303.jpg,7
6304.jpg,6
6305.jpg,2
6306.jpg,7
6307.jpg,2
6308.jpg,5
6309.jpg,9
6310.jpg,6
6311.jpg,0
6312.jpg,0
6313.jpg,6
6314.jpg,0
6315.jpg,9
6316.jpg,2
6317.jpg,4
6318.jpg,6
6319.jpg,4
6320.jpg,3
6321.jpg,9
6322.jpg,0
6323.jpg,0
6324.jpg,8
6325.jpg,0
6326.jpg,4
6327.jpg,4
6328.jpg,7
6329.jpg,9
6330.jpg,2
6331.jpg,1
6332.jpg,5
6333.jpg,1
6334.jpg,1
6335.jpg,5
6336.jpg,4
6337.jpg,0
6338.jpg,7
6339.jpg,2
6340.jpg,2
6341.jpg,8
6342.jpg,7
6343.jpg,1
6344.jpg,2
6345.jpg,4
6346.jpg,7
6347.jpg,5
6348.jpg,6
6349.jpg,2
6350.jpg,5
6351.jpg,3
6352.jpg,7
6353.jpg,0
6354.jpg,5
6355.jpg,2
6356.jpg,0
6357.jpg,0
6358.jpg,0
6359.jpg,1
6360.jpg,6
6361.jpg,4
6362.jpg,5
6363.jpg,0
6364.jpg,7
6365.jpg,6
6366.jpg,3
6367.jpg,2
6368.jpg,6
6369.jpg,7
6370.jpg,0
6371.jpg,8
6372.jpg,4
6373.jpg,6
6374.jpg,0
6375.jpg,8
6376.jpg,1
6377.jpg,2
6378.jpg,5
6379.jpg,1
6380.jpg,6
6381.jpg,9
6382.jpg,2
6383.jpg,4
6384.jpg,9
6385.jpg,2
6386.jpg,0
6387.jpg,5
6388.jpg,1
6389.jpg,0
6390.jpg,8
6391.jpg,8
6392.jpg,5
6393.jpg,0
6394.jpg,7
6395.jpg,0
6396.jpg,6
6397.jpg,9
6398.jpg,2
6399.jpg,7
6400.jpg,1
6401.jpg,9
6402.jpg,2
6403.jpg,8
6404.jpg,0
6405.jpg,8
6406.jpg,4
6407.jpg,7
6408.jpg,2
6409.jpg,7
6410.jpg,2
6411.jpg,5
6412.jpg,7
6413.jpg,9
6414.jpg,3
6415.jpg,0
6416.jpg,5
6417.jpg,7
6418.jpg,3
6419.jpg,6
6420.jpg,4
6421.jpg,5
6422.jpg,3
6423.jpg,2
6424.jpg,8
6425.jpg,3
6426.jpg,2
6427.jpg,0
6428.jpg,4
6429.jpg,7
6430.jpg,6
6431.jpg,3
6432.jpg,9
6433.jpg,7
6434.jpg,9
6435.jpg,5
6436.jpg,2
6437.jpg,4
6438.jpg,8
6439.jpg,5
6440.jpg,3
6441.jpg,2
6442.jpg,4
6443.jpg,8
6444.jpg,8
6445.jpg,1
6446.jpg,0
6447.jpg,2
6448.jpg,3
6449.jpg,2
6450.jpg,2
6451.jpg,8
6452.jpg,7
6453.jpg,5
6454.jpg,5
6455.jpg,1
6456.jpg,9
6457.jpg,4
6458.jpg,9
6459.jpg,9
6460.jpg,6
6461.jpg,9
6462.jpg,6
6463.jpg,6
6464.jpg,0
6465.jpg,2
6466.jpg,4
6467.jpg,4
6468.jpg,2
6469.jpg,2
6470.jpg,0
6471.jpg,5
6472.jpg,6
6473.jpg,1
6474.jpg,3
6475.jpg,9
6476.jpg,3
6477.jpg,3
6478.jpg,6
6479.jpg,9
6480.jpg,4
6481.jpg,2
6482.jpg,0
6483.jpg,1
6484.jpg,8
6485.jpg,1
6486.jpg,6
6487.jpg,5
6488.jpg,4
6489.jpg,3
6490.jpg,1
6491.jpg,0
6492.jpg,2
6493.jpg,6
6494.jpg,2
6495.jpg,7
6496.jpg,2
6497.jpg,0
6498.jpg,8
6499.jpg,7
6500.jpg,1
6501.jpg,0
6502.jpg,2
6503.jpg,3
6504.jpg,9
6505.jpg,8
6506.jpg,0
6507.jpg,9
6508.jpg,9
6509.jpg,1
6510.jpg,2
6511.jpg,3
6512.jpg,9
6513.jpg,7
6514.jpg,4
6515.jpg,6
6516.jpg,2
6517.jpg,4
6518.jpg,3
6519.jpg,9
6520.jpg,1
6521.jpg,9
6522.jpg,6
6523.jpg,4
6524.jpg,2
6525.jpg,6
6526.jpg,8
6527.jpg,3
6528.jpg,5
6529.jpg,9
6530.jpg,0
6531.jpg,0
6532.jpg,5
6533.jpg,4
6534.jpg,8
6535.jpg,7
6536.jpg,4
6537.jpg,1
6538.jpg,7
6539.jpg,2
6540.jpg,5
6541.jpg,9
6542.jpg,1
6543.jpg,3
6544.jpg,6
6545.jpg,0
6546.jpg,1
6547.jpg,8
6548.jpg,3
6549.jpg,9
6550.jpg,1
6551.jpg,8
6552.jpg,4
6553.jpg,8
6554.jpg,3
6555.jpg,8
6556.jpg,5
6557.jpg,9
6558.jpg,0
6559.jpg,9
6560.jpg,8
6561.jpg,6
6562.jpg,7
6563.jpg,6
6564.jpg,6
6565.jpg,7
6566.jpg,4
6567.jpg,3
6568.jpg,1
6569.jpg,7
6570.jpg,2
6571.jpg,8
6572.jpg,4
6573.jpg,0
6574.jpg,0
6575.jpg,4
6576.jpg,6
6577.jpg,9
6578.jpg,1
6579.jpg,8
6580.jpg,7
6581.jpg,2
6582.jpg,6
6583.jpg,2
6584.jpg,8
6585.jpg,2
6586.jpg,6
6587.jpg,5
6588.jpg,3
6589.jpg,7
6590.jpg,9
6591.jpg,1
6592.jpg,7
6593.jpg,1
6594.jpg,1
6595.jpg,1
6596.jpg,6
6597.jpg,7
6598.jpg,2
6599.jpg,3
6600.jpg,4
6601.jpg,3
6602.jpg,6
6603.jpg,5
6604.jpg,3
6605.jpg,3
6606.jpg,0
6607.jpg,6
6608.jpg,7
6609.jpg,3
6610.jpg,0
6611.jpg,1
6612.jpg,7
6613.jpg,6
6614.jpg,1
6615.jpg,0
6616.jpg,2
6617.jpg,5
6618.jpg,1
6619.jpg,7
6620.jpg,6
6621.jpg,0
6622.jpg,2
6623.jpg,0
6624.jpg,3
6625.jpg,6
6626.jpg,2
6627.jpg,0
6628.jpg,8
6629.jpg,5
6630.jpg,4
6631.jpg,4
6632.jpg,0
6633.jpg,3
6634.jpg,0
6635.jpg,2
6636.jpg,8
6637.jpg,7
6638.jpg,6
6639.jpg,2
6640.jpg,9
6641.jpg,1
6642.jpg,6
6643.jpg,3
6644.jpg,8
6645.jpg,6
6646.jpg,4
6647.jpg,3
6648.jpg,1
6649.jpg,9
6650.jpg,8
6651.jpg,2
6652.jpg,4
6653.jpg,5
6654.jpg,7
6655.jpg,4
6656.jpg,6
6657.jpg,2
6658.jpg,2
6659.jpg,9
6660.jpg,5
6661.jpg,6
6662.jpg,4
6663.jpg,1
6664.jpg,3
6665.jpg,4
6666.jpg,6
6667.jpg,4
6668.jpg,9
6669.jpg,5
6670.jpg,8
6671.jpg,4
6672.jpg,1
6673.jpg,5
6674.jpg,9
6675.jpg,2
6676.jpg,3
6677.jpg,7
6678.jpg,8
6679.jpg,1
6680.jpg,7
6681.jpg,2
6682.jpg,2
6683.jpg,9
6684.jpg,9
6685.jpg,3
6686.jpg,1
6687.jpg,6
6688.jpg,6
6689.jpg,6
6690.jpg,4
6691.jpg,7
6692.jpg,5
6693.jpg,0
6694.jpg,4
6695.jpg,9
6696.jpg,6
6697.jpg,9
6698.jpg,0
6699.jpg,2
6700.jpg,2
6701.jpg,4
6702.jpg,6
6703.jpg,1
6704.jpg,6
6705.jpg,9
6706.jpg,0
6707.jpg,3
6708.jpg,8
6709.jpg,3
6710.jpg,2
6711.jpg,4
6712.jpg,6
6713.jpg,9
6714.jpg,3
6715.jpg,1
6716.jpg,6
6717.jpg,9
6718.jpg,7
6719.jpg,9
6720.jpg,6
6721.jpg,1
6722.jpg,8
6723.jpg,0
6724.jpg,6
6725.jpg,3
6726.jpg,2
6727.jpg,2
6728.jpg,3
6729.jpg,7
6730.jpg,7
6731.jpg,4
6732.jpg,1
6733.jpg,8
6734.jpg,9
6735.jpg,8
6736.jpg,1
6737.jpg,0
6738.jpg,3
6739.jpg,8
6740.jpg,4
6741.jpg,9
6742.jpg,8
6743.jpg,3
6744.jpg,8
6745.jpg,3
6746.jpg,8
6747.jpg,8
6748.jpg,9
6749.jpg,6
6750.jpg,0
6751.jpg,1
6752.jpg,2
6753.jpg,9
6754.jpg,9
6755.jpg,4
6756.jpg,2
6757.jpg,5
6758.jpg,8
6759.jpg,2
6760.jpg,8
6761.jpg,3
6762.jpg,3
6763.jpg,0
6764.jpg,4
6765.jpg,8
6766.jpg,8
6767.jpg,3
6768.jpg,6
6769.jpg,5
6770.jpg,8
6771.jpg,0
6772.jpg,3
6773.jpg,7
6774.jpg,1
6775.jpg,7
6776.jpg,7
6777.jpg,4
6778.jpg,2
6779.jpg,3
6780.jpg,8
6781.jpg,3
6782.jpg,5
6783.jpg,8
6784.jpg,7
6785.jpg,2
6786.jpg,0
6787.jpg,9
6788.jpg,6
6789.jpg,0
6790.jpg,6
6791.jpg,1
6792.jpg,8
6793.jpg,4
6794.jpg,9
6795.jpg,3
6796.jpg,5
6797.jpg,9
6798.jpg,8
6799.jpg,8
6800.jpg,3
6801.jpg,2
6802.jpg,8
6803.jpg,8
6804.jpg,8
6805.jpg,7
6806.jpg,7
6807.jpg,9
6808.jpg,6
6809.jpg,3
6810.jpg,5
6811.jpg,7
6812.jpg,3
6813.jpg,1
6814.jpg,5
6815.jpg,7
6816.jpg,6
6817.jpg,4
6818.jpg,9
6819.jpg,0
6820.jpg,7
6821.jpg,6
6822.jpg,3
6823.jpg,6
6824.jpg,7
6825.jpg,2
6826.jpg,6
6827.jpg,9
6828.jpg,3
6829.jpg,7
6830.jpg,5
6831.jpg,7
6832.jpg,2
6833.jpg,7
6834.jpg,9
6835.jpg,2
6836.jpg,0
6837.jpg,9
6838.jpg,1
6839.jpg,7
6840.jpg,5
6841.jpg,6
6842.jpg,6
6843.jpg,4
6844.jpg,1
6845.jpg,2
6846.jpg,9
6847.jpg,6
6848.jpg,1
6849.jpg,2
6850.jpg,1
6851.jpg,5
6852.jpg,3
6853.jpg,1
6854.jpg,5
6855.jpg,4
6856.jpg,8
6857.jpg,5
6858.jpg,0
6859.jpg,9
6860.jpg,2
6861.jpg,6
6862.jpg,0
6863.jpg,2
6864.jpg,8
6865.jpg,9
6866.jpg,9
6867.jpg,4
6868.jpg,1
6869.jpg,5
6870.jpg,3
6871.jpg,5
6872.jpg,1
6873.jpg,4
6874.jpg,8
6875.jpg,9
6876.jpg,8
6877.jpg,6
6878.jpg,9
6879.jpg,1
6880.jpg,6
6881.jpg,6
6882.jpg,8
6883.jpg,2
6884.jpg,4
6885.jpg,2
6886.jpg,0
6887.jpg,9
6888.jpg,9
6889.jpg,0
6890.jpg,3
6891.jpg,1
6892.jpg,8
6893.jpg,8
6894.jpg,3
6895.jpg,7
6896.jpg,4
6897.jpg,7
6898.jpg,9
6899.jpg,5
6900.jpg,3
6901.jpg,0
6902.jpg,8
6903.jpg,6
6904.jpg,7
6905.jpg,1
6906.jpg,6
6907.jpg,1
6908.jpg,6
6909.jpg,0
6910.jpg,9
6911.jpg,8
6912.jpg,5
6913.jpg,6
6914.jpg,4
6915.jpg,4
6916.jpg,4
6917.jpg,3
6918.jpg,9
6919.jpg,2
6920.jpg,2
6921.jpg,2
6922.jpg,6
6923.jpg,4
6924.jpg,0
6925.jpg,0
6926.jpg,3
6927.jpg,0
6928.jpg,9
6929.jpg,1
6930.jpg,3
6931.jpg,8
6932.jpg,7
6933.jpg,8
6934.jpg,4
6935.jpg,1
6936.jpg,7
6937.jpg,4
6938.jpg,1
6939.jpg,8
6940.jpg,8
6941.jpg,1
6942.jpg,8
6943.jpg,6
6944.jpg,5
6945.jpg,4
6946.jpg,3
6947.jpg,6
6948.jpg,3
6949.jpg,8
6950.jpg,1
6951.jpg,3
6952.jpg,5
6953.jpg,8
6954.jpg,5
6955.jpg,0
6956.jpg,5
6957.jpg,7
6958.jpg,5
6959.jpg,7
6960.jpg,4
6961.jpg,3
6962.jpg,5
6963.jpg,7
6964.jpg,5
6965.jpg,4
6966.jpg,8
6967.jpg,9
6968.jpg,4
6969.jpg,3
6970.jpg,3
6971.jpg,7
6972.jpg,2
6973.jpg,3
6974.jpg,8
6975.jpg,1
6976.jpg,4
6977.jpg,7
6978.jpg,9
6979.jpg,3
6980.jpg,3
6981.jpg,0
6982.jpg,4
6983.jpg,9
6984.jpg,6
6985.jpg,8
6986.jpg,6
6987.jpg,7
6988.jpg,5
6989.jpg,4
6990.jpg,3
6991.jpg,1
6992.jpg,4
6993.jpg,0
6994.jpg,2
6995.jpg,6
6996.jpg,4
6997.jpg,5
6998.jpg,6
6999.jpg,7
7000.jpg,7
7001.jpg,7
7002.jpg,8
7003.jpg,5
7004.jpg,4
7005.jpg,3
7006.jpg,5
7007.jpg,1
7008.jpg,2
7009.jpg,2
7010.jpg,7
7011.jpg,5
7012.jpg,1
7013.jpg,6
7014.jpg,9
7015.jpg,2
7016.jpg,7
7017.jpg,9
7018.jpg,4
7019.jpg,7
7020.jpg,9
7021.jpg,6
7022.jpg,0
7023.jpg,8
7024.jpg,1
7025.jpg,4
7026.jpg,2
7027.jpg,1
7028.jpg,4
7029.jpg,8
7030.jpg,1
7031.jpg,9
7032.jpg,0
7033.jpg,6
7034.jpg,0
7035.jpg,0
7036.jpg,8
7037.jpg,7
7038.jpg,3
7039.jpg,0
7040.jpg,9
7041.jpg,0
7042.jpg,8
7043.jpg,1
7044.jpg,8
7045.jpg,6
7046.jpg,5
7047.jpg,1
7048.jpg,6
7049.jpg,0
7050.jpg,9
7051.jpg,8
7052.jpg,8
7053.jpg,4
7054.jpg,2
7055.jpg,7
7056.jpg,5
7057.jpg,3
7058.jpg,9
7059.jpg,5
7060.jpg,8
7061.jpg,0
7062.jpg,0
7063.jpg,0
7064.jpg,8
7065.jpg,0
7066.jpg,0
7067.jpg,9
7068.jpg,0
7069.jpg,4
7070.jpg,9
7071.jpg,9
7072.jpg,8
7073.jpg,4
7074.jpg,9
7075.jpg,4
7076.jpg,2
7077.jpg,6
7078.jpg,0
7079.jpg,0
7080.jpg,3
7081.jpg,1
7082.jpg,7
7083.jpg,0
7084.jpg,6
7085.jpg,5
7086.jpg,5
7087.jpg,0
7088.jpg,9
7089.jpg,4
7090.jpg,9
7091.jpg,3
7092.jpg,1
7093.jpg,4
7094.jpg,9
7095.jpg,3
7096.jpg,5
7097.jpg,6
7098.jpg,1
7099.jpg,5
7100.jpg,7
7101.jpg,5
7102.jpg,0
7103.jpg,0
7104.jpg,8
7105.jpg,3
7106.jpg,6
7107.jpg,6
7108.jpg,5
7109.jpg,3
7110.jpg,3
7111.jpg,2
7112.jpg,9
7113.jpg,6
7114.jpg,5
7115.jpg,9
7116.jpg,4
7117.jpg,3
7118.jpg,7
7119.jpg,6
7120.jpg,3
7121.jpg,2
7122.jpg,7
7123.jpg,4
7124.jpg,4
7125.jpg,5
7126.jpg,9
7127.jpg,2
7128.jpg,2
7129.jpg,2
7130.jpg,0
7131.jpg,7
7132.jpg,9
7133.jpg,3
7134.jpg,6
7135.jpg,3
7136.jpg,1
7137.jpg,2
7138.jpg,9
7139.jpg,9
7140.jpg,6
7141.jpg,9
7142.jpg,7
7143.jpg,2
7144.jpg,8
7145.jpg,1
7146.jpg,0
7147.jpg,8
7148.jpg,8
7149.jpg,6
7150.jpg,7
7151.jpg,5
7152.jpg,5
7153.jpg,1
7154.jpg,4
7155.jpg,9
7156.jpg,3
7157.jpg,9
7158.jpg,7
7159.jpg,7
7160.jpg,0
7161.jpg,3
7162.jpg,3
7163.jpg,3
7164.jpg,2
7165.jpg,0
7166.jpg,2
7167.jpg,3
7168.jpg,4
7169.jpg,5
7170.jpg,9
7171.jpg,4
7172.jpg,4
7173.jpg,3
7174.jpg,5
7175.jpg,3
7176.jpg,3
7177.jpg,0
7178.jpg,0
7179.jpg,1
7180.jpg,3
7181.jpg,0
7182.jpg,0
7183.jpg,1
7184.jpg,5
7185.jpg,2
7186.jpg,7
7187.jpg,3
7188.jpg,6
7189.jpg,0
7190.jpg,7
7191.jpg,0
7192.jpg,4
7193.jpg,4
7194.jpg,3
7195.jpg,9
7196.jpg,5
7197.jpg,9
7198.jpg,2
7199.jpg,0
7200.jpg,7
7201.jpg,9
7202.jpg,7
7203.jpg,1
7204.jpg,3
7205.jpg,7
7206.jpg,6
7207.jpg,8
7208.jpg,2
7209.jpg,3
7210.jpg,5
7211.jpg,7
7212.jpg,2
7213.jpg,1
7214.jpg,4
7215.jpg,3
7216.jpg,5
7217.jpg,3
7218.jpg,5
7219.jpg,6
7220.jpg,9
7221.jpg,6
7222.jpg,7
7223.jpg,3
7224.jpg,5
7225.jpg,9
7226.jpg,9
7227.jpg,6
7228.jpg,7
7229.jpg,5
7230.jpg,7
7231.jpg,6
7232.jpg,2
7233.jpg,0
7234.jpg,4
7235.jpg,1
7236.jpg,3
7237.jpg,4
7238.jpg,6
7239.jpg,1
7240.jpg,0
7241.jpg,4
7242.jpg,9
7243.jpg,2
7244.jpg,7
7245.jpg,9
7246.jpg,0
7247.jpg,2
7248.jpg,1
7249.jpg,9
7250.jpg,0
7251.jpg,3
7252.jpg,5
7253.jpg,1
7254.jpg,7
7255.jpg,2
7256.jpg,6
7257.jpg,1
7258.jpg,8
7259.jpg,1
7260.jpg,1
7261.jpg,6
7262.jpg,7
7263.jpg,3
7264.jpg,1
7265.jpg,0
7266.jpg,7
7267.jpg,7
7268.jpg,2
7269.jpg,1
7270.jpg,6
7271.jpg,3
7272.jpg,5
7273.jpg,7
7274.jpg,4
7275.jpg,6
7276.jpg,0
7277.jpg,2
7278.jpg,2
7279.jpg,0
7280.jpg,2
7281.jpg,4
7282.jpg,5
7283.jpg,2
7284.jpg,6
7285.jpg,9
7286.jpg,7
7287.jpg,6
7288.jpg,4
7289.jpg,6
7290.jpg,4
7291.jpg,5
7292.jpg,7
7293.jpg,7
7294.jpg,4
7295.jpg,9
7296.jpg,1
7297.jpg,3
7298.jpg,2
7299.jpg,8
7300.jpg,3
7301.jpg,1
7302.jpg,7
7303.jpg,1
7304.jpg,3
7305.jpg,2
7306.jpg,7
7307.jpg,8
7308.jpg,8
7309.jpg,1
7310.jpg,5
7311.jpg,3
7312.jpg,5
7313.jpg,4
7314.jpg,9
7315.jpg,2
7316.jpg,5
7317.jpg,5
7318.jpg,8
7319.jpg,7
7320.jpg,1
7321.jpg,2
7322.jpg,0
7323.jpg,8
7324.jpg,0
7325.jpg,0
7326.jpg,9
7327.jpg,1
7328.jpg,0
7329.jpg,8
7330.jpg,0
7331.jpg,5
7332.jpg,6
7333.jpg,2
7334.jpg,0
7335.jpg,8
7336.jpg,2
7337.jpg,2
7338.jpg,5
7339.jpg,2
7340.jpg,4
7341.jpg,5
7342.jpg,4
7343.jpg,2
7344.jpg,6
7345.jpg,4
7346.jpg,7
7347.jpg,9
7348.jpg,8
7349.jpg,9
7350.jpg,3
7351.jpg,6
7352.jpg,2
7353.jpg,2
7354.jpg,1
7355.jpg,0
7356.jpg,6
7357.jpg,3
7358.jpg,0
7359.jpg,5
7360.jpg,5
7361.jpg,2
7362.jpg,8
7363.jpg,9
7364.jpg,5
7365.jpg,1
7366.jpg,5
7367.jpg,3
7368.jpg,2
7369.jpg,5
7370.jpg,3
7371.jpg,0
7372.jpg,6
7373.jpg,2
7374.jpg,2
7375.jpg,5
7376.jpg,9
7377.jpg,0
7378.jpg,6
7379.jpg,7
7380.jpg,6
7381.jpg,5
7382.jpg,1
7383.jpg,9
7384.jpg,8
7385.jpg,1
7386.jpg,4
7387.jpg,9
7388.jpg,4
7389.jpg,4
7390.jpg,1
7391.jpg,5
7392.jpg,9
7393.jpg,8
7394.jpg,8
7395.jpg,5
7396.jpg,5
7397.jpg,2
7398.jpg,8
7399.jpg,3
7400.jpg,9
7401.jpg,1
7402.jpg,5
7403.jpg,2
7404.jpg,6
7405.jpg,7
7406.jpg,8
7407.jpg,9
7408.jpg,3
7409.jpg,2
7410.jpg,3
7411.jpg,8
7412.jpg,1
7413.jpg,9
7414.jpg,3
7415.jpg,3
7416.jpg,8
7417.jpg,3
7418.jpg,1
7419.jpg,5
7420.jpg,8
7421.jpg,3
7422.jpg,1
7423.jpg,7
7424.jpg,2
7425.jpg,3
7426.jpg,6
7427.jpg,9
7428.jpg,1
7429.jpg,3
7430.jpg,7
7431.jpg,4
7432.jpg,0
7433.jpg,9
7434.jpg,5
7435.jpg,2
7436.jpg,5
7437.jpg,8
7438.jpg,4
7439.jpg,0
7440.jpg,1
7441.jpg,5
7442.jpg,4
7443.jpg,9
7444.jpg,9
7445.jpg,3
7446.jpg,2
7447.jpg,9
7448.jpg,7
7449.jpg,7
7450.jpg,4
7451.jpg,5
7452.jpg,9
7453.jpg,3
7454.jpg,9
7455.jpg,1
7456.jpg,0
7457.jpg,6
7458.jpg,7
7459.jpg,7
7460.jpg,1
7461.jpg,1
7462.jpg,5
7463.jpg,4
7464.jpg,2
7465.jpg,4
7466.jpg,4
7467.jpg,7
7468.jpg,1
7469.jpg,4
7470.jpg,5
7471.jpg,5
7472.jpg,7
7473.jpg,6
7474.jpg,7
7475.jpg,3
7476.jpg,1
7477.jpg,8
7478.jpg,9
7479.jpg,6
7480.jpg,1
7481.jpg,6
7482.jpg,7
7483.jpg,8
7484.jpg,5
7485.jpg,2
7486.jpg,5
7487.jpg,6
7488.jpg,2
7489.jpg,7
7490.jpg,9
7491.jpg,1
7492.jpg,8
7493.jpg,0
7494.jpg,1
7495.jpg,0
7496.jpg,7
7497.jpg,7
7498.jpg,5
7499.jpg,9
7500.jpg,3
7501.jpg,5
7502.jpg,2
7503.jpg,2
7504.jpg,0
7505.jpg,1
7506.jpg,1
7507.jpg,4
7508.jpg,5
7509.jpg,9
7510.jpg,3
7511.jpg,2
7512.jpg,1
7513.jpg,3
7514.jpg,3
7515.jpg,2
7516.jpg,8
7517.jpg,0
7518.jpg,6
7519.jpg,0
7520.jpg,7
7521.jpg,5
7522.jpg,0
7523.jpg,3
7524.jpg,8
7525.jpg,7
7526.jpg,8
7527.jpg,5
7528.jpg,4
7529.jpg,7
7530.jpg,4
7531.jpg,5
7532.jpg,0
7533.jpg,1
7534.jpg,8
7535.jpg,9
7536.jpg,9
7537.jpg,5
7538.jpg,9
7539.jpg,9
7540.jpg,9
7541.jpg,5
7542.jpg,6
7543.jpg,6
7544.jpg,9
7545.jpg,2
7546.jpg,3
7547.jpg,9
7548.jpg,3
7549.jpg,2
7550.jpg,8
7551.jpg,1
7552.jpg,9
7553.jpg,4
7554.jpg,3
7555.jpg,8
7556.jpg,7
7557.jpg,8
7558.jpg,0
7559.jpg,5
7560.jpg,2
7561.jpg,0
7562.jpg,3
7563.jpg,4
7564.jpg,6
7565.jpg,8
7566.jpg,0
7567.jpg,8
7568.jpg,5
7569.jpg,4
7570.jpg,1
7571.jpg,9
7572.jpg,2
7573.jpg,7
7574.jpg,6
7575.jpg,9
7576.jpg,4
7577.jpg,4
7578.jpg,2
7579.jpg,6
7580.jpg,9
7581.jpg,2
7582.jpg,9
7583.jpg,8
7584.jpg,3
7585.jpg,4
7586.jpg,2
7587.jpg,8
7588.jpg,1
7589.jpg,5
7590.jpg,1
7591.jpg,4
7592.jpg,1
7593.jpg,6
7594.jpg,2
7595.jpg,7
7596.jpg,1
7597.jpg,9
7598.jpg,5
7599.jpg,4
7600.jpg,9
7601.jpg,7
7602.jpg,4
7603.jpg,6
7604.jpg,9
7605.jpg,0
7606.jpg,9
7607.jpg,9
7608.jpg,7
7609.jpg,6
7610.jpg,5
7611.jpg,1
7612.jpg,5
7613.jpg,2
7614.jpg,4
7615.jpg,2
7616.jpg,1
7617.jpg,6
7618.jpg,1
7619.jpg,0
7620.jpg,1
7621.jpg,5
7622.jpg,5
7623.jpg,5
7624.jpg,7
7625.jpg,6
7626.jpg,2
7627.jpg,4
7628.jpg,0
7629.jpg,9
7630.jpg,1
7631.jpg,3
7632.jpg,5
7633.jpg,8
7634.jpg,9
7635.jpg,7
7636.jpg,7
7637.jpg,7
7638.jpg,6
7639.jpg,4
7640.jpg,3
7641.jpg,8
7642.jpg,8
7643.jpg,8
7644.jpg,3
7645.jpg,2
7646.jpg,0
7647.jpg,2
7648.jpg,0
7649.jpg,4
7650.jpg,1
7651.jpg,7
7652.jpg,1
7653.jpg,8
7654.jpg,6
7655.jpg,7
7656.jpg,4
7657.jpg,3
7658.jpg,7
7659.jpg,8
7660.jpg,7
7661.jpg,7
7662.jpg,3
7663.jpg,2
7664.jpg,0
7665.jpg,4
7666.jpg,1
7667.jpg,9
7668.jpg,3
7669.jpg,3
7670.jpg,7
7671.jpg,7
7672.jpg,0
7673.jpg,0
7674.jpg,0
7675.jpg,3
7676.jpg,5
7677.jpg,4
7678.jpg,9
7679.jpg,7
7680.jpg,5
7681.jpg,8
7682.jpg,6
7683.jpg,7
7684.jpg,2
7685.jpg,5
7686.jpg,2
7687.jpg,1
7688.jpg,4
7689.jpg,1
7690.jpg,0
7691.jpg,4
7692.jpg,8
7693.jpg,0
7694.jpg,6
7695.jpg,7
7696.jpg,4
7697.jpg,3
7698.jpg,1
7699.jpg,6
7700.jpg,3
7701.jpg,6
7702.jpg,1
7703.jpg,8
7704.jpg,0
7705.jpg,6
7706.jpg,5
7707.jpg,4
7708.jpg,5
7709.jpg,9
7710.jpg,8
7711.jpg,8
7712.jpg,0
7713.jpg,2
7714.jpg,6
7715.jpg,6
7716.jpg,7
7717.jpg,6
7718.jpg,0
7719.jpg,4
7720.jpg,5
7721.jpg,4
7722.jpg,8
7723.jpg,9
7724.jpg,7
7725.jpg,6
7726.jpg,8
7727.jpg,1
7728.jpg,0
7729.jpg,0
7730.jpg,9
7731.jpg,4
7732.jpg,5
7733.jpg,3
7734.jpg,6
7735.jpg,6
7736.jpg,5
7737.jpg,9
7738.jpg,0
7739.jpg,9
7740.jpg,5
7741.jpg,4
7742.jpg,2
7743.jpg,1
7744.jpg,7
7745.jpg,2
7746.jpg,5
7747.jpg,0
7748.jpg,6
7749.jpg,5
7750.jpg,5
7751.jpg,9
7752.jpg,3
7753.jpg,3
7754.jpg,2
7755.jpg,1
7756.jpg,3
7757.jpg,4
7758.jpg,0
7759.jpg,6
7760.jpg,7
7761.jpg,0
7762.jpg,9
7763.jpg,7
7764.jpg,6
7765.jpg,3
7766.jpg,2
7767.jpg,7
7768.jpg,5
7769.jpg,3
7770.jpg,3
7771.jpg,8
7772.jpg,0
7773.jpg,3
7774.jpg,6
7775.jpg,4
7776.jpg,3
7777.jpg,4
7778.jpg,4
7779.jpg,1
7780.jpg,9
7781.jpg,2
7782.jpg,9
7783.jpg,0
7784.jpg,5
7785.jpg,3
7786.jpg,8
7787.jpg,7
7788.jpg,0
7789.jpg,6
7790.jpg,5
7791.jpg,7
7792.jpg,1
7793.jpg,9
7794.jpg,8
7795.jpg,5
7796.jpg,6
7797.jpg,2
7798.jpg,8
7799.jpg,1
7800.jpg,7
7801.jpg,1
7802.jpg,7
7803.jpg,8
7804.jpg,3
7805.jpg,4
7806.jpg,0
7807.jpg,7
7808.jpg,8
7809.jpg,3
7810.jpg,7
7811.jpg,2
7812.jpg,3
7813.jpg,5
7814.jpg,8
7815.jpg,5
7816.jpg,2
7817.jpg,3
7818.jpg,6
7819.jpg,9
7820.jpg,2
7821.jpg,2
7822.jpg,6
7823.jpg,8
7824.jpg,9
7825.jpg,6
7826.jpg,1
7827.jpg,4
7828.jpg,2
7829.jpg,3
7830.jpg,1
7831.jpg,6
7832.jpg,8
7833.jpg,9
7834.jpg,5
7835.jpg,6
7836.jpg,7
7837.jpg,7
7838.jpg,2
7839.jpg,4
7840.jpg,2
7841.jpg,0
7842.jpg,7
7843.jpg,0
7844.jpg,1
7845.jpg,8
7846.jpg,6
7847.jpg,1
7848.jpg,2
7849.jpg,1
7850.jpg,4
7851.jpg,6
7852.jpg,5
7853.jpg,4
7854.jpg,4
7855.jpg,2
7856.jpg,2
7857.jpg,9
7858.jpg,8
7859.jpg,7
7860.jpg,5
7861.jpg,3
7862.jpg,7
7863.jpg,3
7864.jpg,9
7865.jpg,6
7866.jpg,1
7867.jpg,0
7868.jpg,5
7869.jpg,0
7870.jpg,0
7871.jpg,4
7872.jpg,0
7873.jpg,8
7874.jpg,5
7875.jpg,4
7876.jpg,5
7877.jpg,0
7878.jpg,2
7879.jpg,0
7880.jpg,5
7881.jpg,0
7882.jpg,7
7883.jpg,0
7884.jpg,7
7885.jpg,5
7886.jpg,4
7887.jpg,6
7888.jpg,8
7889.jpg,7
7890.jpg,6
7891.jpg,4
7892.jpg,7
7893.jpg,7
7894.jpg,5
7895.jpg,2
7896.jpg,7
7897.jpg,7
7898.jpg,7
7899.jpg,5
7900.jpg,5
7901.jpg,4
7902.jpg,7
7903.jpg,4
7904.jpg,3
7905.jpg,0
7906.jpg,3
7907.jpg,6
7908.jpg,7
7909.jpg,0
7910.jpg,3
7911.jpg,5
7912.jpg,3
7913.jpg,1
7914.jpg,5
7915.jpg,5
7916.jpg,1
7917.jpg,6
7918.jpg,6
7919.jpg,7
7920.jpg,1
7921.jpg,5
7922.jpg,6
7923.jpg,4
7924.jpg,3
7925.jpg,2
7926.jpg,6
7927.jpg,9
7928.jpg,4
7929.jpg,1
7930.jpg,7
7931.jpg,0
7932.jpg,2
7933.jpg,6
7934.jpg,2
7935.jpg,7
7936.jpg,5
7937.jpg,1
7938.jpg,1
7939.jpg,3
7940.jpg,6
7941.jpg,2
7942.jpg,4
7943.jpg,2
7944.jpg,0
7945.jpg,0
7946.jpg,5
7947.jpg,2
7948.jpg,7
7949.jpg,0
7950.jpg,0
7951.jpg,3
7952.jpg,2
7953.jpg,8
7954.jpg,4
7955.jpg,0
7956.jpg,6
7957.jpg,7
7958.jpg,5
7959.jpg,8
7960.jpg,4
7961.jpg,9
7962.jpg,0
7963.jpg,4
7964.jpg,3
7965.jpg,3
7966.jpg,3
7967.jpg,3
7968.jpg,9
7969.jpg,2
7970.jpg,6
7971.jpg,7
7972.jpg,2
7973.jpg,3
7974.jpg,6
7975.jpg,9
7976.jpg,0
7977.jpg,4
7978.jpg,0
7979.jpg,1
7980.jpg,7
7981.jpg,1
7982.jpg,3
7983.jpg,3
7984.jpg,0
7985.jpg,7
7986.jpg,5
7987.jpg,4
7988.jpg,8
7989.jpg,1
7990.jpg,2
7991.jpg,8
7992.jpg,6
7993.jpg,9
7994.jpg,8
7995.jpg,1
7996.jpg,4
7997.jpg,6
7998.jpg,3
7999.jpg,0
8000.jpg,0
8001.jpg,2
8002.jpg,8
8003.jpg,0
8004.jpg,5
8005.jpg,9
8006.jpg,3
8007.jpg,2
8008.jpg,8
8009.jpg,8
8010.jpg,0
8011.jpg,0
8012.jpg,3
8013.jpg,5
8014.jpg,4
8015.jpg,4
8016.jpg,2
8017.jpg,9
8018.jpg,9
8019.jpg,4
8020.jpg,6
8021.jpg,5
8022.jpg,2
8023.jpg,0
8024.jpg,9
8025.jpg,7
8026.jpg,6
8027.jpg,9
8028.jpg,1
8029.jpg,0
8030.jpg,2
8031.jpg,1
8032.jpg,2
8033.jpg,4
8034.jpg,8
8035.jpg,9
8036.jpg,0
8037.jpg,1
8038.jpg,2
8039.jpg,0
8040.jpg,3
8041.jpg,0
8042.jpg,7
8043.jpg,0
8044.jpg,0
8045.jpg,8
8046.jpg,2
8047.jpg,1
8048.jpg,3
8049.jpg,2
8050.jpg,6
8051.jpg,0
8052.jpg,0
8053.jpg,0
8054.jpg,2
8055.jpg,2
8056.jpg,9
8057.jpg,7
8058.jpg,2
8059.jpg,5
8060.jpg,2
8061.jpg,6
8062.jpg,7
8063.jpg,2
8064.jpg,1
8065.jpg,8
8066.jpg,3
8067.jpg,7
8068.jpg,3
8069.jpg,6
8070.jpg,4
8071.jpg,9
8072.jpg,2
8073.jpg,7
8074.jpg,5
8075.jpg,1
8076.jpg,4
8077.jpg,4
8078.jpg,1
8079.jpg,5
8080.jpg,2
8081.jpg,8
8082.jpg,9
8083.jpg,0
8084.jpg,1
8085.jpg,3
8086.jpg,1
8087.jpg,3
8088.jpg,6
8089.jpg,8
8090.jpg,4
8091.jpg,0
8092.jpg,4
8093.jpg,3
8094.jpg,7
8095.jpg,3
8096.jpg,2
8097.jpg,3
8098.jpg,0
8099.jpg,5
8100.jpg,3
8101.jpg,4
8102.jpg,2
8103.jpg,4
8104.jpg,7
8105.jpg,8
8106.jpg,5
8107.jpg,8
8108.jpg,5
8109.jpg,7
8110.jpg,7
8111.jpg,8
8112.jpg,0
8113.jpg,7
8114.jpg,5
8115.jpg,4
8116.jpg,9
8117.jpg,9
8118.jpg,5
8119.jpg,4
8120.jpg,8
8121.jpg,7
8122.jpg,6
8123.jpg,4
8124.jpg,4
8125.jpg,6
8126.jpg,3
8127.jpg,3
8128.jpg,7
8129.jpg,2
8130.jpg,0
8131.jpg,7
8132.jpg,9
8133.jpg,8
8134.jpg,4
8135.jpg,4
8136.jpg,8
8137.jpg,6
8138.jpg,8
8139.jpg,9
8140.jpg,5
8141.jpg,6
8142.jpg,7
8143.jpg,7
8144.jpg,5
8145.jpg,7
8146.jpg,4
8147.jpg,3
8148.jpg,6
8149.jpg,3
8150.jpg,2
8151.jpg,6
8152.jpg,1
8153.jpg,9
8154.jpg,0
8155.jpg,7
8156.jpg,6
8157.jpg,1
8158.jpg,8
8159.jpg,9
8160.jpg,5
8161.jpg,4
8162.jpg,8
8163.jpg,7
8164.jpg,8
8165.jpg,5
8166.jpg,6
8167.jpg,1
8168.jpg,9
8169.jpg,6
8170.jpg,2
8171.jpg,3
8172.jpg,5
8173.jpg,4
8174.jpg,1
8175.jpg,1
8176.jpg,7
8177.jpg,1
8178.jpg,7
8179.jpg,0
8180.jpg,7
8181.jpg,6
8182.jpg,2
8183.jpg,1
8184.jpg,8
8185.jpg,0
8186.jpg,2
8187.jpg,0
8188.jpg,4
8189.jpg,6
8190.jpg,0
8191.jpg,9
8192.jpg,1
8193.jpg,3
8194.jpg,7
8195.jpg,7
8196.jpg,7
8197.jpg,6
8198.jpg,0
8199.jpg,5
8200.jpg,3
8201.jpg,7
8202.jpg,5
8203.jpg,7
8204.jpg,1
8205.jpg,0
8206.jpg,8
8207.jpg,1
8208.jpg,0
8209.jpg,3
8210.jpg,5
8211.jpg,1
8212.jpg,7
8213.jpg,4
8214.jpg,8
8215.jpg,3
8216.jpg,2
8217.jpg,0
8218.jpg,8
8219.jpg,2
8220.jpg,7
8221.jpg,8
8222.jpg,0
8223.jpg,1
8224.jpg,0
8225.jpg,7
8226.jpg,9
8227.jpg,6
8228.jpg,4
8229.jpg,3
8230.jpg,6
8231.jpg,1
8232.jpg,7
8233.jpg,0
8234.jpg,2
8235.jpg,0
8236.jpg,7
8237.jpg,8
8238.jpg,0
8239.jpg,8
8240.jpg,5
8241.jpg,5
8242.jpg,4
8243.jpg,7
8244.jpg,2
8245.jpg,5
8246.jpg,3
8247.jpg,4
8248.jpg,4
8249.jpg,7
8250.jpg,6
8251.jpg,6
8252.jpg,7
8253.jpg,5
8254.jpg,0
8255.jpg,8
8256.jpg,7
8257.jpg,1
8258.jpg,5
8259.jpg,4
8260.jpg,1
8261.jpg,1
8262.jpg,1
8263.jpg,4
8264.jpg,8
8265.jpg,7
8266.jpg,1
8267.jpg,9
8268.jpg,6
8269.jpg,4
8270.jpg,1
8271.jpg,1
8272.jpg,5
8273.jpg,9
8274.jpg,8
8275.jpg,3
8276.jpg,8
8277.jpg,9
8278.jpg,1
8279.jpg,7
8280.jpg,9
8281.jpg,4
8282.jpg,1
8283.jpg,4
8284.jpg,7
8285.jpg,0
8286.jpg,7
8287.jpg,2
8288.jpg,8
8289.jpg,0
8290.jpg,6
8291.jpg,2
8292.jpg,3
8293.jpg,4
8294.jpg,4
8295.jpg,5
8296.jpg,4
8297.jpg,6
8298.jpg,6
8299.jpg,0
8300.jpg,9
8301.jpg,8
8302.jpg,5
8303.jpg,5
8304.jpg,3
8305.jpg,5
8306.jpg,5
8307.jpg,0
8308.jpg,7
8309.jpg,6
8310.jpg,6
8311.jpg,2
8312.jpg,0
8313.jpg,5
8314.jpg,9
8315.jpg,8
8316.jpg,4
8317.jpg,3
8318.jpg,6
8319.jpg,3
8320.jpg,0
8321.jpg,0
8322.jpg,8
8323.jpg,8
8324.jpg,9
8325.jpg,7
8326.jpg,0
8327.jpg,1
8328.jpg,9
8329.jpg,2
8330.jpg,1
8331.jpg,9
8332.jpg,8
8333.jpg,1
8334.jpg,0
8335.jpg,0
8336.jpg,6
8337.jpg,6
8338.jpg,3
8339.jpg,8
8340.jpg,0
8341.jpg,0
8342.jpg,0
8343.jpg,5
8344.jpg,0
8345.jpg,0
8346.jpg,5
8347.jpg,1
8348.jpg,8
8349.jpg,2
8350.jpg,4
8351.jpg,4
8352.jpg,2
8353.jpg,4
8354.jpg,4
8355.jpg,6
8356.jpg,7
8357.jpg,9
8358.jpg,7
8359.jpg,5
8360.jpg,3
8361.jpg,5
8362.jpg,8
8363.jpg,9
8364.jpg,3
8365.jpg,2
8366.jpg,5
8367.jpg,7
8368.jpg,0
8369.jpg,5
8370.jpg,9
8371.jpg,8
8372.jpg,6
8373.jpg,5
8374.jpg,8
8375.jpg,4
8376.jpg,4
8377.jpg,3
8378.jpg,9
8379.jpg,9
8380.jpg,9
8381.jpg,8
8382.jpg,8
8383.jpg,3
8384.jpg,8
8385.jpg,5
8386.jpg,4
8387.jpg,0
8388.jpg,7
8389.jpg,2
8390.jpg,3
8391.jpg,6
8392.jpg,5
8393.jpg,9
8394.jpg,7
8395.jpg,4
8396.jpg,6
8397.jpg,6
8398.jpg,2
8399.jpg,2
8400.jpg,3
8401.jpg,6
8402.jpg,9
8403.jpg,5
8404.jpg,4
8405.jpg,9
8406.jpg,9
8407.jpg,2
8408.jpg,8
8409.jpg,6
8410.jpg,0
8411.jpg,5
8412.jpg,8
8413.jpg,8
8414.jpg,9
8415.jpg,7
8416.jpg,8
8417.jpg,5
8418.jpg,4
8419.jpg,0
8420.jpg,1
8421.jpg,8
8422.jpg,7
8423.jpg,3
8424.jpg,5
8425.jpg,7
8426.jpg,9
8427.jpg,5
8428.jpg,6
8429.jpg,3
8430.jpg,9
8431.jpg,0
8432.jpg,3
8433.jpg,0
8434.jpg,2
8435.jpg,7
8436.jpg,8
8437.jpg,5
8438.jpg,6
8439.jpg,2
8440.jpg,7
8441.jpg,8
8442.jpg,3
8443.jpg,8
8444.jpg,3
8445.jpg,3
8446.jpg,1
8447.jpg,5
8448.jpg,1
8449.jpg,3
8450.jpg,6
8451.jpg,2
8452.jpg,1
8453.jpg,8
8454.jpg,4
8455.jpg,4
8456.jpg,2
8457.jpg,2
8458.jpg,8
8459.jpg,2
8460.jpg,8
8461.jpg,6
8462.jpg,6
8463.jpg,1
8464.jpg,1
8465.jpg,4
8466.jpg,0
8467.jpg,8
8468.jpg,7
8469.jpg,8
8470.jpg,6
8471.jpg,5
8472.jpg,3
8473.jpg,9
8474.jpg,7
8475.jpg,6
8476.jpg,2
8477.jpg,8
8478.jpg,0
8479.jpg,0
8480.jpg,2
8481.jpg,9
8482.jpg,1
8483.jpg,9
8484.jpg,1
8485.jpg,3
8486.jpg,7
8487.jpg,1
8488.jpg,2
8489.jpg,5
8490.jpg,6
8491.jpg,1
8492.jpg,4
8493.jpg,1
8494.jpg,9
8495.jpg,8
8496.jpg,4
8497.jpg,4
8498.jpg,5
8499.jpg,0
8500.jpg,7
8501.jpg,9
8502.jpg,2
8503.jpg,5
8504.jpg,3
8505.jpg,7
8506.jpg,8
8507.jpg,5
8508.jpg,6
8509.jpg,2
8510.jpg,7
8511.jpg,4
8512.jpg,7
8513.jpg,5
8514.jpg,1
8515.jpg,1
8516.jpg,9
8517.jpg,4
8518.jpg,0
8519.jpg,0
8520.jpg,2
8521.jpg,3
8522.jpg,1
8523.jpg,8
8524.jpg,8
8525.jpg,8
8526.jpg,4
8527.jpg,6
8528.jpg,7
8529.jpg,5
8530.jpg,9
8531.jpg,2
8532.jpg,9
8533.jpg,0
8534.jpg,6
8535.jpg,2
8536.jpg,0
8537.jpg,6
8538.jpg,7
8539.jpg,7
8540.jpg,8
8541.jpg,9
8542.jpg,1
8543.jpg,4
8544.jpg,8
8545.jpg,0
8546.jpg,2
8547.jpg,0
8548.jpg,6
8549.jpg,1
8550.jpg,7
8551.jpg,0
8552.jpg,3
8553.jpg,7
8554.jpg,8
8555.jpg,5
8556.jpg,2
8557.jpg,3
8558.jpg,2
8559.jpg,6
8560.jpg,2
8561.jpg,9
8562.jpg,1
8563.jpg,2
8564.jpg,5
8565.jpg,2
8566.jpg,0
8567.jpg,8
8568.jpg,6
8569.jpg,9
8570.jpg,5
8571.jpg,1
8572.jpg,6
8573.jpg,2
8574.jpg,0
8575.jpg,7
8576.jpg,0
8577.jpg,1
8578.jpg,4
8579.jpg,1
8580.jpg,0
8581.jpg,0
8582.jpg,5
8583.jpg,6
8584.jpg,4
8585.jpg,9
8586.jpg,0
8587.jpg,8
8588.jpg,6
8589.jpg,8
8590.jpg,1
8591.jpg,0
8592.jpg,2
8593.jpg,4
8594.jpg,2
8595.jpg,7
8596.jpg,1
8597.jpg,7
8598.jpg,4
8599.jpg,8
8600.jpg,5
8601.jpg,9
8602.jpg,9
8603.jpg,4
8604.jpg,7
8605.jpg,2
8606.jpg,6
8607.jpg,8
8608.jpg,8
8609.jpg,3
8610.jpg,1
8611.jpg,7
8612.jpg,6
8613.jpg,0
8614.jpg,3
8615.jpg,7
8616.jpg,7
8617.jpg,0
8618.jpg,0
8619.jpg,8
8620.jpg,3
8621.jpg,9
8622.jpg,2
8623.jpg,2
8624.jpg,5
8625.jpg,8
8626.jpg,3
8627.jpg,5
8628.jpg,0
8629.jpg,5
8630.jpg,1
8631.jpg,8
8632.jpg,5
8633.jpg,0
8634.jpg,3
8635.jpg,0
8636.jpg,5
8637.jpg,1
8638.jpg,2
8639.jpg,0
8640.jpg,4
8641.jpg,6
8642.jpg,1
8643.jpg,1
8644.jpg,9
8645.jpg,8
8646.jpg,1
8647.jpg,3
8648.jpg,3
8649.jpg,3
8650.jpg,1
8651.jpg,9
8652.jpg,3
8653.jpg,7
8654.jpg,3
8655.jpg,2
8656.jpg,0
8657.jpg,5
8658.jpg,1
8659.jpg,6
8660.jpg,4
8661.jpg,4
8662.jpg,6
8663.jpg,9
8664.jpg,2
8665.jpg,6
8666.jpg,8
8667.jpg,7
8668.jpg,4
8669.jpg,9
8670.jpg,0
8671.jpg,6
8672.jpg,5
8673.jpg,3
8674.jpg,6
8675.jpg,0
8676.jpg,2
8677.jpg,6
8678.jpg,7
8679.jpg,3
8680.jpg,5
8681.jpg,0
8682.jpg,1
8683.jpg,0
8684.jpg,3
8685.jpg,4
8686.jpg,8
8687.jpg,9
8688.jpg,7
8689.jpg,8
8690.jpg,6
8691.jpg,1
8692.jpg,5
8693.jpg,7
8694.jpg,8
8695.jpg,5
8696.jpg,5
8697.jpg,3
8698.jpg,6
8699.jpg,3
8700.jpg,8
8701.jpg,4
8702.jpg,3
8703.jpg,7
8704.jpg,2
8705.jpg,2
8706.jpg,3
8707.jpg,6
8708.jpg,4
8709.jpg,5
8710.jpg,1
8711.jpg,0
8712.jpg,4
8713.jpg,7
8714.jpg,4
8715.jpg,8
8716.jpg,0
8717.jpg,5
8718.jpg,0
8719.jpg,1
8720.jpg,4
8721.jpg,6
8722.jpg,2
8723.jpg,6
8724.jpg,8
8725.jpg,1
8726.jpg,8
8727.jpg,8
8728.jpg,4
8729.jpg,7
8730.jpg,4
8731.jpg,2
8732.jpg,7
8733.jpg,8
8734.jpg,8
8735.jpg,1
8736.jpg,6
8737.jpg,7
8738.jpg,6
8739.jpg,5
8740.jpg,9
8741.jpg,2
8742.jpg,9
8743.jpg,8
8744.jpg,1
8745.jpg,2
8746.jpg,2
8747.jpg,6
8748.jpg,0
8749.jpg,7
8750.jpg,2
8751.jpg,6
8752.jpg,9
8753.jpg,0
8754.jpg,8
8755.jpg,4
8756.jpg,1
8757.jpg,6
8758.jpg,5
8759.jpg,9
8760.jpg,7
8761.jpg,3
8762.jpg,4
8763.jpg,6
8764.jpg,3
8765.jpg,2
8766.jpg,2
8767.jpg,7
8768.jpg,9
8769.jpg,6
8770.jpg,0
8771.jpg,6
8772.jpg,0
8773.jpg,6
8774.jpg,4
8775.jpg,5
8776.jpg,4
8777.jpg,9
8778.jpg,9
8779.jpg,8
8780.jpg,7
8781.jpg,3
8782.jpg,0
8783.jpg,0
8784.jpg,5
8785.jpg,1
8786.jpg,6
8787.jpg,4
8788.jpg,5
8789.jpg,9
8790.jpg,5
8791.jpg,0
8792.jpg,5
8793.jpg,9
8794.jpg,4
8795.jpg,1
8796.jpg,0
8797.jpg,8
8798.jpg,7
8799.jpg,1
8800.jpg,8
8801.jpg,2
8802.jpg,4
8803.jpg,7
8804.jpg,1
8805.jpg,4
8806.jpg,2
8807.jpg,5
8808.jpg,8
8809.jpg,8
8810.jpg,4
8811.jpg,3
8812.jpg,1
8813.jpg,2
8814.jpg,7
8815.jpg,8
8816.jpg,1
8817.jpg,8
8818.jpg,1
8819.jpg,5
8820.jpg,9
8821.jpg,4
8822.jpg,1
8823.jpg,0
8824.jpg,4
8825.jpg,3
8826.jpg,7
8827.jpg,9
8828.jpg,0
8829.jpg,3
8830.jpg,2
8831.jpg,6
8832.jpg,8
8833.jpg,7
8834.jpg,6
8835.jpg,8
8836.jpg,9
8837.jpg,7
8838.jpg,1
8839.jpg,5
8840.jpg,5
8841.jpg,1
8842.jpg,1
8843.jpg,6
8844.jpg,6
8845.jpg,6
8846.jpg,5
8847.jpg,0
8848.jpg,9
8849.jpg,0
8850.jpg,8
8851.jpg,5
8852.jpg,4
8853.jpg,6
8854.jpg,5
8855.jpg,0
8856.jpg,6
8857.jpg,8
8858.jpg,1
8859.jpg,5
8860.jpg,5
8861.jpg,2
8862.jpg,8
8863.jpg,9
8864.jpg,6
8865.jpg,6
8866.jpg,6
8867.jpg,8
8868.jpg,9
8869.jpg,4
8870.jpg,8
8871.jpg,9
8872.jpg,1
8873.jpg,9
8874.jpg,5
8875.jpg,7
8876.jpg,4
8877.jpg,4
8878.jpg,1
8879.jpg,3
8880.jpg,3
8881.jpg,8
8882.jpg,5
8883.jpg,2
8884.jpg,7
8885.jpg,0
8886.jpg,5
8887.jpg,3
8888.jpg,5
8889.jpg,2
8890.jpg,7
8891.jpg,3
8892.jpg,1
8893.jpg,6
8894.jpg,3
8895.jpg,4
8896.jpg,5
8897.jpg,3
8898.jpg,0
8899.jpg,8
8900.jpg,0
8901.jpg,8
8902.jpg,1
8903.jpg,3
8904.jpg,8
8905.jpg,2
8906.jpg,4
8907.jpg,2
8908.jpg,1
8909.jpg,4
8910.jpg,4
8911.jpg,1
8912.jpg,3
8913.jpg,0
8914.jpg,8
8915.jpg,7
8916.jpg,9
8917.jpg,6
8918.jpg,7
8919.jpg,1
8920.jpg,7
8921.jpg,0
8922.jpg,6
8923.jpg,4
8924.jpg,5
8925.jpg,8
8926.jpg,9
8927.jpg,8
8928.jpg,9
8929.jpg,1
8930.jpg,4
8931.jpg,3
8932.jpg,3
8933.jpg,9
8934.jpg,7
8935.jpg,1
8936.jpg,6
8937.jpg,0
8938.jpg,7
8939.jpg,2
8940.jpg,4
8941.jpg,4
8942.jpg,3
8943.jpg,0
8944.jpg,5
8945.jpg,3
8946.jpg,1
8947.jpg,7
8948.jpg,0
8949.jpg,8
8950.jpg,1
8951.jpg,3
8952.jpg,8
8953.jpg,4
8954.jpg,5
8955.jpg,7
8956.jpg,3
8957.jpg,6
8958.jpg,1
8959.jpg,6
8960.jpg,3
8961.jpg,9
8962.jpg,7
8963.jpg,0
8964.jpg,4
8965.jpg,7
8966.jpg,5
8967.jpg,4
8968.jpg,6
8969.jpg,8
8970.jpg,0
8971.jpg,2
8972.jpg,4
8973.jpg,6
8974.jpg,1
8975.jpg,5
8976.jpg,3
8977.jpg,0
8978.jpg,8
8979.jpg,4
8980.jpg,0
8981.jpg,2
8982.jpg,3
8983.jpg,4
8984.jpg,3
8985.jpg,9
8986.jpg,9
8987.jpg,8
8988.jpg,5
8989.jpg,2
8990.jpg,5
8991.jpg,2
8992.jpg,3
8993.jpg,6
8994.jpg,3
8995.jpg,4
8996.jpg,2
8997.jpg,5
8998.jpg,9
8999.jpg,3
9000.jpg,6
9001.jpg,2
9002.jpg,5
9003.jpg,4
9004.jpg,5
9005.jpg,4
9006.jpg,0
9007.jpg,6
9008.jpg,2
9009.jpg,4
9010.jpg,6
9011.jpg,8
9012.jpg,0
9013.jpg,3
9014.jpg,9
9015.jpg,8
9016.jpg,9
9017.jpg,7
9018.jpg,5
9019.jpg,2
9020.jpg,6
9021.jpg,3
9022.jpg,8
9023.jpg,1
9024.jpg,3
9025.jpg,9
9026.jpg,0
9027.jpg,0
9028.jpg,6
9029.jpg,5
9030.jpg,7
9031.jpg,6
9032.jpg,8
9033.jpg,3
9034.jpg,6
9035.jpg,8
9036.jpg,4
9037.jpg,0
9038.jpg,8
9039.jpg,1
9040.jpg,1
9041.jpg,9
9042.jpg,5
9043.jpg,9
9044.jpg,0
9045.jpg,3
9046.jpg,6
9047.jpg,4
9048.jpg,9
9049.jpg,0
9050.jpg,9
9051.jpg,2
9052.jpg,6
9053.jpg,7
9054.jpg,6
9055.jpg,2
9056.jpg,0
9057.jpg,6
9058.jpg,1
9059.jpg,0
9060.jpg,2
9061.jpg,4
9062.jpg,2
9063.jpg,9
9064.jpg,7
9065.jpg,9
9066.jpg,5
9067.jpg,4
9068.jpg,6
9069.jpg,8
9070.jpg,5
9071.jpg,3
9072.jpg,8
9073.jpg,3
9074.jpg,3
9075.jpg,8
9076.jpg,0
9077.jpg,7
9078.jpg,7
9079.jpg,8
9080.jpg,0
9081.jpg,7
9082.jpg,2
9083.jpg,0
9084.jpg,9
9085.jpg,7
9086.jpg,6
9087.jpg,6
9088.jpg,7
9089.jpg,8
9090.jpg,5
9091.jpg,6
9092.jpg,5
9093.jpg,9
9094.jpg,8
9095.jpg,3
9096.jpg,2
9097.jpg,1
9098.jpg,8
9099.jpg,9
9100.jpg,3
9101.jpg,3
9102.jpg,1
9103.jpg,5
9104.jpg,0
9105.jpg,4
9106.jpg,8
9107.jpg,7
9108.jpg,3
9109.jpg,1
9110.jpg,2
9111.jpg,7
9112.jpg,2
9113.jpg,0
9114.jpg,8
9115.jpg,9
9116.jpg,5
9117.jpg,9
9118.jpg,1
9119.jpg,8
9120.jpg,6
9121.jpg,0
9122.jpg,6
9123.jpg,5
9124.jpg,5
9125.jpg,4
9126.jpg,4
9127.jpg,4
9128.jpg,2
9129.jpg,3
9130.jpg,3
9131.jpg,5
9132.jpg,1
9133.jpg,6
9134.jpg,6
9135.jpg,3
9136.jpg,7
9137.jpg,9
9138.jpg,0
9139.jpg,8
9140.jpg,3
9141.jpg,1
9142.jpg,8
9143.jpg,4
9144.jpg,7
9145.jpg,2
9146.jpg,4
9147.jpg,5
9148.jpg,6
9149.jpg,0
9150.jpg,3
9151.jpg,3
9152.jpg,3
9153.jpg,0
9154.jpg,8
9155.jpg,7
9156.jpg,9
9157.jpg,5
9158.jpg,3
9159.jpg,6
9160.jpg,5
9161.jpg,6
9162.jpg,4
9163.jpg,3
9164.jpg,7
9165.jpg,3
9166.jpg,3
9167.jpg,5
9168.jpg,7
9169.jpg,4
9170.jpg,0
9171.jpg,3
9172.jpg,7
9173.jpg,4
9174.jpg,9
9175.jpg,3
9176.jpg,5
9177.jpg,4
9178.jpg,2
9179.jpg,0
9180.jpg,7
9181.jpg,7
9182.jpg,4
9183.jpg,9
9184.jpg,8
9185.jpg,2
9186.jpg,4
9187.jpg,3
9188.jpg,6
9189.jpg,6
9190.jpg,6
9191.jpg,8
9192.jpg,1
9193.jpg,8
9194.jpg,3
9195.jpg,1
9196.jpg,0
9197.jpg,6
9198.jpg,8
9199.jpg,9
9200.jpg,6
9201.jpg,0
9202.jpg,4
9203.jpg,6
9204.jpg,1
9205.jpg,6
9206.jpg,6
9207.jpg,8
9208.jpg,1
9209.jpg,4
9210.jpg,8
9211.jpg,3
9212.jpg,9
9213.jpg,0
9214.jpg,5
9215.jpg,7
9216.jpg,5
9217.jpg,4
9218.jpg,1
9219.jpg,7
9220.jpg,3
9221.jpg,4
9222.jpg,2
9223.jpg,0
9224.jpg,6
9225.jpg,5
9226.jpg,6
9227.jpg,6
9228.jpg,5
9229.jpg,5
9230.jpg,0
9231.jpg,7
9232.jpg,8
9233.jpg,2
9234.jpg,1
9235.jpg,3
9236.jpg,0
9237.jpg,2
9238.jpg,9
9239.jpg,8
9240.jpg,1
9241.jpg,0
9242.jpg,2
9243.jpg,8
9244.jpg,4
9245.jpg,0
9246.jpg,7
9247.jpg,7
9248.jpg,2
9249.jpg,4
9250.jpg,1
9251.jpg,7
9252.jpg,6
9253.jpg,8
9254.jpg,8
9255.jpg,7
9256.jpg,1
9257.jpg,7
9258.jpg,6
9259.jpg,7
9260.jpg,0
9261.jpg,7
9262.jpg,7
9263.jpg,8
9264.jpg,9
9265.jpg,4
9266.jpg,7
9267.jpg,8
9268.jpg,1
9269.jpg,2
9270.jpg,7
9271.jpg,0
9272.jpg,3
9273.jpg,2
9274.jpg,9
9275.jpg,1
9276.jpg,7
9277.jpg,1
9278.jpg,8
9279.jpg,1
9280.jpg,9
9281.jpg,0
9282.jpg,5
9283.jpg,8
9284.jpg,4
9285.jpg,5
9286.jpg,0
9287.jpg,3
9288.jpg,0
9289.jpg,3
9290.jpg,4
9291.jpg,1
9292.jpg,4
9293.jpg,4
9294.jpg,3
9295.jpg,6
9296.jpg,4
9297.jpg,7
9298.jpg,8
9299.jpg,8
9300.jpg,3
9301.jpg,0
9302.jpg,4
9303.jpg,7
9304.jpg,7
9305.jpg,6
9306.jpg,7
9307.jpg,7
9308.jpg,2
9309.jpg,2
9310.jpg,2
9311.jpg,0
9312.jpg,2
9313.jpg,3
9314.jpg,7
9315.jpg,6
9316.jpg,5
9317.jpg,8
9318.jpg,5
9319.jpg,9
9320.jpg,9
9321.jpg,3
9322.jpg,1
9323.jpg,6
9324.jpg,2
9325.jpg,3
9326.jpg,6
9327.jpg,9
9328.jpg,7
9329.jpg,0
9330.jpg,9
9331.jpg,9
9332.jpg,5
9333.jpg,1
9334.jpg,8
9335.jpg,8
9336.jpg,8
9337.jpg,6
9338.jpg,1
9339.jpg,2
9340.jpg,1
9341.jpg,3
9342.jpg,8
9343.jpg,6
9344.jpg,4
9345.jpg,7
9346.jpg,5
9347.jpg,5
9348.jpg,4
9349.jpg,1
9350.jpg,8
9351.jpg,7
9352.jpg,1
9353.jpg,1
9354.jpg,7
9355.jpg,3
9356.jpg,4
9357.jpg,6
9358.jpg,8
9359.jpg,9
9360.jpg,2
9361.jpg,9
9362.jpg,8
9363.jpg,1
9364.jpg,8
9365.jpg,8
9366.jpg,3
9367.jpg,8
9368.jpg,2
9369.jpg,4
9370.jpg,6
9371.jpg,9
9372.jpg,0
9373.jpg,1
9374.jpg,3
9375.jpg,3
9376.jpg,9
9377.jpg,4
9378.jpg,7
9379.jpg,0
9380.jpg,0
9381.jpg,5
9382.jpg,2
9383.jpg,8
9384.jpg,3
9385.jpg,8
9386.jpg,0
9387.jpg,1
9388.jpg,4
9389.jpg,2
9390.jpg,2
9391.jpg,1
9392.jpg,0
9393.jpg,8
9394.jpg,5
9395.jpg,7
9396.jpg,0
9397.jpg,0
9398.jpg,3
9399.jpg,3
9400.jpg,7
9401.jpg,6
9402.jpg,1
9403.jpg,5
9404.jpg,1
9405.jpg,1
9406.jpg,7
9407.jpg,2
9408.jpg,7
9409.jpg,0
9410.jpg,3
9411.jpg,5
9412.jpg,2
9413.jpg,4
9414.jpg,5
9415.jpg,6
9416.jpg,4
9417.jpg,6
9418.jpg,9
9419.jpg,8
9420.jpg,3
9421.jpg,7
9422.jpg,1
9423.jpg,3
9424.jpg,8
9425.jpg,7
9426.jpg,2
9427.jpg,9
9428.jpg,3
9429.jpg,7
9430.jpg,4
9431.jpg,0
9432.jpg,7
9433.jpg,8
9434.jpg,9
9435.jpg,0
9436.jpg,2
9437.jpg,1
9438.jpg,3
9439.jpg,4
9440.jpg,9
9441.jpg,5
9442.jpg,8
9443.jpg,7
9444.jpg,8
9445.jpg,5
9446.jpg,5
9447.jpg,0
9448.jpg,8
9449.jpg,9
9450.jpg,9
9451.jpg,4
9452.jpg,6
9453.jpg,9
9454.jpg,8
9455.jpg,1
9456.jpg,5
9457.jpg,6
9458.jpg,5
9459.jpg,4
9460.jpg,8
9461.jpg,3
9462.jpg,8
9463.jpg,5
9464.jpg,6
9465.jpg,7
9466.jpg,2
9467.jpg,4
9468.jpg,8
9469.jpg,6
9470.jpg,4
9471.jpg,0
9472.jpg,7
9473.jpg,4
9474.jpg,1
9475.jpg,5
9476.jpg,1
9477.jpg,0
9478.jpg,2
9479.jpg,5
9480.jpg,0
9481.jpg,4
9482.jpg,3
9483.jpg,6
9484.jpg,1
9485.jpg,7
9486.jpg,0
9487.jpg,5
9488.jpg,4
9489.jpg,1
9490.jpg,1
9491.jpg,4
9492.jpg,2
9493.jpg,9
9494.jpg,7
9495.jpg,4
9496.jpg,3
9497.jpg,5
9498.jpg,7
9499.jpg,2
9500.jpg,3
9501.jpg,4
9502.jpg,8
9503.jpg,7
9504.jpg,0
9505.jpg,4
9506.jpg,3
9507.jpg,8
9508.jpg,2
9509.jpg,4
9510.jpg,9
9511.jpg,6
9512.jpg,6
9513.jpg,7
9514.jpg,2
9515.jpg,2
9516.jpg,6
9517.jpg,9
9518.jpg,7
9519.jpg,0
9520.jpg,2
9521.jpg,0
9522.jpg,9
9523.jpg,6
9524.jpg,1
9525.jpg,5
9526.jpg,3
9527.jpg,6
9528.jpg,2
9529.jpg,7
9530.jpg,0
9531.jpg,0
9532.jpg,1
9533.jpg,3
9534.jpg,8
9535.jpg,2
9536.jpg,7
9537.jpg,6
9538.jpg,5
9539.jpg,5
9540.jpg,2
9541.jpg,4
9542.jpg,6
9543.jpg,3
9544.jpg,6
9545.jpg,8
9546.jpg,9
9547.jpg,7
9548.jpg,9
9549.jpg,1
9550.jpg,2
9551.jpg,5
9552.jpg,3
9553.jpg,0
9554.jpg,3
9555.jpg,6
9556.jpg,9
9557.jpg,9
9558.jpg,5
9559.jpg,6
9560.jpg,1
9561.jpg,4
9562.jpg,6
9563.jpg,8
9564.jpg,9
9565.jpg,4
9566.jpg,1
9567.jpg,9
9568.jpg,6
9569.jpg,5
9570.jpg,9
9571.jpg,8
9572.jpg,9
9573.jpg,4
9574.jpg,0
9575.jpg,3
9576.jpg,4
9577.jpg,8
9578.jpg,8
9579.jpg,8
9580.jpg,2
9581.jpg,9
9582.jpg,7
9583.jpg,9
9584.jpg,0
9585.jpg,9
9586.jpg,9
9587.jpg,5
9588.jpg,4
9589.jpg,0
9590.jpg,8
9591.jpg,5
9592.jpg,8
9593.jpg,8
9594.jpg,2
9595.jpg,7
9596.jpg,4
9597.jpg,9
9598.jpg,8
9599.jpg,3
9600.jpg,9
9601.jpg,0
9602.jpg,5
9603.jpg,5
9604.jpg,3
9605.jpg,8
9606.jpg,0
9607.jpg,4
9608.jpg,3
9609.jpg,3
9610.jpg,2
9611.jpg,9
9612.jpg,8
9613.jpg,8
9614.jpg,3
9615.jpg,4
9616.jpg,3
9617.jpg,6
9618.jpg,4
9619.jpg,0
9620.jpg,9
9621.jpg,8
9622.jpg,1
9623.jpg,9
9624.jpg,5
9625.jpg,9
9626.jpg,4
9627.jpg,8
9628.jpg,0
9629.jpg,7
9630.jpg,6
9631.jpg,0
9632.jpg,2
9633.jpg,7
9634.jpg,3
9635.jpg,9
9636.jpg,6
9637.jpg,6
9638.jpg,1
9639.jpg,6
9640.jpg,3
9641.jpg,3
9642.jpg,5
9643.jpg,6
9644.jpg,3
9645.jpg,5
9646.jpg,2
9647.jpg,5
9648.jpg,2
9649.jpg,5
9650.jpg,0
9651.jpg,3
9652.jpg,1
9653.jpg,8
9654.jpg,1
9655.jpg,2
9656.jpg,4
9657.jpg,6
9658.jpg,8
9659.jpg,3
9660.jpg,5
9661.jpg,2
9662.jpg,5
9663.jpg,5
9664.jpg,0
9665.jpg,3
9666.jpg,0
9667.jpg,7
9668.jpg,1
9669.jpg,5
9670.jpg,0
9671.jpg,2
9672.jpg,9
9673.jpg,9
9674.jpg,1
9675.jpg,2
9676.jpg,4
9677.jpg,5
9678.jpg,6
9679.jpg,1
9680.jpg,6
9681.jpg,3
9682.jpg,5
9683.jpg,2
9684.jpg,8
9685.jpg,9
9686.jpg,2
9687.jpg,2
9688.jpg,9
9689.jpg,3
9690.jpg,4
9691.jpg,0
9692.jpg,1
9693.jpg,2
9694.jpg,5
9695.jpg,5
9696.jpg,1
9697.jpg,6
9698.jpg,4
9699.jpg,9
9700.jpg,7
9701.jpg,4
9702.jpg,8
9703.jpg,4
9704.jpg,8
9705.jpg,4
9706.jpg,5
9707.jpg,8
9708.jpg,7
9709.jpg,0
9710.jpg,6
9711.jpg,7
9712.jpg,5
9713.jpg,9
9714.jpg,5
9715.jpg,8
9716.jpg,0
9717.jpg,7
9718.jpg,5
9719.jpg,0
9720.jpg,7
9721.jpg,9
9722.jpg,5
9723.jpg,0
9724.jpg,1
9725.jpg,0
9726.jpg,7
9727.jpg,7
9728.jpg,2
9729.jpg,2
9730.jpg,5
9731.jpg,9
9732.jpg,2
9733.jpg,5
9734.jpg,4
9735.jpg,1
9736.jpg,9
9737.jpg,1
9738.jpg,8
9739.jpg,0
9740.jpg,4
9741.jpg,9
9742.jpg,5
9743.jpg,9
9744.jpg,2
9745.jpg,1
9746.jpg,9
9747.jpg,2
9748.jpg,5
9749.jpg,1
9750.jpg,7
9751.jpg,3
9752.jpg,4
9753.jpg,2
9754.jpg,9
9755.jpg,7
9756.jpg,6
9757.jpg,5
9758.jpg,7
9759.jpg,6
9760.jpg,0
9761.jpg,3
9762.jpg,7
9763.jpg,0
9764.jpg,9
9765.jpg,2
9766.jpg,8
9767.jpg,7
9768.jpg,4
9769.jpg,1
9770.jpg,8
9771.jpg,1
9772.jpg,4
9773.jpg,3
9774.jpg,0
9775.jpg,9
9776.jpg,8
9777.jpg,3
9778.jpg,3
9779.jpg,5
9780.jpg,0
9781.jpg,9
9782.jpg,7
9783.jpg,5
9784.jpg,9
9785.jpg,4
9786.jpg,2
9787.jpg,8
9788.jpg,5
9789.jpg,3
9790.jpg,5
9791.jpg,6
9792.jpg,1
9793.jpg,0
9794.jpg,2
9795.jpg,8
9796.jpg,7
9797.jpg,7
9798.jpg,7
9799.jpg,7
9800.jpg,1
9801.jpg,9
9802.jpg,8
9803.jpg,4
9804.jpg,9
9805.jpg,1
9806.jpg,9
9807.jpg,7
9808.jpg,6
9809.jpg,2
9810.jpg,7
9811.jpg,1
9812.jpg,7
9813.jpg,9
9814.jpg,6
9815.jpg,0
9816.jpg,9
9817.jpg,5
9818.jpg,1
9819.jpg,0
9820.jpg,1
9821.jpg,2
9822.jpg,3
9823.jpg,6
9824.jpg,1
9825.jpg,1
9826.jpg,0
9827.jpg,9
9828.jpg,1
9829.jpg,4
9830.jpg,9
9831.jpg,9
9832.jpg,9
9833.jpg,4
9834.jpg,2
9835.jpg,7
9836.jpg,2
9837.jpg,9
9838.jpg,8
9839.jpg,9
9840.jpg,8
9841.jpg,9
9842.jpg,6
9843.jpg,1
9844.jpg,9
9845.jpg,5
9846.jpg,5
9847.jpg,2
9848.jpg,1
9849.jpg,4
9850.jpg,3
9851.jpg,5
9852.jpg,3
9853.jpg,4
9854.jpg,2
9855.jpg,9
9856.jpg,9
9857.jpg,2
9858.jpg,6
9859.jpg,9
9860.jpg,9
9861.jpg,2
9862.jpg,3
9863.jpg,0
9864.jpg,8
9865.jpg,3
9866.jpg,4
9867.jpg,6
9868.jpg,3
9869.jpg,5
9870.jpg,9
9871.jpg,3
9872.jpg,9
9873.jpg,6
9874.jpg,6
9875.jpg,0
9876.jpg,9
9877.jpg,0
9878.jpg,4
9879.jpg,9
9880.jpg,5
9881.jpg,2
9882.jpg,2
9883.jpg,0
9884.jpg,9
9885.jpg,3
9886.jpg,0
9887.jpg,2
9888.jpg,7
9889.jpg,6
9890.jpg,9
9891.jpg,4
9892.jpg,1
9893.jpg,5
9894.jpg,9
9895.jpg,8
9896.jpg,8
9897.jpg,3
9898.jpg,3
9899.jpg,0
9900.jpg,6
9901.jpg,2
9902.jpg,1
9903.jpg,3
9904.jpg,0
9905.jpg,1
9906.jpg,1
9907.jpg,0
9908.jpg,8
9909.jpg,6
9910.jpg,3
9911.jpg,1
9912.jpg,1
9913.jpg,6
9914.jpg,0
9915.jpg,8
9916.jpg,8
9917.jpg,9
9918.jpg,8
9919.jpg,3
9920.jpg,5
9921.jpg,3
9922.jpg,6
9923.jpg,5
9924.jpg,3
9925.jpg,2
9926.jpg,0
9927.jpg,0
9928.jpg,2
9929.jpg,5
9930.jpg,9
9931.jpg,2
9932.jpg,4
9933.jpg,1
9934.jpg,9
9935.jpg,2
9936.jpg,1
9937.jpg,8
9938.jpg,6
9939.jpg,6
9940.jpg,1
9941.jpg,3
9942.jpg,4
9943.jpg,2
9944.jpg,7
9945.jpg,4
9946.jpg,4
9947.jpg,4
9948.jpg,1
9949.jpg,7
9950.jpg,3
9951.jpg,2
9952.jpg,2
9953.jpg,1
9954.jpg,6
9955.jpg,9
9956.jpg,8
9957.jpg,0
9958.jpg,4
9959.jpg,0
9960.jpg,2
9961.jpg,7
9962.jpg,7
9963.jpg,6
9964.jpg,1
9965.jpg,1
9966.jpg,0
9967.jpg,5
9968.jpg,6
9969.jpg,6
9970.jpg,8
9971.jpg,8
9972.jpg,3
9973.jpg,5
9974.jpg,1
9975.jpg,5
9976.jpg,2
9977.jpg,4
9978.jpg,6
9979.jpg,3
9980.jpg,3
9981.jpg,8
9982.jpg,6
9983.jpg,2
9984.jpg,9
9985.jpg,7
9986.jpg,6
9987.jpg,1
9988.jpg,7
9989.jpg,3
9990.jpg,1
9991.jpg,2
9992.jpg,8
9993.jpg,9
9994.jpg,6
9995.jpg,0
9996.jpg,1
9997.jpg,6
9998.jpg,2
9999.jpg,8
10000.jpg,8
10001.jpg,5
10002.jpg,0
10003.jpg,6
10004.jpg,9
10005.jpg,2
10006.jpg,8
10007.jpg,3
10008.jpg,6
10009.jpg,2
10010.jpg,7
10011.jpg,4
10012.jpg,6
10013.jpg,9
10014.jpg,0
10015.jpg,0
10016.jpg,7
10017.jpg,3
10018.jpg,7
10019.jpg,2
10020.jpg,5
10021.jpg,6
10022.jpg,6
10023.jpg,0
10024.jpg,9
10025.jpg,6
10026.jpg,8
10027.jpg,6
10028.jpg,7
10029.jpg,2
10030.jpg,7
10031.jpg,5
10032.jpg,3
10033.jpg,3
10034.jpg,3
10035.jpg,0
10036.jpg,6
10037.jpg,5
10038.jpg,2
10039.jpg,0
10040.jpg,8
10041.jpg,8
10042.jpg,1
10043.jpg,5
10044.jpg,4
10045.jpg,0
10046.jpg,4
10047.jpg,1
10048.jpg,2
10049.jpg,4
10050.jpg,3
10051.jpg,2
10052.jpg,8
10053.jpg,5
10054.jpg,4
10055.jpg,2
10056.jpg,1
10057.jpg,1
10058.jpg,3
10059.jpg,5
10060.jpg,4
10061.jpg,2
10062.jpg,7
10063.jpg,7
10064.jpg,8
10065.jpg,2
10066.jpg,5
10067.jpg,3
10068.jpg,9
10069.jpg,9
10070.jpg,0
10071.jpg,6
10072.jpg,7
10073.jpg,2
10074.jpg,1
10075.jpg,5
10076.jpg,5
10077.jpg,2
10078.jpg,7
10079.jpg,1
10080.jpg,3
10081.jpg,8
10082.jpg,8
10083.jpg,5
10084.jpg,5
10085.jpg,4
10086.jpg,0
10087.jpg,5
10088.jpg,1
10089.jpg,8
10090.jpg,5
10091.jpg,3
10092.jpg,5
10093.jpg,6
10094.jpg,7
10095.jpg,9
10096.jpg,4
10097.jpg,0
10098.jpg,6
10099.jpg,7
10100.jpg,8
10101.jpg,5
10102.jpg,2
10103.jpg,4
10104.jpg,6
10105.jpg,0
10106.jpg,6
10107.jpg,1
10108.jpg,4
10109.jpg,7
10110.jpg,8
10111.jpg,3
10112.jpg,2
10113.jpg,6
10114.jpg,1
10115.jpg,6
10116.jpg,4
10117.jpg,3
10118.jpg,8
10119.jpg,1
10120.jpg,4
10121.jpg,3
10122.jpg,5
10123.jpg,4
10124.jpg,0
10125.jpg,2
10126.jpg,5
10127.jpg,0
10128.jpg,8
10129.jpg,9
10130.jpg,2
10131.jpg,3
10132.jpg,0
10133.jpg,4
10134.jpg,9
10135.jpg,6
10136.jpg,4
10137.jpg,4
10138.jpg,2
10139.jpg,3
10140.jpg,5
10141.jpg,6
10142.jpg,4
10143.jpg,3
10144.jpg,3
10145.jpg,2
10146.jpg,6
10147.jpg,4
10148.jpg,6
10149.jpg,2
10150.jpg,8
10151.jpg,3
10152.jpg,3
10153.jpg,3
10154.jpg,4
10155.jpg,1
10156.jpg,5
10157.jpg,4
10158.jpg,7
10159.jpg,3
10160.jpg,6
10161.jpg,8
10162.jpg,1
10163.jpg,3
10164.jpg,5
10165.jpg,9
10166.jpg,7
10167.jpg,9
10168.jpg,1
10169.jpg,0
10170.jpg,7
10171.jpg,5
10172.jpg,9
10173.jpg,4
10174.jpg,3
10175.jpg,7
10176.jpg,9
10177.jpg,6
10178.jpg,5
10179.jpg,7
10180.jpg,0
10181.jpg,9
10182.jpg,8
10183.jpg,2
10184.jpg,3
10185.jpg,5
10186.jpg,7
10187.jpg,9
10188.jpg,0
10189.jpg,2
10190.jpg,0
10191.jpg,7
10192.jpg,4
10193.jpg,6
10194.jpg,3
10195.jpg,1
10196.jpg,3
10197.jpg,1
10198.jpg,8
10199.jpg,1
10200.jpg,5
10201.jpg,5
10202.jpg,7
10203.jpg,3
10204.jpg,3
10205.jpg,0
10206.jpg,4
10207.jpg,5
10208.jpg,3
10209.jpg,8
10210.jpg,3
10211.jpg,9
10212.jpg,2
10213.jpg,9
10214.jpg,1
10215.jpg,3
10216.jpg,2
10217.jpg,0
10218.jpg,7
10219.jpg,8
10220.jpg,2
10221.jpg,8
10222.jpg,1
10223.jpg,7
10224.jpg,9
10225.jpg,6
10226.jpg,2
10227.jpg,8
10228.jpg,8
10229.jpg,9
10230.jpg,7
10231.jpg,9
10232.jpg,9
10233.jpg,0
10234.jpg,3
10235.jpg,7
10236.jpg,0
10237.jpg,8
10238.jpg,6
10239.jpg,8
10240.jpg,6
10241.jpg,9
10242.jpg,0
10243.jpg,4
10244.jpg,1
10245.jpg,1
10246.jpg,8
10247.jpg,7
10248.jpg,9
10249.jpg,7
10250.jpg,9
10251.jpg,7
10252.jpg,3
10253.jpg,4
10254.jpg,6
10255.jpg,3
10256.jpg,0
10257.jpg,0
10258.jpg,6
10259.jpg,8
10260.jpg,2
10261.jpg,3
10262.jpg,0
10263.jpg,6
10264.jpg,9
10265.jpg,0
10266.jpg,2
10267.jpg,0
10268.jpg,6
10269.jpg,3
10270.jpg,4
10271.jpg,3
10272.jpg,2
10273.jpg,1
10274.jpg,4
10275.jpg,0
10276.jpg,4
10277.jpg,5
10278.jpg,6
10279.jpg,5
10280.jpg,4
10281.jpg,3
10282.jpg,4
10283.jpg,2
10284.jpg,2
10285.jpg,2
10286.jpg,2
10287.jpg,0
10288.jpg,8
10289.jpg,3
10290.jpg,8
10291.jpg,7
10292.jpg,5
10293.jpg,6
10294.jpg,4
10295.jpg,0
10296.jpg,9
10297.jpg,6
10298.jpg,8
10299.jpg,7
10300.jpg,8
10301.jpg,3
10302.jpg,0
10303.jpg,4
10304.jpg,1
10305.jpg,9
10306.jpg,4
10307.jpg,1
10308.jpg,2
10309.jpg,7
10310.jpg,6
10311.jpg,1
10312.jpg,1
10313.jpg,1
10314.jpg,7
10315.jpg,5
10316.jpg,6
10317.jpg,2
10318.jpg,2
10319.jpg,0
10320.jpg,5
10321.jpg,4
10322.jpg,5
10323.jpg,2
10324.jpg,6
10325.jpg,4
10326.jpg,3
10327.jpg,1
10328.jpg,0
10329.jpg,3
10330.jpg,3
10331.jpg,1
10332.jpg,6
10333.jpg,6
10334.jpg,0
10335.jpg,3
10336.jpg,1
10337.jpg,3
10338.jpg,3
10339.jpg,3
10340.jpg,4
10341.jpg,4
10342.jpg,4
10343.jpg,4
10344.jpg,3
10345.jpg,3
10346.jpg,3
10347.jpg,7
10348.jpg,5
10349.jpg,0
10350.jpg,8
10351.jpg,1
10352.jpg,8
10353.jpg,1
10354.jpg,9
10355.jpg,0
10356.jpg,7
10357.jpg,7
10358.jpg,8
10359.jpg,8
10360.jpg,8
10361.jpg,5
10362.jpg,6
10363.jpg,4
10364.jpg,7
10365.jpg,5
10366.jpg,1
10367.jpg,3
10368.jpg,1
10369.jpg,7
10370.jpg,8
10371.jpg,3
10372.jpg,6
10373.jpg,4
10374.jpg,4
10375.jpg,8
10376.jpg,1
10377.jpg,6
10378.jpg,3
10379.jpg,0
10380.jpg,9
10381.jpg,1
10382.jpg,5
10383.jpg,0
10384.jpg,6
10385.jpg,9
10386.jpg,6
10387.jpg,5
10388.jpg,9
10389.jpg,7
10390.jpg,3
10391.jpg,1
10392.jpg,7
10393.jpg,0
10394.jpg,5
10395.jpg,8
10396.jpg,0
10397.jpg,3
10398.jpg,0
10399.jpg,7
10400.jpg,8
10401.jpg,3
10402.jpg,9
10403.jpg,2
10404.jpg,0
10405.jpg,8
10406.jpg,4
10407.jpg,4
10408.jpg,6
10409.jpg,4
10410.jpg,3
10411.jpg,4
10412.jpg,4
10413.jpg,3
10414.jpg,5
10415.jpg,5
10416.jpg,5
10417.jpg,7
10418.jpg,3
10419.jpg,8
10420.jpg,9
10421.jpg,5
10422.jpg,5
10423.jpg,7
10424.jpg,0
10425.jpg,3
10426.jpg,2
10427.jpg,9
10428.jpg,9
10429.jpg,7
10430.jpg,9
10431.jpg,3
10432.jpg,6
10433.jpg,7
10434.jpg,0
10435.jpg,4
10436.jpg,7
10437.jpg,6
10438.jpg,1
10439.jpg,4
10440.jpg,1
10441.jpg,9
10442.jpg,1
10443.jpg,7
10444.jpg,1
10445.jpg,5
10446.jpg,4
10447.jpg,3
10448.jpg,3
10449.jpg,0
10450.jpg,4
10451.jpg,5
10452.jpg,0
10453.jpg,1
10454.jpg,0
10455.jpg,8
10456.jpg,9
10457.jpg,2
10458.jpg,0
10459.jpg,8
10460.jpg,5
10461.jpg,8
10462.jpg,9
10463.jpg,1
10464.jpg,7
10465.jpg,3
10466.jpg,8
10467.jpg,8
10468.jpg,2
10469.jpg,3
10470.jpg,4
10471.jpg,0
10472.jpg,9
10473.jpg,0
10474.jpg,0
10475.jpg,1
10476.jpg,7
10477.jpg,5
10478.jpg,5
10479.jpg,8
10480.jpg,6
10481.jpg,9
10482.jpg,6
10483.jpg,5
10484.jpg,5
10485.jpg,4
10486.jpg,1
10487.jpg,6
10488.jpg,3
10489.jpg,7
10490.jpg,2
10491.jpg,8
10492.jpg,8
10493.jpg,5
10494.jpg,1
10495.jpg,5
10496.jpg,3
10497.jpg,1
10498.jpg,4
10499.jpg,7
10500.jpg,8
10501.jpg,6
10502.jpg,8
10503.jpg,6
10504.jpg,6
10505.jpg,3
10506.jpg,6
10507.jpg,3
10508.jpg,8
10509.jpg,8
10510.jpg,1
10511.jpg,4
10512.jpg,5
10513.jpg,1
10514.jpg,6
10515.jpg,4
10516.jpg,9
10517.jpg,9
10518.jpg,9
10519.jpg,9
10520.jpg,3
10521.jpg,4
10522.jpg,3
10523.jpg,0
10524.jpg,3
10525.jpg,3
10526.jpg,2
10527.jpg,6
10528.jpg,3
10529.jpg,3
10530.jpg,8
10531.jpg,3
10532.jpg,0
10533.jpg,2
10534.jpg,3
10535.jpg,6
10536.jpg,1
10537.jpg,0
10538.jpg,2
10539.jpg,0
10540.jpg,8
10541.jpg,6
10542.jpg,5
10543.jpg,4
10544.jpg,7
10545.jpg,2
10546.jpg,1
10547.jpg,2
10548.jpg,6
10549.jpg,1
10550.jpg,7
10551.jpg,2
10552.jpg,9
10553.jpg,4
10554.jpg,1
10555.jpg,0
10556.jpg,2
10557.jpg,1
10558.jpg,2
10559.jpg,9
10560.jpg,2
10561.jpg,6
10562.jpg,5
10563.jpg,2
10564.jpg,4
10565.jpg,7
10566.jpg,0
10567.jpg,7
10568.jpg,0
10569.jpg,3
10570.jpg,2
10571.jpg,3
10572.jpg,2
10573.jpg,4
10574.jpg,0
10575.jpg,4
10576.jpg,7
10577.jpg,3
10578.jpg,9
10579.jpg,2
10580.jpg,2
10581.jpg,7
10582.jpg,6
10583.jpg,3
10584.jpg,0
10585.jpg,4
10586.jpg,6
10587.jpg,9
10588.jpg,4
10589.jpg,2
10590.jpg,7
10591.jpg,3
10592.jpg,1
10593.jpg,3
10594.jpg,8
10595.jpg,1
10596.jpg,8
10597.jpg,6
10598.jpg,8
10599.jpg,9
10600.jpg,9
10601.jpg,3
10602.jpg,0
10603.jpg,5
10604.jpg,8
10605.jpg,1
10606.jpg,0
10607.jpg,7
10608.jpg,4
10609.jpg,6
10610.jpg,4
10611.jpg,0
10612.jpg,8
10613.jpg,9
10614.jpg,7
10615.jpg,5
10616.jpg,1
10617.jpg,8
10618.jpg,7
10619.jpg,1
10620.jpg,8
10621.jpg,2
10622.jpg,0
10623.jpg,6
10624.jpg,3
10625.jpg,3
10626.jpg,3
10627.jpg,5
10628.jpg,6
10629.jpg,4
10630.jpg,3
10631.jpg,3
10632.jpg,3
10633.jpg,2
10634.jpg,9
10635.jpg,9
10636.jpg,9
10637.jpg,1
10638.jpg,3
10639.jpg,3
10640.jpg,4
10641.jpg,6
10642.jpg,4
10643.jpg,1
10644.jpg,5
10645.jpg,2
10646.jpg,7
10647.jpg,5
10648.jpg,3
10649.jpg,1
10650.jpg,8
10651.jpg,2
10652.jpg,8
10653.jpg,9
10654.jpg,4
10655.jpg,4
10656.jpg,2
10657.jpg,9
10658.jpg,0
10659.jpg,4
10660.jpg,2
10661.jpg,1
10662.jpg,8
10663.jpg,6
10664.jpg,8
10665.jpg,9
10666.jpg,6
10667.jpg,1
10668.jpg,8
10669.jpg,5
10670.jpg,9
10671.jpg,2
10672.jpg,5
10673.jpg,2
10674.jpg,1
10675.jpg,9
10676.jpg,9
10677.jpg,8
10678.jpg,7
10679.jpg,9
10680.jpg,1
10681.jpg,7
10682.jpg,0
10683.jpg,9
10684.jpg,5
10685.jpg,3
10686.jpg,0
10687.jpg,6
10688.jpg,5
10689.jpg,6
10690.jpg,7
10691.jpg,3
10692.jpg,5
10693.jpg,9
10694.jpg,0
10695.jpg,2
10696.jpg,2
10697.jpg,9
10698.jpg,4
10699.jpg,7
10700.jpg,2
10701.jpg,7
10702.jpg,8
10703.jpg,2
10704.jpg,3
10705.jpg,8
10706.jpg,6
10707.jpg,7
10708.jpg,0
10709.jpg,0
10710.jpg,0
10711.jpg,8
10712.jpg,2
10713.jpg,9
10714.jpg,3
10715.jpg,5
10716.jpg,8
10717.jpg,6
10718.jpg,9
10719.jpg,8
10720.jpg,9
10721.jpg,3
10722.jpg,0
10723.jpg,0
10724.jpg,2
10725.jpg,1
10726.jpg,8
10727.jpg,8
10728.jpg,8
10729.jpg,9
10730.jpg,4
10731.jpg,1
10732.jpg,5
10733.jpg,5
10734.jpg,6
10735.jpg,9
10736.jpg,1
10737.jpg,2
10738.jpg,7
10739.jpg,8
10740.jpg,8
10741.jpg,7
10742.jpg,1
10743.jpg,0
10744.jpg,7
10745.jpg,1
10746.jpg,1
10747.jpg,5
10748.jpg,7
10749.jpg,8
10750.jpg,1
10751.jpg,0
10752.jpg,1
10753.jpg,1
10754.jpg,2
10755.jpg,6
10756.jpg,8
10757.jpg,7
10758.jpg,0
10759.jpg,0
10760.jpg,3
10761.jpg,1
10762.jpg,8
10763.jpg,0
10764.jpg,1
10765.jpg,9
10766.jpg,6
10767.jpg,6
10768.jpg,5
10769.jpg,4
10770.jpg,3
10771.jpg,6
10772.jpg,4
10773.jpg,7
10774.jpg,1
10775.jpg,6
10776.jpg,5
10777.jpg,1
10778.jpg,4
10779.jpg,2
10780.jpg,7
10781.jpg,1
10782.jpg,4
10783.jpg,1
10784.jpg,3
10785.jpg,4
10786.jpg,8
10787.jpg,9
10788.jpg,6
10789.jpg,6
10790.jpg,0
10791.jpg,7
10792.jpg,7
10793.jpg,2
10794.jpg,5
10795.jpg,0
10796.jpg,1
10797.jpg,2
10798.jpg,4
10799.jpg,9
10800.jpg,6
10801.jpg,5
10802.jpg,6
10803.jpg,6
10804.jpg,9
10805.jpg,2
10806.jpg,3
10807.jpg,5
10808.jpg,7
10809.jpg,5
10810.jpg,4
10811.jpg,1
10812.jpg,8
10813.jpg,0
10814.jpg,6
10815.jpg,4
10816.jpg,0
10817.jpg,0
10818.jpg,2
10819.jpg,7
10820.jpg,3
10821.jpg,6
10822.jpg,8
10823.jpg,4
10824.jpg,0
10825.jpg,9
10826.jpg,4
10827.jpg,9
10828.jpg,4
10829.jpg,1
10830.jpg,6
10831.jpg,0
10832.jpg,4
10833.jpg,4
10834.jpg,0
10835.jpg,1
10836.jpg,5
10837.jpg,5
10838.jpg,2
10839.jpg,2
10840.jpg,1
10841.jpg,8
10842.jpg,2
10843.jpg,1
10844.jpg,1
10845.jpg,2
10846.jpg,7
10847.jpg,6
10848.jpg,7
10849.jpg,3
10850.jpg,2
10851.jpg,9
10852.jpg,0
10853.jpg,6
10854.jpg,9
10855.jpg,9
10856.jpg,1
10857.jpg,1
10858.jpg,1
10859.jpg,2
10860.jpg,5
10861.jpg,5
10862.jpg,0
10863.jpg,8
10864.jpg,2
10865.jpg,1
10866.jpg,1
10867.jpg,8
10868.jpg,3
10869.jpg,9
10870.jpg,4
10871.jpg,4
10872.jpg,3
10873.jpg,8
10874.jpg,1
10875.jpg,8
10876.jpg,2
10877.jpg,3
10878.jpg,6
10879.jpg,7
10880.jpg,2
10881.jpg,6
10882.jpg,3
10883.jpg,7
10884.jpg,7
10885.jpg,6
10886.jpg,7
10887.jpg,6
10888.jpg,4
10889.jpg,8
10890.jpg,4
10891.jpg,0
10892.jpg,3
10893.jpg,7
10894.jpg,9
10895.jpg,1
10896.jpg,1
10897.jpg,1
10898.jpg,8
10899.jpg,5
10900.jpg,7
10901.jpg,9
10902.jpg,0
10903.jpg,7
10904.jpg,4
10905.jpg,5
10906.jpg,4
10907.jpg,1
10908.jpg,2
10909.jpg,8
10910.jpg,0
10911.jpg,1
10912.jpg,9
10913.jpg,8
10914.jpg,1
10915.jpg,9
10916.jpg,0
10917.jpg,3
10918.jpg,3
10919.jpg,6
10920.jpg,3
10921.jpg,6
10922.jpg,5
10923.jpg,4
10924.jpg,0
10925.jpg,9
10926.jpg,6
10927.jpg,6
10928.jpg,0
10929.jpg,3
10930.jpg,6
10931.jpg,1
10932.jpg,3
10933.jpg,1
10934.jpg,6
10935.jpg,6
10936.jpg,8
10937.jpg,1
10938.jpg,5
10939.jpg,5
10940.jpg,5
10941.jpg,2
10942.jpg,8
10943.jpg,9
10944.jpg,9
10945.jpg,6
10946.jpg,8
10947.jpg,9
10948.jpg,4
10949.jpg,8
10950.jpg,6
10951.jpg,1
10952.jpg,5
10953.jpg,3
10954.jpg,8
10955.jpg,9
10956.jpg,4
10957.jpg,2
10958.jpg,8
10959.jpg,2
10960.jpg,7
10961.jpg,3
10962.jpg,8
10963.jpg,3
10964.jpg,4
10965.jpg,3
10966.jpg,4
10967.jpg,4
10968.jpg,3
10969.jpg,0
10970.jpg,1
10971.jpg,7
10972.jpg,6
10973.jpg,0
10974.jpg,9
10975.jpg,6
10976.jpg,0
10977.jpg,6
10978.jpg,4
10979.jpg,7
10980.jpg,0
10981.jpg,6
10982.jpg,5
10983.jpg,0
10984.jpg,8
10985.jpg,0
10986.jpg,6
10987.jpg,4
10988.jpg,1
10989.jpg,7
10990.jpg,2
10991.jpg,5
10992.jpg,7
10993.jpg,6
10994.jpg,1
10995.jpg,9
10996.jpg,2
10997.jpg,0
10998.jpg,7
10999.jpg,8
11000.jpg,0
11001.jpg,7
11002.jpg,4
11003.jpg,1
11004.jpg,6
11005.jpg,8
11006.jpg,5
11007.jpg,7
11008.jpg,9
11009.jpg,5
11010.jpg,9
11011.jpg,5
11012.jpg,0
11013.jpg,8
11014.jpg,1
11015.jpg,3
11016.jpg,4
11017.jpg,3
11018.jpg,2
11019.jpg,6
11020.jpg,1
11021.jpg,4
11022.jpg,3
11023.jpg,0
11024.jpg,6
11025.jpg,7
11026.jpg,8
11027.jpg,1
11028.jpg,8
11029.jpg,5
11030.jpg,6
11031.jpg,2
11032.jpg,6
11033.jpg,4
11034.jpg,2
11035.jpg,5
11036.jpg,8
11037.jpg,6
11038.jpg,6
11039.jpg,2
11040.jpg,2
11041.jpg,4
11042.jpg,8
11043.jpg,0
11044.jpg,0
11045.jpg,9
11046.jpg,5
11047.jpg,6
11048.jpg,4
11049.jpg,3
11050.jpg,8
11051.jpg,7
11052.jpg,4
11053.jpg,3
11054.jpg,0
11055.jpg,3
11056.jpg,1
11057.jpg,2
11058.jpg,8
11059.jpg,5
11060.jpg,7
11061.jpg,5
11062.jpg,5
11063.jpg,2
11064.jpg,0
11065.jpg,9
11066.jpg,4
11067.jpg,9
11068.jpg,4
11069.jpg,7
11070.jpg,3
11071.jpg,0
11072.jpg,6
11073.jpg,1
11074.jpg,0
11075.jpg,5
11076.jpg,2
11077.jpg,5
11078.jpg,4
11079.jpg,6
11080.jpg,1
11081.jpg,4
11082.jpg,7
11083.jpg,7
11084.jpg,6
11085.jpg,3
11086.jpg,7
11087.jpg,0
11088.jpg,1
11089.jpg,5
11090.jpg,2
11091.jpg,6
11092.jpg,0
11093.jpg,9
11094.jpg,1
11095.jpg,0
11096.jpg,7
11097.jpg,6
11098.jpg,9
11099.jpg,2
11100.jpg,7
11101.jpg,7
11102.jpg,2
11103.jpg,3
11104.jpg,1
11105.jpg,0
11106.jpg,3
11107.jpg,7
11108.jpg,7
11109.jpg,7
11110.jpg,9
11111.jpg,8
11112.jpg,1
11113.jpg,7
11114.jpg,9
11115.jpg,2
11116.jpg,3
11117.jpg,4
11118.jpg,1
11119.jpg,0
11120.jpg,7
11121.jpg,9
11122.jpg,3
11123.jpg,8
11124.jpg,5
11125.jpg,6
11126.jpg,5
11127.jpg,5
11128.jpg,5
11129.jpg,9
11130.jpg,5
11131.jpg,2
11132.jpg,6
11133.jpg,9
11134.jpg,8
11135.jpg,2
11136.jpg,7
11137.jpg,1
11138.jpg,9
11139.jpg,2
11140.jpg,8
11141.jpg,1
11142.jpg,1
11143.jpg,0
11144.jpg,0
11145.jpg,2
11146.jpg,6
11147.jpg,3
11148.jpg,5
11149.jpg,1
11150.jpg,1
11151.jpg,1
11152.jpg,1
11153.jpg,1
11154.jpg,1
11155.jpg,6
11156.jpg,3
11157.jpg,8
11158.jpg,0
11159.jpg,9
11160.jpg,8
11161.jpg,4
11162.jpg,2
11163.jpg,2
11164.jpg,8
11165.jpg,8
11166.jpg,0
11167.jpg,2
11168.jpg,2
11169.jpg,8
11170.jpg,9
11171.jpg,4
11172.jpg,8
11173.jpg,4
11174.jpg,3
11175.jpg,8
11176.jpg,4
11177.jpg,6
11178.jpg,1
11179.jpg,5
11180.jpg,1
11181.jpg,1
11182.jpg,9
11183.jpg,6
11184.jpg,9
11185.jpg,7
11186.jpg,5
11187.jpg,4
11188.jpg,4
11189.jpg,2
11190.jpg,5
11191.jpg,4
11192.jpg,6
11193.jpg,3
11194.jpg,4
11195.jpg,0
11196.jpg,1
11197.jpg,4
11198.jpg,5
11199.jpg,1
11200.jpg,6
11201.jpg,4
11202.jpg,8
11203.jpg,9
11204.jpg,0
11205.jpg,2
11206.jpg,1
11207.jpg,3
11208.jpg,2
11209.jpg,9
11210.jpg,2
11211.jpg,7
11212.jpg,9
11213.jpg,9
11214.jpg,5
11215.jpg,1
11216.jpg,6
11217.jpg,0
11218.jpg,1
11219.jpg,9
11220.jpg,5
11221.jpg,9
11222.jpg,4
11223.jpg,2
11224.jpg,2
11225.jpg,7
11226.jpg,8
11227.jpg,0
11228.jpg,6
11229.jpg,4
11230.jpg,1
11231.jpg,0
11232.jpg,0
11233.jpg,5
11234.jpg,1
11235.jpg,5
11236.jpg,9
11237.jpg,9
11238.jpg,1
11239.jpg,3
11240.jpg,2
11241.jpg,8
11242.jpg,9
11243.jpg,0
11244.jpg,7
11245.jpg,1
11246.jpg,8
11247.jpg,2
11248.jpg,0
11249.jpg,8
11250.jpg,3
11251.jpg,4
11252.jpg,4
11253.jpg,8
11254.jpg,4
11255.jpg,7
11256.jpg,3
11257.jpg,8
11258.jpg,5
11259.jpg,0
11260.jpg,4
11261.jpg,5
11262.jpg,2
11263.jpg,8
11264.jpg,6
11265.jpg,5
11266.jpg,5
11267.jpg,8
11268.jpg,7
11269.jpg,7
11270.jpg,1
11271.jpg,5
11272.jpg,0
11273.jpg,9
11274.jpg,3
11275.jpg,0
11276.jpg,7
11277.jpg,3
11278.jpg,5
11279.jpg,5
11280.jpg,1
11281.jpg,4
11282.jpg,9
11283.jpg,1
11284.jpg,2
11285.jpg,2
11286.jpg,5
11287.jpg,3
11288.jpg,0
11289.jpg,9
11290.jpg,9
11291.jpg,9
11292.jpg,6
11293.jpg,1
11294.jpg,8
11295.jpg,8
11296.jpg,8
11297.jpg,0
11298.jpg,8
11299.jpg,3
11300.jpg,9
11301.jpg,7
11302.jpg,7
11303.jpg,4
11304.jpg,4
11305.jpg,0
11306.jpg,0
11307.jpg,4
11308.jpg,0
11309.jpg,1
11310.jpg,0
11311.jpg,6
11312.jpg,8
11313.jpg,6
11314.jpg,7
11315.jpg,3
11316.jpg,2
11317.jpg,7
11318.jpg,5
11319.jpg,8
11320.jpg,5
11321.jpg,2
11322.jpg,0
11323.jpg,4
11324.jpg,7
11325.jpg,5
11326.jpg,3
11327.jpg,4
11328.jpg,1
11329.jpg,7
11330.jpg,9
11331.jpg,1
11332.jpg,2
11333.jpg,1
11334.jpg,9
11335.jpg,7
11336.jpg,9
11337.jpg,8
11338.jpg,0
11339.jpg,8
11340.jpg,7
11341.jpg,4
11342.jpg,8
11343.jpg,7
11344.jpg,7
11345.jpg,0
11346.jpg,4
11347.jpg,3
11348.jpg,2
11349.jpg,6
11350.jpg,9
11351.jpg,3
11352.jpg,5
11353.jpg,7
11354.jpg,4
11355.jpg,9
11356.jpg,5
11357.jpg,6
11358.jpg,6
11359.jpg,6
11360.jpg,0
11361.jpg,8
11362.jpg,6
11363.jpg,2
11364.jpg,4
11365.jpg,2
11366.jpg,3
11367.jpg,7
11368.jpg,3
11369.jpg,1
11370.jpg,5
11371.jpg,7
11372.jpg,9
11373.jpg,3
11374.jpg,8
11375.jpg,9
11376.jpg,9
11377.jpg,8
11378.jpg,7
11379.jpg,5
11380.jpg,9
11381.jpg,7
11382.jpg,4
11383.jpg,8
11384.jpg,1
11385.jpg,4
11386.jpg,0
11387.jpg,0
11388.jpg,7
11389.jpg,4
11390.jpg,9
11391.jpg,4
11392.jpg,2
11393.jpg,0
11394.jpg,7
11395.jpg,8
11396.jpg,7
11397.jpg,1
11398.jpg,1
11399.jpg,2
11400.jpg,3
11401.jpg,9
11402.jpg,3
11403.jpg,2
11404.jpg,0
11405.jpg,4
11406.jpg,9
11407.jpg,1
11408.jpg,9
11409.jpg,7
11410.jpg,7
11411.jpg,9
11412.jpg,2
11413.jpg,0
11414.jpg,8
11415.jpg,3
11416.jpg,1
11417.jpg,4
11418.jpg,1
11419.jpg,4
11420.jpg,3
11421.jpg,5
11422.jpg,1
11423.jpg,1
11424.jpg,6
11425.jpg,4
11426.jpg,2
11427.jpg,8
11428.jpg,5
11429.jpg,1
11430.jpg,7
11431.jpg,8
11432.jpg,8
11433.jpg,2
11434.jpg,8
11435.jpg,6
11436.jpg,5
11437.jpg,1
11438.jpg,6
11439.jpg,0
11440.jpg,0
11441.jpg,7
11442.jpg,2
11443.jpg,8
11444.jpg,8
11445.jpg,9
11446.jpg,2
11447.jpg,6
11448.jpg,1
11449.jpg,5
11450.jpg,5
11451.jpg,8
11452.jpg,2
11453.jpg,4
11454.jpg,4
11455.jpg,1
11456.jpg,8
11457.jpg,8
11458.jpg,0
11459.jpg,3
11460.jpg,4
11461.jpg,9
11462.jpg,3
11463.jpg,6
11464.jpg,8
11465.jpg,5
11466.jpg,0
11467.jpg,0
11468.jpg,3
11469.jpg,0
11470.jpg,9
11471.jpg,9
11472.jpg,0
11473.jpg,4
11474.jpg,1
11475.jpg,6
11476.jpg,2
11477.jpg,8
11478.jpg,9
11479.jpg,8
11480.jpg,4
11481.jpg,6
11482.jpg,7
11483.jpg,8
11484.jpg,8
11485.jpg,9
11486.jpg,2
11487.jpg,2
11488.jpg,0
11489.jpg,9
11490.jpg,2
11491.jpg,2
11492.jpg,4
11493.jpg,7
11494.jpg,5
11495.jpg,4
11496.jpg,9
11497.jpg,6
11498.jpg,1
11499.jpg,8
11500.jpg,2
11501.jpg,3
11502.jpg,5
11503.jpg,8
11504.jpg,2
11505.jpg,8
11506.jpg,9
11507.jpg,9
11508.jpg,7
11509.jpg,6
11510.jpg,3
11511.jpg,9
11512.jpg,7
11513.jpg,2
11514.jpg,6
11515.jpg,8
11516.jpg,9
11517.jpg,3
11518.jpg,9
11519.jpg,9
11520.jpg,9
11521.jpg,2
11522.jpg,0
11523.jpg,9
11524.jpg,3
11525.jpg,4
11526.jpg,2
11527.jpg,3
11528.jpg,1
11529.jpg,1
11530.jpg,1
11531.jpg,0
11532.jpg,2
11533.jpg,0
11534.jpg,5
11535.jpg,7
11536.jpg,3
11537.jpg,9
11538.jpg,1
11539.jpg,0
11540.jpg,1
11541.jpg,8
11542.jpg,9
11543.jpg,5
11544.jpg,3
11545.jpg,8
11546.jpg,8
11547.jpg,1
11548.jpg,5
11549.jpg,3
11550.jpg,2
11551.jpg,3
11552.jpg,3
11553.jpg,7
11554.jpg,5
11555.jpg,9
11556.jpg,5
11557.jpg,7
11558.jpg,1
11559.jpg,9
11560.jpg,6
11561.jpg,5
11562.jpg,9
11563.jpg,1
11564.jpg,0
11565.jpg,8
11566.jpg,4
11567.jpg,3
11568.jpg,8
11569.jpg,5
11570.jpg,4
11571.jpg,9
11572.jpg,6
11573.jpg,0
11574.jpg,3
11575.jpg,9
11576.jpg,7
11577.jpg,2
11578.jpg,3
11579.jpg,8
11580.jpg,6
11581.jpg,6
11582.jpg,4
11583.jpg,9
11584.jpg,9
11585.jpg,1
11586.jpg,5
11587.jpg,2
11588.jpg,6
11589.jpg,7
11590.jpg,2
11591.jpg,2
11592.jpg,9
11593.jpg,1
11594.jpg,0
11595.jpg,5
11596.jpg,8
11597.jpg,4
11598.jpg,5
11599.jpg,7
11600.jpg,9
11601.jpg,7
11602.jpg,0
11603.jpg,4
11604.jpg,1
11605.jpg,0
11606.jpg,3
11607.jpg,4
11608.jpg,8
11609.jpg,9
11610.jpg,5
11611.jpg,8
11612.jpg,6
11613.jpg,7
11614.jpg,9
11615.jpg,1
11616.jpg,5
11617.jpg,7
11618.jpg,9
11619.jpg,4
11620.jpg,6
11621.jpg,6
11622.jpg,7
11623.jpg,2
11624.jpg,1
11625.jpg,3
11626.jpg,4
11627.jpg,1
11628.jpg,9
11629.jpg,4
11630.jpg,2
11631.jpg,1
11632.jpg,9
11633.jpg,0
11634.jpg,0
11635.jpg,8
11636.jpg,6
11637.jpg,2
11638.jpg,8
11639.jpg,0
11640.jpg,3
11641.jpg,7
11642.jpg,4
11643.jpg,2
11644.jpg,6
11645.jpg,9
11646.jpg,8
11647.jpg,0
11648.jpg,9
11649.jpg,4
11650.jpg,2
11651.jpg,1
11652.jpg,3
11653.jpg,1
11654.jpg,2
11655.jpg,3
11656.jpg,2
11657.jpg,7
11658.jpg,9
11659.jpg,4
11660.jpg,7
11661.jpg,1
11662.jpg,1
11663.jpg,2
11664.jpg,8
11665.jpg,8
11666.jpg,4
11667.jpg,8
11668.jpg,2
11669.jpg,5
11670.jpg,5
11671.jpg,8
11672.jpg,3
11673.jpg,6
11674.jpg,0
11675.jpg,1
11676.jpg,4
11677.jpg,5
11678.jpg,5
11679.jpg,8
11680.jpg,9
11681.jpg,8
11682.jpg,5
11683.jpg,9
11684.jpg,4
11685.jpg,1
11686.jpg,3
11687.jpg,3
11688.jpg,9
11689.jpg,5
11690.jpg,9
11691.jpg,7
11692.jpg,7
11693.jpg,4
11694.jpg,4
11695.jpg,7
11696.jpg,9
11697.jpg,3
11698.jpg,6
11699.jpg,8
11700.jpg,9
11701.jpg,2
11702.jpg,4
11703.jpg,3
11704.jpg,6
11705.jpg,5
11706.jpg,1
11707.jpg,5
11708.jpg,4
11709.jpg,5
11710.jpg,8
11711.jpg,2
11712.jpg,3
11713.jpg,9
11714.jpg,9
11715.jpg,7
11716.jpg,8
11717.jpg,6
11718.jpg,7
11719.jpg,6
11720.jpg,1
11721.jpg,0
11722.jpg,6
11723.jpg,0
11724.jpg,3
11725.jpg,2
11726.jpg,5
11727.jpg,3
11728.jpg,3
11729.jpg,9
11730.jpg,6
11731.jpg,3
11732.jpg,0
11733.jpg,4
11734.jpg,5
11735.jpg,7
11736.jpg,3
11737.jpg,5
11738.jpg,9
11739.jpg,3
11740.jpg,5
11741.jpg,8
11742.jpg,7
11743.jpg,0
11744.jpg,3
11745.jpg,9
11746.jpg,2
11747.jpg,6
11748.jpg,2
11749.jpg,3
11750.jpg,2
11751.jpg,7
11752.jpg,1
11753.jpg,4
11754.jpg,7
11755.jpg,8
11756.jpg,6
11757.jpg,4
11758.jpg,0
11759.jpg,8
11760.jpg,0
11761.jpg,0
11762.jpg,8
11763.jpg,6
11764.jpg,8
11765.jpg,2
11766.jpg,9
11767.jpg,5
11768.jpg,4
11769.jpg,3
11770.jpg,8
11771.jpg,4
11772.jpg,4
11773.jpg,7
11774.jpg,0
11775.jpg,9
11776.jpg,5
11777.jpg,0
11778.jpg,2
11779.jpg,4
11780.jpg,5
11781.jpg,4
11782.jpg,0
11783.jpg,3
11784.jpg,7
11785.jpg,8
11786.jpg,9
11787.jpg,7
11788.jpg,4
11789.jpg,4
11790.jpg,6
11791.jpg,6
11792.jpg,5
11793.jpg,9
11794.jpg,4
11795.jpg,1
11796.jpg,1
11797.jpg,5
11798.jpg,0
11799.jpg,9
11800.jpg,6
11801.jpg,9
11802.jpg,8
11803.jpg,0
11804.jpg,5
11805.jpg,2
11806.jpg,6
11807.jpg,6
11808.jpg,1
11809.jpg,5
11810.jpg,5
11811.jpg,6
11812.jpg,8
11813.jpg,1
11814.jpg,7
11815.jpg,0
11816.jpg,7
11817.jpg,9
11818.jpg,3
11819.jpg,2
11820.jpg,7
11821.jpg,7
11822.jpg,7
11823.jpg,8
11824.jpg,2
11825.jpg,0
11826.jpg,3
11827.jpg,3
11828.jpg,6
11829.jpg,1
11830.jpg,8
11831.jpg,6
11832.jpg,3
11833.jpg,7
11834.jpg,5
11835.jpg,3
11836.jpg,2
11837.jpg,9
11838.jpg,4
11839.jpg,5
11840.jpg,8
11841.jpg,2
11842.jpg,8
11843.jpg,7
11844.jpg,8
11845.jpg,4
11846.jpg,6
11847.jpg,9
11848.jpg,1
11849.jpg,2
11850.jpg,1
11851.jpg,3
11852.jpg,7
11853.jpg,4
11854.jpg,9
11855.jpg,5
11856.jpg,8
11857.jpg,7
11858.jpg,5
11859.jpg,2
11860.jpg,2
11861.jpg,1
11862.jpg,8
11863.jpg,0
11864.jpg,3
11865.jpg,0
11866.jpg,9
11867.jpg,2
11868.jpg,4
11869.jpg,0
11870.jpg,1
11871.jpg,1
11872.jpg,6
11873.jpg,3
11874.jpg,0
11875.jpg,7
11876.jpg,7
11877.jpg,1
11878.jpg,0
11879.jpg,5
11880.jpg,8
11881.jpg,0
11882.jpg,3
11883.jpg,9
11884.jpg,8
11885.jpg,2
11886.jpg,2
11887.jpg,9
11888.jpg,1
11889.jpg,5
11890.jpg,1
11891.jpg,7
11892.jpg,0
11893.jpg,1
11894.jpg,9
11895.jpg,9
11896.jpg,4
11897.jpg,2
11898.jpg,3
11899.jpg,4
11900.jpg,2
11901.jpg,8
11902.jpg,7
11903.jpg,0
11904.jpg,7
11905.jpg,8
11906.jpg,2
11907.jpg,9
11908.jpg,6
11909.jpg,3
11910.jpg,5
11911.jpg,5
11912.jpg,4
11913.jpg,3
11914.jpg,3
11915.jpg,5
11916.jpg,5
11917.jpg,6
11918.jpg,7
11919.jpg,8
11920.jpg,5
11921.jpg,3
11922.jpg,2
11923.jpg,9
11924.jpg,0
11925.jpg,2
11926.jpg,9
11927.jpg,7
11928.jpg,5
11929.jpg,4
11930.jpg,0
11931.jpg,8
11932.jpg,0
11933.jpg,1
11934.jpg,6
11935.jpg,6
11936.jpg,8
11937.jpg,6
11938.jpg,1
11939.jpg,9
11940.jpg,2
11941.jpg,6
11942.jpg,2
11943.jpg,8
11944.jpg,5
11945.jpg,0
11946.jpg,4
11947.jpg,1
11948.jpg,3
11949.jpg,4
11950.jpg,4
11951.jpg,4
11952.jpg,3
11953.jpg,8
11954.jpg,9
11955.jpg,4
11956.jpg,6
11957.jpg,5
11958.jpg,6
11959.jpg,1
11960.jpg,9
11961.jpg,5
11962.jpg,3
11963.jpg,7
11964.jpg,0
11965.jpg,6
11966.jpg,4
11967.jpg,7
11968.jpg,9
11969.jpg,3
11970.jpg,6
11971.jpg,1
11972.jpg,8
11973.jpg,2
11974.jpg,0
11975.jpg,0
11976.jpg,1
11977.jpg,5
11978.jpg,4
11979.jpg,6
11980.jpg,4
11981.jpg,2
11982.jpg,3
11983.jpg,0
11984.jpg,1
11985.jpg,1
11986.jpg,5
11987.jpg,2
11988.jpg,9
11989.jpg,6
11990.jpg,3
11991.jpg,3
11992.jpg,1
11993.jpg,9
11994.jpg,7
11995.jpg,7
11996.jpg,5
11997.jpg,0
11998.jpg,8
11999.jpg,9
12000.jpg,8
12001.jpg,1
12002.jpg,6
12003.jpg,5
12004.jpg,6
12005.jpg,4
12006.jpg,2
12007.jpg,3
12008.jpg,3
12009.jpg,9
12010.jpg,8
12011.jpg,3
12012.jpg,2
12013.jpg,1
12014.jpg,2
12015.jpg,7
12016.jpg,9
12017.jpg,9
12018.jpg,4
12019.jpg,7
12020.jpg,2
12021.jpg,5
12022.jpg,8
12023.jpg,8
12024.jpg,9
12025.jpg,3
12026.jpg,0
12027.jpg,6
12028.jpg,3
12029.jpg,6
12030.jpg,3
12031.jpg,7
12032.jpg,2
12033.jpg,9
12034.jpg,0
12035.jpg,2
12036.jpg,7
12037.jpg,1
12038.jpg,9
12039.jpg,6
12040.jpg,0
12041.jpg,1
12042.jpg,3
12043.jpg,1
12044.jpg,6
12045.jpg,2
12046.jpg,7
12047.jpg,5
12048.jpg,1
12049.jpg,3
12050.jpg,4
12051.jpg,9
12052.jpg,7
12053.jpg,4
12054.jpg,1
12055.jpg,1
12056.jpg,8
12057.jpg,4
12058.jpg,6
12059.jpg,5
12060.jpg,1
12061.jpg,5
12062.jpg,0
12063.jpg,1
12064.jpg,8
12065.jpg,6
12066.jpg,6
12067.jpg,1
12068.jpg,6
12069.jpg,7
12070.jpg,1
12071.jpg,3
12072.jpg,1
12073.jpg,5
12074.jpg,2
12075.jpg,9
12076.jpg,7
12077.jpg,9
12078.jpg,7
12079.jpg,5
12080.jpg,0
12081.jpg,6
12082.jpg,6
12083.jpg,5
12084.jpg,0
12085.jpg,6
12086.jpg,5
12087.jpg,6
12088.jpg,1
12089.jpg,1
12090.jpg,1
12091.jpg,9
12092.jpg,6
12093.jpg,1
12094.jpg,8
12095.jpg,9
12096.jpg,8
12097.jpg,7
12098.jpg,4
12099.jpg,5
12100.jpg,6
12101.jpg,6
12102.jpg,9
12103.jpg,5
12104.jpg,2
12105.jpg,3
12106.jpg,7
12107.jpg,2
12108.jpg,1
12109.jpg,0
12110.jpg,3
12111.jpg,1
12112.jpg,0
12113.jpg,6
12114.jpg,2
12115.jpg,7
12116.jpg,7
12117.jpg,9
12118.jpg,0
12119.jpg,5
12120.jpg,7
12121.jpg,7
12122.jpg,2
12123.jpg,0
12124.jpg,4
12125.jpg,3
12126.jpg,7
12127.jpg,9
12128.jpg,7
12129.jpg,0
12130.jpg,7
12131.jpg,5
12132.jpg,8
12133.jpg,4
12134.jpg,9
12135.jpg,3
12136.jpg,7
12137.jpg,4
12138.jpg,7
12139.jpg,4
12140.jpg,9
12141.jpg,8
12142.jpg,0
12143.jpg,3
12144.jpg,4
12145.jpg,1
12146.jpg,0
12147.jpg,8
12148.jpg,4
12149.jpg,4
12150.jpg,9
12151.jpg,1
12152.jpg,9
12153.jpg,4
12154.jpg,1
12155.jpg,2
12156.jpg,9
12157.jpg,6
12158.jpg,5
12159.jpg,0
12160.jpg,9
12161.jpg,3
12162.jpg,9
12163.jpg,1
12164.jpg,0
12165.jpg,1
12166.jpg,9
12167.jpg,0
12168.jpg,2
12169.jpg,7
12170.jpg,2
12171.jpg,3
12172.jpg,8
12173.jpg,4
12174.jpg,5
12175.jpg,1
12176.jpg,6
12177.jpg,8
12178.jpg,0
12179.jpg,7
12180.jpg,7
12181.jpg,9
12182.jpg,9
12183.jpg,4
12184.jpg,5
12185.jpg,4
12186.jpg,9
12187.jpg,9
12188.jpg,5
12189.jpg,0
12190.jpg,0
12191.jpg,6
12192.jpg,4
12193.jpg,3
12194.jpg,0
12195.jpg,4
12196.jpg,9
12197.jpg,9
12198.jpg,7
12199.jpg,9
12200.jpg,0
12201.jpg,7
12202.jpg,4
12203.jpg,4
12204.jpg,7
12205.jpg,4
12206.jpg,9
12207.jpg,7
12208.jpg,9
12209.jpg,3
12210.jpg,4
12211.jpg,2
12212.jpg,1
12213.jpg,4
12214.jpg,8
12215.jpg,2
12216.jpg,3
12217.jpg,1
12218.jpg,8
12219.jpg,7
12220.jpg,9
12221.jpg,1
12222.jpg,7
12223.jpg,3
12224.jpg,5
12225.jpg,5
12226.jpg,3
12227.jpg,1
12228.jpg,2
12229.jpg,5
12230.jpg,4
12231.jpg,3
12232.jpg,5
12233.jpg,9
12234.jpg,8
12235.jpg,5
12236.jpg,6
12237.jpg,6
12238.jpg,0
12239.jpg,3
12240.jpg,9
12241.jpg,4
12242.jpg,6
12243.jpg,4
12244.jpg,3
12245.jpg,3
12246.jpg,4
12247.jpg,4
12248.jpg,2
12249.jpg,0
12250.jpg,2
12251.jpg,3
12252.jpg,9
12253.jpg,3
12254.jpg,0
12255.jpg,8
12256.jpg,6
12257.jpg,0
12258.jpg,0
12259.jpg,4
12260.jpg,6
12261.jpg,1
12262.jpg,8
12263.jpg,6
12264.jpg,0
12265.jpg,1
12266.jpg,6
12267.jpg,7
12268.jpg,8
12269.jpg,1
12270.jpg,1
12271.jpg,0
12272.jpg,7
12273.jpg,3
12274.jpg,4
12275.jpg,2
12276.jpg,0
12277.jpg,6
12278.jpg,3
12279.jpg,2
12280.jpg,2
12281.jpg,2
12282.jpg,6
12283.jpg,6
12284.jpg,4
12285.jpg,9
12286.jpg,0
12287.jpg,2
12288.jpg,4
12289.jpg,5
12290.jpg,6
12291.jpg,7
12292.jpg,1
12293.jpg,0
12294.jpg,3
12295.jpg,6
12296.jpg,9
12297.jpg,2
12298.jpg,1
12299.jpg,0
12300.jpg,8
12301.jpg,5
12302.jpg,3
12303.jpg,1
12304.jpg,0
12305.jpg,5
12306.jpg,1
12307.jpg,2
12308.jpg,0
12309.jpg,7
12310.jpg,2
12311.jpg,9
12312.jpg,7
12313.jpg,2
12314.jpg,1
12315.jpg,9
12316.jpg,1
12317.jpg,0
12318.jpg,4
12319.jpg,7
12320.jpg,0
12321.jpg,5
12322.jpg,2
12323.jpg,7
12324.jpg,7
12325.jpg,7
12326.jpg,0
12327.jpg,7
12328.jpg,6
12329.jpg,0
12330.jpg,9
12331.jpg,2
12332.jpg,6
12333.jpg,9
12334.jpg,1
12335.jpg,1
12336.jpg,5
12337.jpg,6
12338.jpg,5
12339.jpg,6
12340.jpg,8
12341.jpg,7
12342.jpg,5
12343.jpg,4
12344.jpg,7
12345.jpg,6
12346.jpg,9
12347.jpg,6
12348.jpg,9
12349.jpg,1
12350.jpg,0
12351.jpg,6
12352.jpg,4
12353.jpg,6
12354.jpg,6
12355.jpg,5
12356.jpg,6
12357.jpg,5
12358.jpg,1
12359.jpg,7
12360.jpg,4
12361.jpg,4
12362.jpg,6
12363.jpg,6
12364.jpg,3
12365.jpg,1
12366.jpg,9
12367.jpg,9
12368.jpg,3
12369.jpg,4
12370.jpg,0
12371.jpg,4
12372.jpg,1
12373.jpg,2
12374.jpg,8
12375.jpg,2
12376.jpg,2
12377.jpg,3
12378.jpg,4
12379.jpg,1
12380.jpg,7
12381.jpg,7
12382.jpg,1
12383.jpg,0
12384.jpg,6
12385.jpg,4
12386.jpg,4
12387.jpg,5
12388.jpg,1
12389.jpg,6
12390.jpg,5
12391.jpg,4
12392.jpg,5
12393.jpg,6
12394.jpg,1
12395.jpg,1
12396.jpg,1
12397.jpg,2
12398.jpg,7
12399.jpg,1
12400.jpg,8
12401.jpg,8
12402.jpg,3
12403.jpg,7
12404.jpg,6
12405.jpg,7
12406.jpg,3
12407.jpg,5
12408.jpg,0
12409.jpg,8
12410.jpg,0
12411.jpg,3
12412.jpg,5
12413.jpg,3
12414.jpg,7
12415.jpg,9
12416.jpg,5
12417.jpg,4
12418.jpg,0
12419.jpg,1
12420.jpg,3
12421.jpg,1
12422.jpg,1
12423.jpg,5
12424.jpg,5
12425.jpg,3
12426.jpg,8
12427.jpg,5
12428.jpg,6
12429.jpg,7
12430.jpg,5
12431.jpg,4
12432.jpg,2
12433.jpg,9
12434.jpg,5
12435.jpg,0
12436.jpg,5
12437.jpg,1
12438.jpg,4
12439.jpg,6
12440.jpg,8
12441.jpg,2
12442.jpg,9
12443.jpg,4
12444.jpg,7
12445.jpg,5
12446.jpg,2
12447.jpg,9
12448.jpg,2
12449.jpg,0
12450.jpg,1
12451.jpg,1
12452.jpg,9
12453.jpg,3
12454.jpg,7
12455.jpg,8
12456.jpg,3
12457.jpg,7
12458.jpg,0
12459.jpg,2
12460.jpg,3
12461.jpg,4
12462.jpg,8
12463.jpg,3
12464.jpg,9
12465.jpg,8
12466.jpg,9
12467.jpg,3
12468.jpg,4
12469.jpg,5
12470.jpg,5
12471.jpg,8
12472.jpg,1
12473.jpg,5
12474.jpg,1
12475.jpg,9
12476.jpg,6
12477.jpg,8
12478.jpg,5
12479.jpg,1
12480.jpg,4
12481.jpg,3
12482.jpg,9
12483.jpg,5
12484.jpg,3
12485.jpg,7
12486.jpg,2
12487.jpg,5
12488.jpg,6
12489.jpg,3
12490.jpg,1
12491.jpg,4
12492.jpg,8
12493.jpg,5
12494.jpg,9
12495.jpg,2
12496.jpg,8
12497.jpg,9
12498.jpg,4
12499.jpg,1
12500.jpg,1
12501.jpg,7
12502.jpg,6
12503.jpg,1
12504.jpg,8
12505.jpg,3
12506.jpg,0
12507.jpg,3
12508.jpg,2
12509.jpg,4
12510.jpg,2
12511.jpg,2
12512.jpg,3
12513.jpg,4
12514.jpg,8
12515.jpg,2
12516.jpg,1
12517.jpg,3
12518.jpg,8
12519.jpg,4
12520.jpg,7
12521.jpg,0
12522.jpg,1
12523.jpg,3
12524.jpg,8
12525.jpg,6
12526.jpg,7
12527.jpg,7
12528.jpg,6
12529.jpg,1
12530.jpg,6
12531.jpg,8
12532.jpg,1
12533.jpg,1
12534.jpg,6
12535.jpg,2
12536.jpg,4
12537.jpg,8
12538.jpg,9
12539.jpg,2
12540.jpg,0
12541.jpg,7
12542.jpg,3
12543.jpg,9
12544.jpg,4
12545.jpg,1
12546.jpg,4
12547.jpg,5
12548.jpg,3
12549.jpg,3
12550.jpg,6
12551.jpg,8
12552.jpg,1
12553.jpg,1
12554.jpg,7
12555.jpg,3
12556.jpg,9
12557.jpg,0
12558.jpg,5
12559.jpg,6
12560.jpg,3
12561.jpg,2
12562.jpg,3
12563.jpg,2
12564.jpg,1
12565.jpg,3
12566.jpg,7
12567.jpg,6
12568.jpg,3
12569.jpg,7
12570.jpg,2
12571.jpg,2
12572.jpg,6
12573.jpg,9
12574.jpg,7
12575.jpg,4
12576.jpg,8
12577.jpg,3
12578.jpg,8
12579.jpg,0
12580.jpg,4
12581.jpg,8
12582.jpg,4
12583.jpg,8
12584.jpg,8
12585.jpg,7
12586.jpg,1
12587.jpg,2
12588.jpg,0
12589.jpg,8
12590.jpg,5
12591.jpg,2
12592.jpg,7
12593.jpg,3
12594.jpg,2
12595.jpg,7
12596.jpg,1
12597.jpg,8
12598.jpg,9
12599.jpg,7
12600.jpg,8
12601.jpg,7
12602.jpg,2
12603.jpg,2
12604.jpg,0
12605.jpg,9
12606.jpg,4
12607.jpg,1
12608.jpg,0
12609.jpg,0
12610.jpg,6
12611.jpg,3
12612.jpg,7
12613.jpg,5
12614.jpg,9
12615.jpg,7
12616.jpg,8
12617.jpg,4
12618.jpg,2
12619.jpg,4
12620.jpg,3
12621.jpg,4
12622.jpg,0
12623.jpg,9
12624.jpg,7
12625.jpg,7
12626.jpg,7
12627.jpg,1
12628.jpg,0
12629.jpg,9
12630.jpg,5
12631.jpg,6
12632.jpg,5
12633.jpg,9
12634.jpg,3
12635.jpg,8
12636.jpg,1
12637.jpg,9
12638.jpg,3
12639.jpg,2
12640.jpg,6
12641.jpg,0
12642.jpg,4
12643.jpg,9
12644.jpg,8
12645.jpg,0
12646.jpg,4
12647.jpg,7
12648.jpg,0
12649.jpg,8
12650.jpg,5
12651.jpg,9
12652.jpg,9
12653.jpg,7
12654.jpg,6
12655.jpg,7
12656.jpg,1
12657.jpg,5
12658.jpg,1
12659.jpg,1
12660.jpg,3
12661.jpg,8
12662.jpg,3
12663.jpg,9
12664.jpg,3
12665.jpg,0
12666.jpg,5
12667.jpg,2
12668.jpg,8
12669.jpg,7
12670.jpg,6
12671.jpg,5
12672.jpg,2
12673.jpg,4
12674.jpg,0
12675.jpg,1
12676.jpg,2
12677.jpg,4
12678.jpg,7
12679.jpg,5
12680.jpg,0
12681.jpg,5
12682.jpg,8
12683.jpg,4
12684.jpg,0
12685.jpg,9
12686.jpg,6
12687.jpg,7
12688.jpg,0
12689.jpg,1
12690.jpg,0
12691.jpg,2
12692.jpg,0
12693.jpg,0
12694.jpg,9
12695.jpg,3
12696.jpg,8
12697.jpg,1
12698.jpg,4
12699.jpg,0
12700.jpg,3
12701.jpg,3
12702.jpg,2
12703.jpg,7
12704.jpg,7
12705.jpg,8
12706.jpg,7
12707.jpg,5
12708.jpg,2
12709.jpg,6
12710.jpg,1
12711.jpg,4
12712.jpg,8
12713.jpg,0
12714.jpg,8
12715.jpg,5
12716.jpg,0
12717.jpg,4
12718.jpg,9
12719.jpg,9
12720.jpg,4
12721.jpg,6
12722.jpg,5
12723.jpg,7
12724.jpg,0
12725.jpg,7
12726.jpg,2
12727.jpg,4
12728.jpg,2
12729.jpg,2
12730.jpg,7
12731.jpg,5
12732.jpg,2
12733.jpg,2
12734.jpg,2
12735.jpg,6
12736.jpg,8
12737.jpg,5
12738.jpg,2
12739.jpg,7
12740.jpg,4
12741.jpg,7
12742.jpg,5
12743.jpg,4
12744.jpg,4
12745.jpg,1
12746.jpg,6
12747.jpg,1
12748.jpg,3
12749.jpg,4
12750.jpg,4
12751.jpg,8
12752.jpg,6
12753.jpg,9
12754.jpg,1
12755.jpg,2
12756.jpg,9
12757.jpg,5
12758.jpg,8
12759.jpg,3
12760.jpg,8
12761.jpg,3
12762.jpg,1
12763.jpg,1
12764.jpg,6
12765.jpg,4
12766.jpg,5
12767.jpg,6
12768.jpg,3
12769.jpg,0
12770.jpg,2
12771.jpg,5
12772.jpg,7
12773.jpg,0
12774.jpg,8
12775.jpg,5
12776.jpg,8
12777.jpg,0
12778.jpg,3
12779.jpg,5
12780.jpg,2
12781.jpg,2
12782.jpg,7
12783.jpg,4
12784.jpg,8
12785.jpg,6
12786.jpg,6
12787.jpg,6
12788.jpg,1
12789.jpg,7
12790.jpg,1
12791.jpg,8
12792.jpg,7
12793.jpg,3
12794.jpg,3
12795.jpg,6
12796.jpg,0
12797.jpg,2
12798.jpg,4
12799.jpg,0
12800.jpg,0
12801.jpg,6
12802.jpg,9
12803.jpg,2
12804.jpg,6
12805.jpg,9
12806.jpg,7
12807.jpg,9
12808.jpg,2
12809.jpg,3
12810.jpg,2
12811.jpg,8
12812.jpg,7
12813.jpg,8
12814.jpg,5
12815.jpg,9
12816.jpg,1
12817.jpg,1
12818.jpg,1
12819.jpg,5
12820.jpg,4
12821.jpg,7
12822.jpg,1
12823.jpg,4
12824.jpg,1
12825.jpg,4
12826.jpg,3
12827.jpg,8
12828.jpg,6
12829.jpg,1
12830.jpg,5
12831.jpg,2
12832.jpg,3
12833.jpg,1
12834.jpg,5
12835.jpg,2
12836.jpg,6
12837.jpg,4
12838.jpg,4
12839.jpg,6
12840.jpg,5
12841.jpg,2
12842.jpg,3
12843.jpg,2
12844.jpg,0
12845.jpg,2
12846.jpg,7
12847.jpg,0
12848.jpg,5
12849.jpg,8
12850.jpg,3
12851.jpg,3
12852.jpg,7
12853.jpg,5
12854.jpg,7
12855.jpg,3
12856.jpg,9
12857.jpg,4
12858.jpg,0
12859.jpg,1
12860.jpg,6
12861.jpg,3
12862.jpg,8
12863.jpg,6
12864.jpg,2
12865.jpg,3
12866.jpg,3
12867.jpg,1
12868.jpg,3
12869.jpg,2
12870.jpg,5
12871.jpg,7
12872.jpg,6
12873.jpg,0
12874.jpg,2
12875.jpg,0
12876.jpg,5
12877.jpg,2
12878.jpg,6
12879.jpg,5
12880.jpg,9
12881.jpg,0
12882.jpg,1
12883.jpg,7
12884.jpg,1
12885.jpg,6
12886.jpg,4
12887.jpg,7
12888.jpg,8
12889.jpg,6
12890.jpg,5
12891.jpg,3
12892.jpg,7
12893.jpg,5
12894.jpg,7
12895.jpg,5
12896.jpg,7
12897.jpg,2
12898.jpg,9
12899.jpg,1
12900.jpg,1
12901.jpg,7
12902.jpg,4
12903.jpg,2
12904.jpg,0
12905.jpg,3
12906.jpg,1
12907.jpg,0
12908.jpg,5
12909.jpg,6
12910.jpg,6
12911.jpg,5
12912.jpg,5
12913.jpg,3
12914.jpg,3
12915.jpg,9
12916.jpg,3
12917.jpg,9
12918.jpg,9
12919.jpg,3
12920.jpg,8
12921.jpg,9
12922.jpg,3
12923.jpg,3
12924.jpg,0
12925.jpg,9
12926.jpg,6
12927.jpg,7
12928.jpg,7
12929.jpg,3
12930.jpg,1
12931.jpg,2
12932.jpg,5
12933.jpg,3
12934.jpg,7
12935.jpg,9
12936.jpg,1
12937.jpg,5
12938.jpg,1
12939.jpg,0
12940.jpg,6
12941.jpg,5
12942.jpg,7
12943.jpg,1
12944.jpg,4
12945.jpg,8
12946.jpg,4
12947.jpg,6
12948.jpg,8
12949.jpg,4
12950.jpg,9
12951.jpg,0
12952.jpg,1
12953.jpg,2
12954.jpg,8
12955.jpg,7
12956.jpg,9
12957.jpg,1
12958.jpg,7
12959.jpg,9
12960.jpg,2
12961.jpg,5
12962.jpg,0
12963.jpg,4
12964.jpg,4
12965.jpg,7
12966.jpg,2
12967.jpg,0
12968.jpg,6
12969.jpg,4
12970.jpg,0
12971.jpg,4
12972.jpg,4
12973.jpg,0
12974.jpg,2
12975.jpg,1
12976.jpg,8
12977.jpg,2
12978.jpg,5
12979.jpg,3
12980.jpg,7
12981.jpg,4
12982.jpg,1
12983.jpg,1
12984.jpg,1
12985.jpg,4
12986.jpg,6
12987.jpg,2
12988.jpg,2
12989.jpg,9
12990.jpg,4
12991.jpg,0
12992.jpg,8
12993.jpg,0
12994.jpg,3
12995.jpg,9
12996.jpg,4
12997.jpg,0
12998.jpg,1
12999.jpg,5
13000.jpg,7
13001.jpg,9
13002.jpg,0
13003.jpg,2
13004.jpg,0
13005.jpg,6
13006.jpg,1
13007.jpg,5
13008.jpg,6
13009.jpg,9
13010.jpg,0
13011.jpg,8
13012.jpg,1
13013.jpg,4
13014.jpg,2
13015.jpg,1
13016.jpg,0
13017.jpg,4
13018.jpg,3
13019.jpg,9
13020.jpg,1
13021.jpg,0
13022.jpg,4
13023.jpg,9
13024.jpg,0
13025.jpg,6
13026.jpg,6
13027.jpg,3
13028.jpg,9
13029.jpg,4
13030.jpg,6
13031.jpg,8
13032.jpg,1
13033.jpg,3
13034.jpg,7
13035.jpg,0
13036.jpg,6
13037.jpg,7
13038.jpg,2
13039.jpg,5
13040.jpg,6
13041.jpg,2
13042.jpg,5
13043.jpg,0
13044.jpg,5
13045.jpg,8
13046.jpg,5
13047.jpg,9
13048.jpg,3
13049.jpg,8
13050.jpg,6
13051.jpg,6
13052.jpg,1
13053.jpg,7
13054.jpg,6
13055.jpg,5
13056.jpg,0
13057.jpg,4
13058.jpg,1
13059.jpg,5
13060.jpg,1
13061.jpg,0
13062.jpg,2
13063.jpg,3
13064.jpg,2
13065.jpg,3
13066.jpg,6
13067.jpg,5
13068.jpg,3
13069.jpg,2
13070.jpg,2
13071.jpg,4
13072.jpg,4
13073.jpg,8
13074.jpg,2
13075.jpg,9
13076.jpg,4
13077.jpg,0
13078.jpg,4
13079.jpg,0
13080.jpg,8
13081.jpg,8
13082.jpg,6
13083.jpg,3
13084.jpg,6
13085.jpg,8
13086.jpg,6
13087.jpg,6
13088.jpg,1
13089.jpg,9
13090.jpg,5
13091.jpg,9
13092.jpg,5
13093.jpg,5
13094.jpg,3
13095.jpg,2
13096.jpg,0
13097.jpg,6
13098.jpg,7
13099.jpg,0
13100.jpg,1
13101.jpg,6
13102.jpg,2
13103.jpg,9
13104.jpg,3
13105.jpg,6
13106.jpg,0
13107.jpg,1
13108.jpg,6
13109.jpg,8
13110.jpg,8
13111.jpg,9
13112.jpg,3
13113.jpg,0
13114.jpg,3
13115.jpg,9
13116.jpg,1
13117.jpg,8
13118.jpg,2
13119.jpg,5
13120.jpg,3
13121.jpg,5
13122.jpg,3
13123.jpg,2
13124.jpg,7
13125.jpg,8
13126.jpg,0
13127.jpg,1
13128.jpg,2
13129.jpg,9
13130.jpg,6
13131.jpg,7
13132.jpg,7
13133.jpg,4
13134.jpg,4
13135.jpg,6
13136.jpg,3
13137.jpg,9
13138.jpg,2
13139.jpg,1
13140.jpg,7
13141.jpg,9
13142.jpg,1
13143.jpg,6
13144.jpg,6
13145.jpg,3
13146.jpg,5
13147.jpg,2
13148.jpg,8
13149.jpg,8
13150.jpg,5
13151.jpg,1
13152.jpg,6
13153.jpg,8
13154.jpg,6
13155.jpg,0
13156.jpg,1
13157.jpg,0
13158.jpg,2
13159.jpg,2
13160.jpg,1
13161.jpg,4
13162.jpg,5
13163.jpg,0
13164.jpg,1
13165.jpg,2
13166.jpg,9
13167.jpg,7
13168.jpg,3
13169.jpg,9
13170.jpg,7
13171.jpg,0
13172.jpg,8
13173.jpg,5
13174.jpg,5
13175.jpg,0
13176.jpg,5
13177.jpg,8
13178.jpg,7
13179.jpg,4
13180.jpg,6
13181.jpg,2
13182.jpg,0
13183.jpg,8
13184.jpg,5
13185.jpg,5
13186.jpg,7
13187.jpg,4
13188.jpg,2
13189.jpg,3
13190.jpg,1
13191.jpg,4
13192.jpg,1
13193.jpg,6
13194.jpg,0
13195.jpg,1
13196.jpg,7
13197.jpg,3
13198.jpg,1
13199.jpg,8
13200.jpg,4
13201.jpg,8
13202.jpg,3
13203.jpg,1
13204.jpg,7
13205.jpg,8
13206.jpg,5
13207.jpg,5
13208.jpg,6
13209.jpg,2
13210.jpg,1
13211.jpg,4
13212.jpg,7
13213.jpg,1
13214.jpg,8
13215.jpg,8
13216.jpg,6
13217.jpg,2
13218.jpg,3
13219.jpg,8
13220.jpg,1
13221.jpg,0
13222.jpg,2
13223.jpg,4
13224.jpg,0
13225.jpg,9
13226.jpg,7
13227.jpg,5
13228.jpg,3
13229.jpg,9
13230.jpg,6
13231.jpg,4
13232.jpg,1
13233.jpg,5
13234.jpg,5
13235.jpg,3
13236.jpg,7
13237.jpg,2
13238.jpg,5
13239.jpg,3
13240.jpg,0
13241.jpg,2
13242.jpg,9
13243.jpg,9
13244.jpg,6
13245.jpg,0
13246.jpg,7
13247.jpg,4
13248.jpg,1
13249.jpg,5
13250.jpg,3
13251.jpg,6
13252.jpg,4
13253.jpg,3
13254.jpg,0
13255.jpg,4
13256.jpg,3
13257.jpg,6
13258.jpg,8
13259.jpg,7
13260.jpg,1
13261.jpg,3
13262.jpg,7
13263.jpg,1
13264.jpg,2
13265.jpg,7
13266.jpg,3
13267.jpg,8
13268.jpg,5
13269.jpg,6
13270.jpg,3
13271.jpg,9
13272.jpg,8
13273.jpg,5
13274.jpg,9
13275.jpg,1
13276.jpg,4
13277.jpg,1
13278.jpg,3
13279.jpg,4
13280.jpg,1
13281.jpg,8
13282.jpg,8
13283.jpg,2
13284.jpg,9
13285.jpg,5
13286.jpg,3
13287.jpg,9
13288.jpg,2
13289.jpg,2
13290.jpg,7
13291.jpg,9
13292.jpg,7
13293.jpg,2
13294.jpg,8
13295.jpg,3
13296.jpg,7
13297.jpg,0
13298.jpg,7
13299.jpg,9
13300.jpg,1
13301.jpg,8
13302.jpg,9
13303.jpg,9
13304.jpg,7
13305.jpg,9
13306.jpg,3
13307.jpg,8
13308.jpg,7
13309.jpg,4
13310.jpg,7
13311.jpg,1
13312.jpg,8
13313.jpg,1
13314.jpg,3
13315.jpg,2
13316.jpg,5
13317.jpg,1
13318.jpg,5
13319.jpg,8
13320.jpg,0
13321.jpg,8
13322.jpg,3
13323.jpg,6
13324.jpg,6
13325.jpg,9
13326.jpg,3
13327.jpg,4
13328.jpg,6
13329.jpg,4
13330.jpg,7
13331.jpg,7
13332.jpg,1
13333.jpg,9
13334.jpg,4
13335.jpg,5
13336.jpg,9
13337.jpg,4
13338.jpg,1
13339.jpg,6
13340.jpg,2
13341.jpg,9
13342.jpg,8
13343.jpg,2
13344.jpg,7
13345.jpg,1
13346.jpg,2
13347.jpg,2
13348.jpg,3
13349.jpg,5
13350.jpg,4
13351.jpg,8
13352.jpg,0
13353.jpg,3
13354.jpg,4
13355.jpg,8
13356.jpg,7
13357.jpg,1
13358.jpg,9
13359.jpg,9
13360.jpg,5
13361.jpg,1
13362.jpg,4
13363.jpg,6
13364.jpg,7
13365.jpg,3
13366.jpg,6
13367.jpg,4
13368.jpg,9
13369.jpg,5
13370.jpg,6
13371.jpg,0
13372.jpg,3
13373.jpg,6
13374.jpg,8
13375.jpg,6
13376.jpg,3
13377.jpg,0
13378.jpg,3
13379.jpg,1
13380.jpg,3
13381.jpg,7
13382.jpg,3
13383.jpg,9
13384.jpg,8
13385.jpg,5
13386.jpg,0
13387.jpg,6
13388.jpg,2
13389.jpg,3
13390.jpg,6
13391.jpg,1
13392.jpg,5
13393.jpg,4
13394.jpg,4
13395.jpg,2
13396.jpg,1
13397.jpg,9
13398.jpg,0
13399.jpg,8
13400.jpg,9
13401.jpg,3
13402.jpg,7
13403.jpg,9
13404.jpg,5
13405.jpg,8
13406.jpg,6
13407.jpg,1
13408.jpg,8
13409.jpg,3
13410.jpg,9
13411.jpg,6
13412.jpg,6
13413.jpg,6
13414.jpg,2
13415.jpg,7
13416.jpg,2
13417.jpg,3
13418.jpg,6
13419.jpg,0
13420.jpg,4
13421.jpg,4
13422.jpg,9
13423.jpg,1
13424.jpg,4
13425.jpg,1
13426.jpg,9
13427.jpg,9
13428.jpg,1
13429.jpg,9
13430.jpg,3
13431.jpg,1
13432.jpg,5
13433.jpg,9
13434.jpg,8
13435.jpg,7
13436.jpg,8
13437.jpg,5
13438.jpg,8
13439.jpg,1
13440.jpg,8
13441.jpg,2
13442.jpg,2
13443.jpg,3
13444.jpg,9
13445.jpg,4
13446.jpg,0
13447.jpg,4
13448.jpg,5
13449.jpg,0
13450.jpg,2
13451.jpg,6
13452.jpg,2
13453.jpg,2
13454.jpg,8
13455.jpg,4
13456.jpg,7
13457.jpg,5
13458.jpg,6
13459.jpg,5
13460.jpg,4
13461.jpg,3
13462.jpg,0
13463.jpg,1
13464.jpg,9
13465.jpg,3
13466.jpg,8
13467.jpg,9
13468.jpg,4
13469.jpg,6
13470.jpg,6
13471.jpg,9
13472.jpg,8
13473.jpg,4
13474.jpg,4
13475.jpg,3
13476.jpg,4
13477.jpg,1
13478.jpg,0
13479.jpg,6
13480.jpg,8
13481.jpg,0
13482.jpg,5
13483.jpg,3
13484.jpg,7
13485.jpg,0
13486.jpg,7
13487.jpg,9
13488.jpg,5
13489.jpg,1
13490.jpg,7
13491.jpg,0
13492.jpg,2
13493.jpg,2
13494.jpg,5
13495.jpg,2
13496.jpg,2
13497.jpg,8
13498.jpg,3
13499.jpg,6
13500.jpg,1
13501.jpg,7
13502.jpg,6
13503.jpg,5
13504.jpg,1
13505.jpg,7
13506.jpg,7
13507.jpg,0
13508.jpg,2
13509.jpg,8
13510.jpg,5
13511.jpg,4
13512.jpg,4
13513.jpg,8
13514.jpg,1
13515.jpg,5
13516.jpg,6
13517.jpg,6
13518.jpg,5
13519.jpg,2
13520.jpg,6
13521.jpg,6
13522.jpg,0
13523.jpg,5
13524.jpg,1
13525.jpg,4
13526.jpg,3
13527.jpg,6
13528.jpg,0
13529.jpg,1
13530.jpg,2
13531.jpg,9
13532.jpg,4
13533.jpg,1
13534.jpg,8
13535.jpg,8
13536.jpg,3
13537.jpg,2
13538.jpg,8
13539.jpg,6
13540.jpg,8
13541.jpg,3
13542.jpg,6
13543.jpg,7
13544.jpg,5
13545.jpg,4
13546.jpg,1
13547.jpg,7
13548.jpg,1
13549.jpg,6
13550.jpg,9
13551.jpg,9
13552.jpg,2
13553.jpg,3
13554.jpg,5
13555.jpg,9
13556.jpg,5
13557.jpg,5
13558.jpg,2
13559.jpg,2
13560.jpg,8
13561.jpg,7
13562.jpg,9
13563.jpg,6
13564.jpg,1
13565.jpg,8
13566.jpg,0
13567.jpg,8
13568.jpg,8
13569.jpg,9
13570.jpg,6
13571.jpg,7
13572.jpg,8
13573.jpg,8
13574.jpg,4
13575.jpg,9
13576.jpg,7
13577.jpg,7
13578.jpg,1
13579.jpg,6
13580.jpg,9
13581.jpg,0
13582.jpg,6
13583.jpg,8
13584.jpg,3
13585.jpg,7
13586.jpg,2
13587.jpg,5
13588.jpg,2
13589.jpg,3
13590.jpg,3
13591.jpg,4
13592.jpg,6
13593.jpg,6
13594.jpg,3
13595.jpg,8
13596.jpg,6
13597.jpg,2
13598.jpg,1
13599.jpg,7
13600.jpg,7
13601.jpg,1
13602.jpg,0
13603.jpg,4
13604.jpg,4
13605.jpg,6
13606.jpg,6
13607.jpg,1
13608.jpg,9
13609.jpg,7
13610.jpg,0
13611.jpg,4
13612.jpg,7
13613.jpg,9
13614.jpg,5
13615.jpg,9
13616.jpg,6
13617.jpg,8
13618.jpg,6
13619.jpg,5
13620.jpg,7
13621.jpg,7
13622.jpg,3
13623.jpg,5
13624.jpg,9
13625.jpg,8
13626.jpg,7
13627.jpg,7
13628.jpg,6
13629.jpg,0
13630.jpg,6
13631.jpg,8
13632.jpg,2
13633.jpg,9
13634.jpg,4
13635.jpg,1
13636.jpg,2
13637.jpg,4
13638.jpg,4
13639.jpg,5
13640.jpg,8
13641.jpg,5
13642.jpg,2
13643.jpg,7
13644.jpg,0
13645.jpg,9
13646.jpg,1
13647.jpg,9
13648.jpg,1
13649.jpg,7
13650.jpg,2
13651.jpg,9
13652.jpg,0
13653.jpg,2
13654.jpg,4
13655.jpg,4
13656.jpg,2
13657.jpg,9
13658.jpg,3
13659.jpg,0
13660.jpg,0
13661.jpg,5
13662.jpg,1
13663.jpg,5
13664.jpg,9
13665.jpg,5
13666.jpg,8
13667.jpg,0
13668.jpg,5
13669.jpg,8
13670.jpg,2
13671.jpg,4
13672.jpg,8
13673.jpg,2
13674.jpg,0
13675.jpg,7
13676.jpg,7
13677.jpg,2
13678.jpg,6
13679.jpg,9
13680.jpg,6
13681.jpg,8
13682.jpg,7
13683.jpg,6
13684.jpg,0
13685.jpg,1
13686.jpg,6
13687.jpg,9
13688.jpg,3
13689.jpg,5
13690.jpg,3
13691.jpg,6
13692.jpg,2
13693.jpg,8
13694.jpg,5
13695.jpg,3
13696.jpg,2
13697.jpg,6
13698.jpg,6
13699.jpg,7
13700.jpg,3
13701.jpg,9
13702.jpg,3
13703.jpg,1
13704.jpg,6
13705.jpg,2
13706.jpg,6
13707.jpg,8
13708.jpg,6
13709.jpg,1
13710.jpg,7
13711.jpg,1
13712.jpg,5
13713.jpg,9
13714.jpg,1
13715.jpg,3
13716.jpg,2
13717.jpg,9
13718.jpg,7
13719.jpg,2
13720.jpg,9
13721.jpg,5
13722.jpg,9
13723.jpg,8
13724.jpg,5
13725.jpg,8
13726.jpg,9
13727.jpg,7
13728.jpg,8
13729.jpg,4
13730.jpg,9
13731.jpg,8
13732.jpg,0
13733.jpg,5
13734.jpg,6
13735.jpg,3
13736.jpg,8
13737.jpg,4
13738.jpg,0
13739.jpg,4
13740.jpg,8
13741.jpg,5
13742.jpg,2
13743.jpg,4
13744.jpg,7
13745.jpg,6
13746.jpg,0
13747.jpg,6
13748.jpg,4
13749.jpg,9
13750.jpg,7
13751.jpg,9
13752.jpg,1
13753.jpg,7
13754.jpg,0
13755.jpg,4
13756.jpg,5
13757.jpg,8
13758.jpg,9
13759.jpg,9
13760.jpg,6
13761.jpg,3
13762.jpg,6
13763.jpg,3
13764.jpg,6
13765.jpg,8
13766.jpg,8
13767.jpg,0
13768.jpg,1
13769.jpg,5
13770.jpg,9
13771.jpg,6
13772.jpg,3
13773.jpg,7
13774.jpg,5
13775.jpg,2
13776.jpg,0
13777.jpg,5
13778.jpg,7
13779.jpg,4
13780.jpg,6
13781.jpg,0
13782.jpg,5
13783.jpg,9
13784.jpg,7
13785.jpg,7
13786.jpg,0
13787.jpg,6
13788.jpg,2
13789.jpg,1
13790.jpg,4
13791.jpg,0
13792.jpg,4
13793.jpg,8
13794.jpg,7
13795.jpg,6
13796.jpg,0
13797.jpg,0
13798.jpg,9
13799.jpg,8
13800.jpg,5
13801.jpg,5
13802.jpg,5
13803.jpg,5
13804.jpg,0
13805.jpg,0
13806.jpg,1
13807.jpg,3
13808.jpg,0
13809.jpg,9
13810.jpg,5
13811.jpg,7
13812.jpg,1
13813.jpg,9
13814.jpg,4
13815.jpg,3
13816.jpg,4
13817.jpg,4
13818.jpg,8
13819.jpg,9
13820.jpg,8
13821.jpg,6
13822.jpg,0
13823.jpg,4
13824.jpg,3
13825.jpg,0
13826.jpg,4
13827.jpg,8
13828.jpg,7
13829.jpg,7
13830.jpg,0
13831.jpg,5
13832.jpg,1
13833.jpg,1
13834.jpg,7
13835.jpg,7
13836.jpg,0
13837.jpg,1
13838.jpg,8
13839.jpg,8
13840.jpg,9
13841.jpg,9
13842.jpg,7
13843.jpg,2
13844.jpg,7
13845.jpg,8
13846.jpg,9
13847.jpg,0
13848.jpg,0
13849.jpg,5
13850.jpg,1
13851.jpg,0
13852.jpg,7
13853.jpg,4
13854.jpg,0
13855.jpg,8
13856.jpg,9
13857.jpg,3
13858.jpg,8
13859.jpg,3
13860.jpg,7
13861.jpg,9
13862.jpg,3
13863.jpg,0
13864.jpg,1
13865.jpg,8
13866.jpg,0
13867.jpg,7
13868.jpg,9
13869.jpg,4
13870.jpg,8
13871.jpg,8
13872.jpg,8
13873.jpg,7
13874.jpg,5
13875.jpg,9
13876.jpg,6
13877.jpg,9
13878.jpg,6
13879.jpg,4
13880.jpg,7
13881.jpg,6
13882.jpg,4
13883.jpg,8
13884.jpg,3
13885.jpg,3
13886.jpg,9
13887.jpg,1
13888.jpg,6
13889.jpg,7
13890.jpg,8
13891.jpg,0
13892.jpg,7
13893.jpg,8
13894.jpg,9
13895.jpg,1
13896.jpg,6
13897.jpg,1
13898.jpg,5
13899.jpg,0
13900.jpg,1
13901.jpg,1
13902.jpg,5
13903.jpg,7
13904.jpg,9
13905.jpg,2
13906.jpg,5
13907.jpg,8
13908.jpg,9
13909.jpg,7
13910.jpg,7
13911.jpg,2
13912.jpg,6
13913.jpg,3
13914.jpg,5
13915.jpg,6
13916.jpg,5
13917.jpg,6
13918.jpg,2
13919.jpg,2
13920.jpg,4
13921.jpg,1
13922.jpg,3
13923.jpg,1
13924.jpg,0
13925.jpg,7
13926.jpg,9
13927.jpg,6
13928.jpg,7
13929.jpg,1
13930.jpg,2
13931.jpg,9
13932.jpg,4
13933.jpg,1
13934.jpg,6
13935.jpg,3
13936.jpg,1
13937.jpg,4
13938.jpg,0
13939.jpg,6
13940.jpg,7
13941.jpg,5
13942.jpg,3
13943.jpg,4
13944.jpg,2
13945.jpg,6
13946.jpg,8
13947.jpg,5
13948.jpg,3
13949.jpg,5
13950.jpg,2
13951.jpg,2
13952.jpg,0
13953.jpg,8
13954.jpg,4
13955.jpg,6
13956.jpg,6
13957.jpg,9
13958.jpg,4
13959.jpg,1
13960.jpg,8
13961.jpg,9
13962.jpg,8
13963.jpg,3
13964.jpg,0
13965.jpg,8
13966.jpg,7
13967.jpg,5
13968.jpg,4
13969.jpg,1
13970.jpg,7
13971.jpg,5
13972.jpg,0
13973.jpg,8
13974.jpg,3
13975.jpg,9
13976.jpg,5
13977.jpg,3
13978.jpg,0
13979.jpg,9
13980.jpg,3
13981.jpg,5
13982.jpg,1
13983.jpg,1
13984.jpg,0
13985.jpg,4
13986.jpg,3
13987.jpg,6
13988.jpg,7
13989.jpg,4
13990.jpg,9
13991.jpg,9
13992.jpg,3
13993.jpg,7
13994.jpg,4
13995.jpg,3
13996.jpg,3
13997.jpg,0
13998.jpg,3
13999.jpg,0
14000.jpg,6
14001.jpg,9
14002.jpg,2
14003.jpg,1
14004.jpg,7
14005.jpg,3
14006.jpg,5
14007.jpg,2
14008.jpg,1
14009.jpg,9
14010.jpg,1
14011.jpg,9
14012.jpg,7
14013.jpg,7
14014.jpg,7
14015.jpg,5
14016.jpg,2
14017.jpg,3
14018.jpg,1
14019.jpg,2
14020.jpg,0
14021.jpg,0
14022.jpg,3
14023.jpg,5
14024.jpg,1
14025.jpg,7
14026.jpg,7
14027.jpg,9
14028.jpg,5
14029.jpg,9
14030.jpg,2
14031.jpg,3
14032.jpg,9
14033.jpg,2
14034.jpg,4
14035.jpg,4
14036.jpg,3
14037.jpg,5
14038.jpg,1
14039.jpg,8
14040.jpg,4
14041.jpg,1
14042.jpg,9
14043.jpg,1
14044.jpg,1
14045.jpg,8
14046.jpg,4
14047.jpg,3
14048.jpg,9
14049.jpg,6
14050.jpg,7
14051.jpg,0
14052.jpg,7
14053.jpg,8
14054.jpg,7
14055.jpg,9
14056.jpg,5
14057.jpg,0
14058.jpg,0
14059.jpg,8
14060.jpg,3
14061.jpg,2
14062.jpg,8
14063.jpg,9
14064.jpg,2
14065.jpg,3
14066.jpg,9
14067.jpg,4
14068.jpg,1
14069.jpg,2
14070.jpg,9
14071.jpg,3
14072.jpg,0
14073.jpg,3
14074.jpg,2
14075.jpg,1
14076.jpg,9
14077.jpg,3
14078.jpg,9
14079.jpg,0
14080.jpg,4
14081.jpg,3
14082.jpg,3
14083.jpg,8
14084.jpg,4
14085.jpg,8
14086.jpg,9
14087.jpg,9
14088.jpg,7
14089.jpg,9
14090.jpg,7
14091.jpg,7
14092.jpg,3
14093.jpg,8
14094.jpg,0
14095.jpg,8
14096.jpg,0
14097.jpg,2
14098.jpg,5
14099.jpg,3
14100.jpg,3
14101.jpg,0
14102.jpg,8
14103.jpg,6
14104.jpg,0
14105.jpg,5
14106.jpg,3
14107.jpg,9
14108.jpg,4
14109.jpg,1
14110.jpg,1
14111.jpg,0
14112.jpg,3
14113.jpg,0
14114.jpg,9
14115.jpg,2
14116.jpg,9
14117.jpg,6
14118.jpg,3
14119.jpg,1
14120.jpg,5
14121.jpg,1
14122.jpg,7
14123.jpg,4
14124.jpg,3
14125.jpg,9
14126.jpg,5
14127.jpg,8
14128.jpg,5
14129.jpg,7
14130.jpg,5
14131.jpg,8
14132.jpg,8
14133.jpg,9
14134.jpg,2
14135.jpg,3
14136.jpg,2
14137.jpg,1
14138.jpg,8
14139.jpg,8
14140.jpg,8
14141.jpg,7
14142.jpg,8
14143.jpg,6
14144.jpg,0
14145.jpg,6
14146.jpg,1
14147.jpg,3
14148.jpg,3
14149.jpg,9
14150.jpg,8
14151.jpg,1
14152.jpg,9
14153.jpg,5
14154.jpg,3
14155.jpg,6
14156.jpg,6
14157.jpg,1
14158.jpg,0
14159.jpg,7
14160.jpg,5
14161.jpg,1
14162.jpg,9
14163.jpg,0
14164.jpg,8
14165.jpg,2
14166.jpg,2
14167.jpg,8
14168.jpg,2
14169.jpg,0
14170.jpg,2
14171.jpg,4
14172.jpg,7
14173.jpg,9
14174.jpg,3
14175.jpg,9
14176.jpg,6
14177.jpg,3
14178.jpg,8
14179.jpg,0
14180.jpg,6
14181.jpg,7
14182.jpg,9
14183.jpg,8
14184.jpg,6
14185.jpg,8
14186.jpg,6
14187.jpg,6
14188.jpg,9
14189.jpg,3
14190.jpg,5
14191.jpg,1
14192.jpg,3
14193.jpg,3
14194.jpg,1
14195.jpg,2
14196.jpg,5
14197.jpg,7
14198.jpg,6
14199.jpg,2
14200.jpg,1
14201.jpg,2
14202.jpg,8
14203.jpg,9
14204.jpg,6
14205.jpg,4
14206.jpg,1
14207.jpg,7
14208.jpg,3
14209.jpg,5
14210.jpg,2
14211.jpg,9
14212.jpg,0
14213.jpg,6
14214.jpg,9
14215.jpg,6
14216.jpg,8
14217.jpg,1
14218.jpg,2
14219.jpg,1
14220.jpg,1
14221.jpg,4
14222.jpg,4
14223.jpg,2
14224.jpg,1
14225.jpg,6
14226.jpg,5
14227.jpg,7
14228.jpg,1
14229.jpg,0
14230.jpg,4
14231.jpg,6
14232.jpg,6
14233.jpg,7
14234.jpg,9
14235.jpg,7
14236.jpg,4
14237.jpg,7
14238.jpg,5
14239.jpg,4
14240.jpg,1
14241.jpg,4
14242.jpg,6
14243.jpg,5
14244.jpg,5
14245.jpg,9
14246.jpg,9
14247.jpg,1
14248.jpg,9
14249.jpg,6
14250.jpg,4
14251.jpg,8
14252.jpg,0
14253.jpg,9
14254.jpg,2
14255.jpg,1
14256.jpg,0
14257.jpg,0
14258.jpg,0
14259.jpg,7
14260.jpg,8
14261.jpg,6
14262.jpg,3
14263.jpg,1
14264.jpg,2
14265.jpg,4
14266.jpg,6
14267.jpg,7
14268.jpg,1
14269.jpg,1
14270.jpg,8
14271.jpg,8
14272.jpg,2
14273.jpg,9
14274.jpg,5
14275.jpg,6
14276.jpg,3
14277.jpg,8
14278.jpg,9
14279.jpg,6
14280.jpg,1
14281.jpg,8
14282.jpg,6
14283.jpg,5
14284.jpg,1
14285.jpg,0
14286.jpg,8
14287.jpg,5
14288.jpg,1
14289.jpg,6
14290.jpg,4
14291.jpg,0
14292.jpg,1
14293.jpg,7
14294.jpg,1
14295.jpg,5
14296.jpg,9
14297.jpg,1
14298.jpg,6
14299.jpg,9
14300.jpg,0
14301.jpg,3
14302.jpg,5
14303.jpg,5
14304.jpg,9
14305.jpg,3
14306.jpg,4
14307.jpg,6
14308.jpg,4
14309.jpg,5
14310.jpg,9
14311.jpg,7
14312.jpg,6
14313.jpg,2
14314.jpg,5
14315.jpg,8
14316.jpg,9
14317.jpg,3
14318.jpg,4
14319.jpg,0
14320.jpg,9
14321.jpg,6
14322.jpg,2
14323.jpg,5
14324.jpg,9
14325.jpg,0
14326.jpg,5
14327.jpg,7
14328.jpg,8
14329.jpg,1
14330.jpg,3
14331.jpg,9
14332.jpg,3
14333.jpg,0
14334.jpg,2
14335.jpg,3
14336.jpg,1
14337.jpg,3
14338.jpg,1
14339.jpg,5
14340.jpg,5
14341.jpg,0
14342.jpg,1
14343.jpg,9
14344.jpg,5
14345.jpg,9
14346.jpg,7
14347.jpg,8
14348.jpg,3
14349.jpg,0
14350.jpg,8
14351.jpg,0
14352.jpg,5
14353.jpg,5
14354.jpg,6
14355.jpg,0
14356.jpg,0
14357.jpg,5
14358.jpg,3
14359.jpg,6
14360.jpg,0
14361.jpg,0
14362.jpg,8
14363.jpg,5
14364.jpg,3
14365.jpg,0
14366.jpg,2
14367.jpg,0
14368.jpg,7
14369.jpg,4
14370.jpg,7
14371.jpg,7
14372.jpg,9
14373.jpg,2
14374.jpg,0
14375.jpg,1
14376.jpg,8
14377.jpg,4
14378.jpg,5
14379.jpg,2
14380.jpg,5
14381.jpg,1
14382.jpg,6
14383.jpg,0
14384.jpg,3
14385.jpg,1
14386.jpg,8
14387.jpg,0
14388.jpg,9
14389.jpg,6
14390.jpg,7
14391.jpg,9
14392.jpg,2
14393.jpg,4
14394.jpg,6
14395.jpg,0
14396.jpg,4
14397.jpg,6
14398.jpg,1
14399.jpg,2
14400.jpg,1
14401.jpg,6
14402.jpg,3
14403.jpg,2
14404.jpg,0
14405.jpg,4
14406.jpg,7
14407.jpg,9
14408.jpg,9
14409.jpg,2
14410.jpg,9
14411.jpg,3
14412.jpg,8
14413.jpg,2
14414.jpg,8
14415.jpg,5
14416.jpg,7
14417.jpg,1
14418.jpg,6
14419.jpg,4
14420.jpg,0
14421.jpg,4
14422.jpg,7
14423.jpg,6
14424.jpg,6
14425.jpg,1
14426.jpg,8
14427.jpg,7
14428.jpg,1
14429.jpg,2
14430.jpg,4
14431.jpg,6
14432.jpg,2
14433.jpg,5
14434.jpg,3
14435.jpg,8
14436.jpg,9
14437.jpg,2
14438.jpg,8
14439.jpg,7
14440.jpg,5
14441.jpg,1
14442.jpg,5
14443.jpg,3
14444.jpg,8
14445.jpg,0
14446.jpg,1
14447.jpg,0
14448.jpg,4
14449.jpg,7
14450.jpg,1
14451.jpg,8
14452.jpg,5
14453.jpg,9
14454.jpg,4
14455.jpg,8
14456.jpg,8
14457.jpg,2
14458.jpg,9
14459.jpg,5
14460.jpg,3
14461.jpg,2
14462.jpg,1
14463.jpg,1
14464.jpg,4
14465.jpg,2
14466.jpg,1
14467.jpg,2
14468.jpg,7
14469.jpg,7
14470.jpg,1
14471.jpg,8
14472.jpg,7
14473.jpg,5
14474.jpg,9
14475.jpg,6
14476.jpg,0
14477.jpg,9
14478.jpg,6
14479.jpg,6
14480.jpg,1
14481.jpg,8
14482.jpg,5
14483.jpg,9
14484.jpg,1
14485.jpg,4
14486.jpg,1
14487.jpg,5
14488.jpg,0
14489.jpg,5
14490.jpg,3
14491.jpg,0
14492.jpg,0
14493.jpg,9
14494.jpg,9
14495.jpg,5
14496.jpg,2
14497.jpg,6
14498.jpg,4
14499.jpg,7
14500.jpg,2
14501.jpg,8
14502.jpg,0
14503.jpg,5
14504.jpg,4
14505.jpg,7
14506.jpg,5
14507.jpg,0
14508.jpg,7
14509.jpg,8
14510.jpg,6
14511.jpg,0
14512.jpg,1
14513.jpg,4
14514.jpg,0
14515.jpg,1
14516.jpg,5
14517.jpg,7
14518.jpg,3
14519.jpg,6
14520.jpg,1
14521.jpg,0
14522.jpg,3
14523.jpg,9
14524.jpg,4
14525.jpg,4
14526.jpg,8
14527.jpg,1
14528.jpg,1
14529.jpg,4
14530.jpg,9
14531.jpg,6
14532.jpg,5
14533.jpg,2
14534.jpg,0
14535.jpg,2
14536.jpg,7
14537.jpg,9
14538.jpg,3
14539.jpg,1
14540.jpg,1
14541.jpg,1
14542.jpg,9
14543.jpg,0
14544.jpg,1
14545.jpg,7
14546.jpg,5
14547.jpg,7
14548.jpg,4
14549.jpg,0
14550.jpg,9
14551.jpg,3
14552.jpg,6
14553.jpg,5
14554.jpg,8
14555.jpg,2
14556.jpg,6
14557.jpg,0
14558.jpg,5
14559.jpg,7
14560.jpg,3
14561.jpg,1
14562.jpg,3
14563.jpg,8
14564.jpg,8
14565.jpg,3
14566.jpg,1
14567.jpg,0
14568.jpg,7
14569.jpg,2
14570.jpg,9
14571.jpg,3
14572.jpg,4
14573.jpg,7
14574.jpg,7
14575.jpg,5
14576.jpg,2
14577.jpg,6
14578.jpg,8
14579.jpg,1
14580.jpg,1
14581.jpg,0
14582.jpg,4
14583.jpg,0
14584.jpg,4
14585.jpg,5
14586.jpg,8
14587.jpg,0
14588.jpg,8
14589.jpg,0
14590.jpg,1
14591.jpg,1
14592.jpg,0
14593.jpg,7
14594.jpg,4
14595.jpg,1
14596.jpg,7
14597.jpg,3
14598.jpg,3
14599.jpg,7
14600.jpg,0
14601.jpg,9
14602.jpg,1
14603.jpg,9
14604.jpg,9
14605.jpg,0
14606.jpg,3
14607.jpg,1
14608.jpg,8
14609.jpg,9
14610.jpg,2
14611.jpg,3
14612.jpg,7
14613.jpg,7
14614.jpg,9
14615.jpg,9
14616.jpg,1
14617.jpg,2
14618.jpg,3
14619.jpg,9
14620.jpg,1
14621.jpg,7
14622.jpg,0
14623.jpg,2
14624.jpg,4
14625.jpg,1
14626.jpg,6
14627.jpg,9
14628.jpg,5
14629.jpg,8
14630.jpg,4
14631.jpg,8
14632.jpg,8
14633.jpg,2
14634.jpg,3
14635.jpg,6
14636.jpg,2
14637.jpg,5
14638.jpg,9
14639.jpg,0
14640.jpg,9
14641.jpg,0
14642.jpg,0
14643.jpg,2
14644.jpg,0
14645.jpg,7
14646.jpg,6
14647.jpg,9
14648.jpg,5
14649.jpg,6
14650.jpg,5
14651.jpg,5
14652.jpg,3
14653.jpg,4
14654.jpg,1
14655.jpg,2
14656.jpg,5
14657.jpg,9
14658.jpg,4
14659.jpg,4
14660.jpg,6
14661.jpg,0
14662.jpg,5
14663.jpg,5
14664.jpg,4
14665.jpg,1
14666.jpg,3
14667.jpg,3
14668.jpg,0
14669.jpg,3
14670.jpg,2
14671.jpg,6
14672.jpg,6
14673.jpg,6
14674.jpg,4
14675.jpg,7
14676.jpg,0
14677.jpg,0
14678.jpg,1
14679.jpg,0
14680.jpg,1
14681.jpg,0
14682.jpg,7
14683.jpg,9
14684.jpg,2
14685.jpg,0
14686.jpg,4
14687.jpg,5
14688.jpg,8
14689.jpg,8
14690.jpg,0
14691.jpg,3
14692.jpg,8
14693.jpg,9
14694.jpg,2
14695.jpg,0
14696.jpg,3
14697.jpg,8
14698.jpg,7
14699.jpg,2
14700.jpg,0
14701.jpg,6
14702.jpg,5
14703.jpg,5
14704.jpg,3
14705.jpg,3
14706.jpg,2
14707.jpg,3
14708.jpg,7
14709.jpg,9
14710.jpg,2
14711.jpg,5
14712.jpg,9
14713.jpg,0
14714.jpg,5
14715.jpg,7
14716.jpg,8
14717.jpg,6
14718.jpg,9
14719.jpg,2
14720.jpg,0
14721.jpg,0
14722.jpg,6
14723.jpg,9
14724.jpg,6
14725.jpg,1
14726.jpg,3
14727.jpg,3
14728.jpg,6
14729.jpg,7
14730.jpg,9
14731.jpg,9
14732.jpg,6
14733.jpg,3
14734.jpg,2
14735.jpg,0
14736.jpg,2
14737.jpg,4
14738.jpg,9
14739.jpg,2
14740.jpg,8
14741.jpg,5
14742.jpg,2
14743.jpg,6
14744.jpg,5
14745.jpg,0
14746.jpg,1
14747.jpg,2
14748.jpg,8
14749.jpg,3
14750.jpg,0
14751.jpg,3
14752.jpg,8
14753.jpg,0
14754.jpg,5
14755.jpg,0
14756.jpg,2
14757.jpg,3
14758.jpg,7
14759.jpg,8
14760.jpg,8
14761.jpg,8
14762.jpg,1
14763.jpg,5
14764.jpg,0
14765.jpg,8
14766.jpg,8
14767.jpg,1
14768.jpg,7
14769.jpg,4
14770.jpg,9
14771.jpg,2
14772.jpg,2
14773.jpg,2
14774.jpg,1
14775.jpg,3
14776.jpg,4
14777.jpg,2
14778.jpg,4
14779.jpg,3
14780.jpg,2
14781.jpg,6
14782.jpg,7
14783.jpg,6
14784.jpg,7
14785.jpg,4
14786.jpg,7
14787.jpg,8
14788.jpg,9
14789.jpg,2
14790.jpg,4
14791.jpg,0
14792.jpg,0
14793.jpg,0
14794.jpg,7
14795.jpg,0
14796.jpg,5
14797.jpg,4
14798.jpg,2
14799.jpg,4
14800.jpg,6
14801.jpg,3
14802.jpg,0
14803.jpg,3
14804.jpg,4
14805.jpg,2
14806.jpg,4
14807.jpg,1
14808.jpg,6
14809.jpg,6
14810.jpg,4
14811.jpg,8
14812.jpg,7
14813.jpg,5
14814.jpg,0
14815.jpg,7
14816.jpg,9
14817.jpg,3
14818.jpg,0
14819.jpg,5
14820.jpg,7
14821.jpg,8
14822.jpg,5
14823.jpg,4
14824.jpg,7
14825.jpg,8
14826.jpg,5
14827.jpg,4
14828.jpg,1
14829.jpg,4
14830.jpg,4
14831.jpg,5
14832.jpg,5
14833.jpg,1
14834.jpg,0
14835.jpg,2
14836.jpg,4
14837.jpg,0
14838.jpg,5
14839.jpg,3
14840.jpg,5
14841.jpg,8
14842.jpg,3
14843.jpg,6
14844.jpg,0
14845.jpg,7
14846.jpg,4
14847.jpg,3
14848.jpg,4
14849.jpg,9
14850.jpg,7
14851.jpg,0
14852.jpg,6
14853.jpg,7
14854.jpg,6
14855.jpg,8
14856.jpg,7
14857.jpg,2
14858.jpg,7
14859.jpg,0
14860.jpg,8
14861.jpg,4
14862.jpg,7
14863.jpg,1
14864.jpg,6
14865.jpg,2
14866.jpg,4
14867.jpg,5
14868.jpg,3
14869.jpg,3
14870.jpg,6
14871.jpg,3
14872.jpg,6
14873.jpg,1
14874.jpg,4
14875.jpg,5
14876.jpg,8
14877.jpg,5
14878.jpg,8
14879.jpg,6
14880.jpg,9
14881.jpg,0
14882.jpg,6
14883.jpg,4
14884.jpg,4
14885.jpg,2
14886.jpg,6
14887.jpg,0
14888.jpg,6
14889.jpg,4
14890.jpg,5
14891.jpg,1
14892.jpg,7
14893.jpg,9
14894.jpg,8
14895.jpg,6
14896.jpg,3
14897.jpg,6
14898.jpg,7
14899.jpg,5
14900.jpg,4
14901.jpg,7
14902.jpg,2
14903.jpg,3
14904.jpg,2
14905.jpg,8
14906.jpg,3
14907.jpg,8
14908.jpg,7
14909.jpg,5
14910.jpg,3
14911.jpg,2
14912.jpg,6
14913.jpg,7
14914.jpg,5
14915.jpg,7
14916.jpg,7
14917.jpg,7
14918.jpg,6
14919.jpg,2
14920.jpg,4
14921.jpg,6
14922.jpg,3
14923.jpg,1
14924.jpg,9
14925.jpg,4
14926.jpg,2
14927.jpg,2
14928.jpg,6
14929.jpg,8
14930.jpg,7
14931.jpg,0
14932.jpg,1
14933.jpg,4
14934.jpg,8
14935.jpg,2
14936.jpg,1
14937.jpg,5
14938.jpg,9
14939.jpg,0
14940.jpg,7
14941.jpg,7
14942.jpg,4
14943.jpg,0
14944.jpg,7
14945.jpg,8
14946.jpg,6
14947.jpg,5
14948.jpg,7
14949.jpg,3
14950.jpg,6
14951.jpg,5
14952.jpg,5
14953.jpg,5
14954.jpg,7
14955.jpg,6
14956.jpg,6
14957.jpg,0
14958.jpg,3
14959.jpg,5
14960.jpg,9
14961.jpg,3
14962.jpg,2
14963.jpg,1
14964.jpg,9
14965.jpg,1
14966.jpg,6
14967.jpg,4
14968.jpg,1
14969.jpg,5
14970.jpg,7
14971.jpg,0
14972.jpg,6
14973.jpg,6
14974.jpg,7
14975.jpg,1
14976.jpg,8
14977.jpg,2
14978.jpg,2
14979.jpg,1
14980.jpg,2
14981.jpg,5
14982.jpg,7
14983.jpg,0
14984.jpg,8
14985.jpg,9
14986.jpg,1
14987.jpg,9
14988.jpg,7
14989.jpg,6
14990.jpg,8
14991.jpg,3
14992.jpg,6
14993.jpg,2
14994.jpg,2
14995.jpg,7
14996.jpg,4
14997.jpg,4
14998.jpg,5
14999.jpg,1
15000.jpg,6
15001.jpg,9
15002.jpg,8
15003.jpg,4
15004.jpg,0
15005.jpg,6
15006.jpg,3
15007.jpg,1
15008.jpg,3
15009.jpg,9
15010.jpg,9
15011.jpg,8
15012.jpg,5
15013.jpg,8
15014.jpg,4
15015.jpg,5
15016.jpg,0
15017.jpg,4
15018.jpg,2
15019.jpg,3
15020.jpg,1
15021.jpg,9
15022.jpg,2
15023.jpg,0
15024.jpg,4
15025.jpg,6
15026.jpg,5
15027.jpg,0
15028.jpg,3
15029.jpg,8
15030.jpg,2
15031.jpg,8
15032.jpg,6
15033.jpg,7
15034.jpg,2
15035.jpg,6
15036.jpg,9
15037.jpg,0
15038.jpg,2
15039.jpg,6
15040.jpg,8
15041.jpg,2
15042.jpg,8
15043.jpg,7
15044.jpg,1
15045.jpg,7
15046.jpg,1
15047.jpg,8
15048.jpg,1
15049.jpg,2
15050.jpg,1
15051.jpg,9
15052.jpg,2
15053.jpg,5
15054.jpg,8
15055.jpg,3
15056.jpg,5
15057.jpg,5
15058.jpg,3
15059.jpg,6
15060.jpg,9
15061.jpg,1
15062.jpg,3
15063.jpg,1
15064.jpg,2
15065.jpg,5
15066.jpg,0
15067.jpg,6
15068.jpg,7
15069.jpg,1
15070.jpg,0
15071.jpg,1
15072.jpg,8
15073.jpg,3
15074.jpg,3
15075.jpg,5
15076.jpg,6
15077.jpg,3
15078.jpg,8
15079.jpg,7
15080.jpg,7
15081.jpg,3
15082.jpg,0
15083.jpg,0
15084.jpg,3
15085.jpg,6
15086.jpg,2
15087.jpg,5
15088.jpg,8
15089.jpg,2
15090.jpg,7
15091.jpg,9
15092.jpg,0
15093.jpg,8
15094.jpg,9
15095.jpg,2
15096.jpg,8
15097.jpg,0
15098.jpg,4
15099.jpg,4
15100.jpg,1
15101.jpg,2
15102.jpg,7
15103.jpg,3
15104.jpg,8
15105.jpg,1
15106.jpg,0
15107.jpg,7
15108.jpg,7
15109.jpg,7
15110.jpg,0
15111.jpg,8
15112.jpg,9
15113.jpg,4
15114.jpg,4
15115.jpg,2
15116.jpg,7
15117.jpg,1
15118.jpg,8
15119.jpg,8
15120.jpg,9
15121.jpg,6
15122.jpg,7
15123.jpg,8
15124.jpg,8
15125.jpg,2
15126.jpg,8
15127.jpg,5
15128.jpg,8
15129.jpg,9
15130.jpg,2
15131.jpg,7
15132.jpg,7
15133.jpg,8
15134.jpg,6
15135.jpg,1
15136.jpg,3
15137.jpg,1
15138.jpg,3
15139.jpg,6
15140.jpg,0
15141.jpg,5
15142.jpg,4
15143.jpg,9
15144.jpg,0
15145.jpg,2
15146.jpg,6
15147.jpg,4
15148.jpg,2
15149.jpg,2
15150.jpg,1
15151.jpg,1
15152.jpg,6
15153.jpg,4
15154.jpg,7
15155.jpg,6
15156.jpg,7
15157.jpg,5
15158.jpg,7
15159.jpg,9
15160.jpg,0
15161.jpg,2
15162.jpg,1
15163.jpg,8
15164.jpg,7
15165.jpg,1
15166.jpg,2
15167.jpg,0
15168.jpg,6
15169.jpg,6
15170.jpg,5
15171.jpg,5
15172.jpg,2
15173.jpg,9
15174.jpg,2
15175.jpg,2
15176.jpg,8
15177.jpg,0
15178.jpg,0
15179.jpg,3
15180.jpg,5
15181.jpg,1
15182.jpg,7
15183.jpg,2
15184.jpg,3
15185.jpg,3
15186.jpg,9
15187.jpg,0
15188.jpg,8
15189.jpg,0
15190.jpg,0
15191.jpg,0
15192.jpg,2
15193.jpg,5
15194.jpg,3
15195.jpg,2
15196.jpg,1
15197.jpg,7
15198.jpg,0
15199.jpg,0
15200.jpg,2
15201.jpg,1
15202.jpg,5
15203.jpg,2
15204.jpg,5
15205.jpg,5
15206.jpg,1
15207.jpg,8
15208.jpg,1
15209.jpg,1
15210.jpg,1
15211.jpg,3
15212.jpg,0
15213.jpg,7
15214.jpg,3
15215.jpg,3
15216.jpg,4
15217.jpg,2
15218.jpg,3
15219.jpg,3
15220.jpg,0
15221.jpg,3
15222.jpg,2
15223.jpg,6
15224.jpg,1
15225.jpg,8
15226.jpg,7
15227.jpg,7
15228.jpg,7
15229.jpg,6
15230.jpg,5
15231.jpg,4
15232.jpg,4
15233.jpg,5
15234.jpg,6
15235.jpg,3
15236.jpg,0
15237.jpg,8
15238.jpg,8
15239.jpg,8
15240.jpg,5
15241.jpg,7
15242.jpg,0
15243.jpg,0
15244.jpg,0
15245.jpg,1
15246.jpg,3
15247.jpg,3
15248.jpg,5
15249.jpg,5
15250.jpg,4
15251.jpg,0
15252.jpg,5
15253.jpg,3
15254.jpg,3
15255.jpg,6
15256.jpg,3
15257.jpg,3
15258.jpg,8
15259.jpg,3
15260.jpg,5
15261.jpg,0
15262.jpg,5
15263.jpg,2
15264.jpg,1
15265.jpg,5
15266.jpg,7
15267.jpg,0
15268.jpg,2
15269.jpg,7
15270.jpg,0
15271.jpg,7
15272.jpg,5
15273.jpg,3
15274.jpg,2
15275.jpg,0
15276.jpg,2
15277.jpg,3
15278.jpg,1
15279.jpg,1
15280.jpg,1
15281.jpg,3
15282.jpg,2
15283.jpg,7
15284.jpg,5
15285.jpg,9
15286.jpg,4
15287.jpg,5
15288.jpg,0
15289.jpg,4
15290.jpg,0
15291.jpg,6
15292.jpg,4
15293.jpg,6
15294.jpg,6
15295.jpg,2
15296.jpg,2
15297.jpg,9
15298.jpg,6
15299.jpg,4
15300.jpg,1
15301.jpg,4
15302.jpg,2
15303.jpg,9
15304.jpg,7
15305.jpg,3
15306.jpg,1
15307.jpg,3
15308.jpg,9
15309.jpg,3
15310.jpg,7
15311.jpg,5
15312.jpg,2
15313.jpg,4
15314.jpg,1
15315.jpg,3
15316.jpg,0
15317.jpg,9
15318.jpg,0
15319.jpg,9
15320.jpg,8
15321.jpg,6
15322.jpg,7
15323.jpg,1
15324.jpg,3
15325.jpg,9
15326.jpg,2
15327.jpg,8
15328.jpg,7
15329.jpg,7
15330.jpg,0
15331.jpg,1
15332.jpg,4
15333.jpg,5
15334.jpg,7
15335.jpg,4
15336.jpg,8
15337.jpg,0
15338.jpg,9
15339.jpg,0
15340.jpg,6
15341.jpg,2
15342.jpg,7
15343.jpg,7
15344.jpg,6
15345.jpg,6
15346.jpg,4
15347.jpg,4
15348.jpg,8
15349.jpg,7
15350.jpg,0
15351.jpg,4
15352.jpg,0
15353.jpg,5
15354.jpg,2
15355.jpg,4
15356.jpg,5
15357.jpg,6
15358.jpg,6
15359.jpg,3
15360.jpg,9
15361.jpg,9
15362.jpg,0
15363.jpg,1
15364.jpg,8
15365.jpg,7
15366.jpg,2
15367.jpg,2
15368.jpg,8
15369.jpg,7
15370.jpg,7
15371.jpg,4
15372.jpg,5
15373.jpg,6
15374.jpg,8
15375.jpg,9
15376.jpg,3
15377.jpg,1
15378.jpg,3
15379.jpg,2
15380.jpg,3
15381.jpg,2
15382.jpg,6
15383.jpg,4
15384.jpg,3
15385.jpg,0
15386.jpg,8
15387.jpg,9
15388.jpg,1
15389.jpg,1
15390.jpg,5
15391.jpg,0
15392.jpg,8
15393.jpg,9
15394.jpg,5
15395.jpg,8
15396.jpg,6
15397.jpg,6
15398.jpg,2
15399.jpg,8
15400.jpg,2
15401.jpg,4
15402.jpg,4
15403.jpg,4
15404.jpg,9
15405.jpg,1
15406.jpg,6
15407.jpg,9
15408.jpg,5
15409.jpg,9
15410.jpg,7
15411.jpg,7
15412.jpg,8
15413.jpg,7
15414.jpg,4
15415.jpg,2
15416.jpg,6
15417.jpg,6
15418.jpg,5
15419.jpg,0
15420.jpg,0
15421.jpg,9
15422.jpg,0
15423.jpg,4
15424.jpg,3
15425.jpg,5
15426.jpg,2
15427.jpg,2
15428.jpg,1
15429.jpg,4
15430.jpg,6
15431.jpg,0
15432.jpg,5
15433.jpg,9
15434.jpg,4
15435.jpg,4
15436.jpg,4
15437.jpg,4
15438.jpg,1
15439.jpg,0
15440.jpg,2
15441.jpg,4
15442.jpg,6
15443.jpg,3
15444.jpg,4
15445.jpg,5
15446.jpg,2
15447.jpg,3
15448.jpg,6
15449.jpg,2
15450.jpg,8
15451.jpg,7
15452.jpg,5
15453.jpg,7
15454.jpg,7
15455.jpg,2
15456.jpg,6
15457.jpg,0
15458.jpg,4
15459.jpg,1
15460.jpg,0
15461.jpg,9
15462.jpg,0
15463.jpg,1
15464.jpg,7
15465.jpg,5
15466.jpg,7
15467.jpg,2
15468.jpg,9
15469.jpg,6
15470.jpg,8
15471.jpg,3
15472.jpg,8
15473.jpg,6
15474.jpg,4
15475.jpg,6
15476.jpg,9
15477.jpg,0
15478.jpg,2
15479.jpg,1
15480.jpg,4
15481.jpg,4
15482.jpg,6
15483.jpg,9
15484.jpg,2
15485.jpg,7
15486.jpg,9
15487.jpg,8
15488.jpg,1
15489.jpg,0
15490.jpg,3
15491.jpg,2
15492.jpg,3
15493.jpg,6
15494.jpg,4
15495.jpg,2
15496.jpg,2
15497.jpg,7
15498.jpg,4
15499.jpg,9
15500.jpg,6
15501.jpg,8
15502.jpg,0
15503.jpg,8
15504.jpg,3
15505.jpg,5
15506.jpg,9
15507.jpg,9
15508.jpg,8
15509.jpg,3
15510.jpg,9
15511.jpg,6
15512.jpg,2
15513.jpg,8
15514.jpg,0
15515.jpg,5
15516.jpg,2
15517.jpg,5
15518.jpg,8
15519.jpg,6
15520.jpg,3
15521.jpg,8
15522.jpg,5
15523.jpg,1
15524.jpg,8
15525.jpg,4
15526.jpg,6
15527.jpg,3
15528.jpg,2
15529.jpg,4
15530.jpg,2
15531.jpg,0
15532.jpg,0
15533.jpg,8
15534.jpg,1
15535.jpg,3
15536.jpg,2
15537.jpg,7
15538.jpg,0
15539.jpg,7
15540.jpg,8
15541.jpg,3
15542.jpg,9
15543.jpg,2
15544.jpg,1
15545.jpg,3
15546.jpg,0
15547.jpg,3
15548.jpg,9
15549.jpg,0
15550.jpg,5
15551.jpg,6
15552.jpg,5
15553.jpg,7
15554.jpg,7
15555.jpg,5
15556.jpg,4
15557.jpg,8
15558.jpg,1
15559.jpg,3
15560.jpg,9
15561.jpg,3
15562.jpg,7
15563.jpg,3
15564.jpg,2
15565.jpg,6
15566.jpg,8
15567.jpg,1
15568.jpg,7
15569.jpg,6
15570.jpg,3
15571.jpg,0
15572.jpg,7
15573.jpg,8
15574.jpg,0
15575.jpg,7
15576.jpg,4
15577.jpg,8
15578.jpg,0
15579.jpg,4
15580.jpg,8
15581.jpg,0
15582.jpg,1
15583.jpg,5
15584.jpg,7
15585.jpg,4
15586.jpg,9
15587.jpg,2
15588.jpg,5
15589.jpg,5
15590.jpg,9
15591.jpg,2
15592.jpg,7
15593.jpg,2
15594.jpg,7
15595.jpg,6
15596.jpg,1
15597.jpg,5
15598.jpg,7
15599.jpg,0
15600.jpg,1
15601.jpg,7
15602.jpg,2
15603.jpg,5
15604.jpg,9
15605.jpg,0
15606.jpg,5
15607.jpg,5
15608.jpg,1
15609.jpg,0
15610.jpg,5
15611.jpg,1
15612.jpg,6
15613.jpg,7
15614.jpg,1
15615.jpg,0
15616.jpg,0
15617.jpg,7
15618.jpg,8
15619.jpg,1
15620.jpg,4
15621.jpg,1
15622.jpg,6
15623.jpg,9
15624.jpg,0
15625.jpg,1
15626.jpg,2
15627.jpg,3
15628.jpg,2
15629.jpg,8
15630.jpg,9
15631.jpg,9
15632.jpg,8
15633.jpg,3
15634.jpg,5
15635.jpg,4
15636.jpg,4
15637.jpg,7
15638.jpg,6
15639.jpg,3
15640.jpg,3
15641.jpg,6
15642.jpg,3
15643.jpg,4
15644.jpg,0
15645.jpg,6
15646.jpg,2
15647.jpg,9
15648.jpg,9
15649.jpg,3
15650.jpg,2
15651.jpg,0
15652.jpg,1
15653.jpg,8
15654.jpg,9
15655.jpg,5
15656.jpg,5
15657.jpg,6
15658.jpg,5
15659.jpg,0
15660.jpg,8
15661.jpg,5
15662.jpg,5
15663.jpg,3
15664.jpg,3
15665.jpg,2
15666.jpg,4
15667.jpg,3
15668.jpg,0
15669.jpg,8
15670.jpg,5
15671.jpg,2
15672.jpg,4
15673.jpg,3
15674.jpg,4
15675.jpg,4
15676.jpg,3
15677.jpg,5
15678.jpg,6
15679.jpg,7
15680.jpg,6
15681.jpg,6
15682.jpg,1
15683.jpg,3
15684.jpg,3
15685.jpg,1
15686.jpg,3
15687.jpg,3
15688.jpg,3
15689.jpg,1
15690.jpg,4
15691.jpg,8
15692.jpg,4
15693.jpg,5
15694.jpg,8
15695.jpg,2
15696.jpg,0
15697.jpg,1
15698.jpg,5
15699.jpg,5
15700.jpg,1
15701.jpg,7
15702.jpg,5
15703.jpg,4
15704.jpg,6
15705.jpg,3
15706.jpg,3
15707.jpg,5
15708.jpg,9
15709.jpg,6
15710.jpg,1
15711.jpg,7
15712.jpg,0
15713.jpg,3
15714.jpg,0
15715.jpg,4
15716.jpg,3
15717.jpg,8
15718.jpg,1
15719.jpg,0
15720.jpg,5
15721.jpg,8
15722.jpg,5
15723.jpg,6
15724.jpg,7
15725.jpg,8
15726.jpg,3
15727.jpg,5
15728.jpg,8
15729.jpg,6
15730.jpg,5
15731.jpg,1
15732.jpg,5
15733.jpg,5
15734.jpg,2
15735.jpg,5
15736.jpg,9
15737.jpg,8
15738.jpg,3
15739.jpg,9
15740.jpg,5
15741.jpg,7
15742.jpg,7
15743.jpg,2
15744.jpg,8
15745.jpg,3
15746.jpg,0
15747.jpg,6
15748.jpg,0
15749.jpg,8
15750.jpg,1
15751.jpg,5
15752.jpg,9
15753.jpg,4
15754.jpg,8
15755.jpg,7
15756.jpg,8
15757.jpg,2
15758.jpg,8
15759.jpg,9
15760.jpg,8
15761.jpg,6
15762.jpg,0
15763.jpg,0
15764.jpg,7
15765.jpg,3
15766.jpg,9
15767.jpg,4
15768.jpg,4
15769.jpg,3
15770.jpg,7
15771.jpg,3
15772.jpg,3
15773.jpg,3
15774.jpg,5
15775.jpg,5
15776.jpg,4
15777.jpg,5
15778.jpg,7
15779.jpg,4
15780.jpg,8
15781.jpg,4
15782.jpg,3
15783.jpg,8
15784.jpg,9
15785.jpg,4
15786.jpg,0
15787.jpg,0
15788.jpg,7
15789.jpg,0
15790.jpg,8
15791.jpg,7
15792.jpg,0
15793.jpg,6
15794.jpg,8
15795.jpg,6
15796.jpg,8
15797.jpg,0
15798.jpg,4
15799.jpg,1
15800.jpg,9
15801.jpg,2
15802.jpg,3
15803.jpg,4
15804.jpg,7
15805.jpg,5
15806.jpg,4
15807.jpg,0
15808.jpg,0
15809.jpg,7
15810.jpg,0
15811.jpg,7
15812.jpg,3
15813.jpg,4
15814.jpg,0
15815.jpg,6
15816.jpg,0
15817.jpg,1
15818.jpg,4
15819.jpg,6
15820.jpg,0
15821.jpg,5
15822.jpg,2
15823.jpg,8
15824.jpg,5
15825.jpg,3
15826.jpg,5
15827.jpg,1
15828.jpg,6
15829.jpg,6
15830.jpg,2
15831.jpg,2
15832.jpg,9
15833.jpg,2
15834.jpg,4
15835.jpg,6
15836.jpg,7
15837.jpg,9
15838.jpg,0
15839.jpg,9
15840.jpg,5
15841.jpg,6
15842.jpg,1
15843.jpg,0
15844.jpg,6
15845.jpg,5
15846.jpg,4
15847.jpg,2
15848.jpg,7
15849.jpg,5
15850.jpg,6
15851.jpg,6
15852.jpg,1
15853.jpg,0
15854.jpg,5
15855.jpg,8
15856.jpg,1
15857.jpg,1
15858.jpg,5
15859.jpg,2
15860.jpg,4
15861.jpg,2
15862.jpg,0
15863.jpg,4
15864.jpg,5
15865.jpg,7
15866.jpg,6
15867.jpg,9
15868.jpg,7
15869.jpg,8
15870.jpg,5
15871.jpg,4
15872.jpg,1
15873.jpg,7
15874.jpg,1
15875.jpg,5
15876.jpg,7
15877.jpg,6
15878.jpg,6
15879.jpg,4
15880.jpg,0
15881.jpg,1
15882.jpg,3
15883.jpg,9
15884.jpg,2
15885.jpg,3
15886.jpg,5
15887.jpg,2
15888.jpg,8
15889.jpg,7
15890.jpg,7
15891.jpg,0
15892.jpg,6
15893.jpg,4
15894.jpg,5
15895.jpg,7
15896.jpg,7
15897.jpg,9
15898.jpg,4
15899.jpg,3
15900.jpg,6
15901.jpg,2
15902.jpg,8
15903.jpg,5
15904.jpg,6
15905.jpg,0
15906.jpg,8
15907.jpg,9
15908.jpg,8
15909.jpg,1
15910.jpg,1
15911.jpg,2
15912.jpg,2
15913.jpg,6
15914.jpg,6
15915.jpg,1
15916.jpg,7
15917.jpg,7
15918.jpg,5
15919.jpg,5
15920.jpg,0
15921.jpg,2
15922.jpg,3
15923.jpg,3
15924.jpg,8
15925.jpg,5
15926.jpg,1
15927.jpg,7
15928.jpg,2
15929.jpg,2
15930.jpg,0
15931.jpg,4
15932.jpg,6
15933.jpg,3
15934.jpg,3
15935.jpg,6
15936.jpg,9
15937.jpg,7
15938.jpg,8
15939.jpg,2
15940.jpg,6
15941.jpg,4
15942.jpg,0
15943.jpg,3
15944.jpg,8
15945.jpg,9
15946.jpg,9
15947.jpg,3
15948.jpg,7
15949.jpg,4
15950.jpg,3
15951.jpg,8
15952.jpg,7
15953.jpg,3
15954.jpg,4
15955.jpg,4
15956.jpg,2
15957.jpg,7
15958.jpg,3
15959.jpg,4
15960.jpg,9
15961.jpg,1
15962.jpg,4
15963.jpg,9
15964.jpg,6
15965.jpg,9
15966.jpg,6
15967.jpg,6
15968.jpg,7
15969.jpg,0
15970.jpg,0
15971.jpg,3
15972.jpg,6
15973.jpg,9
15974.jpg,1
15975.jpg,1
15976.jpg,0
15977.jpg,4
15978.jpg,9
15979.jpg,6
15980.jpg,5
15981.jpg,5
15982.jpg,2
15983.jpg,3
15984.jpg,2
15985.jpg,6
15986.jpg,3
15987.jpg,8
15988.jpg,9
15989.jpg,2
15990.jpg,6
15991.jpg,9
15992.jpg,4
15993.jpg,1
15994.jpg,9
15995.jpg,0
15996.jpg,3
15997.jpg,3
15998.jpg,2
15999.jpg,6
16000.jpg,0
16001.jpg,2
16002.jpg,9
16003.jpg,0
16004.jpg,8
16005.jpg,3
16006.jpg,7
16007.jpg,0
16008.jpg,1
16009.jpg,3
16010.jpg,5
16011.jpg,9
16012.jpg,9
16013.jpg,9
16014.jpg,5
16015.jpg,8
16016.jpg,9
16017.jpg,7
16018.jpg,0
16019.jpg,2
16020.jpg,6
16021.jpg,9
16022.jpg,3
16023.jpg,4
16024.jpg,5
16025.jpg,6
16026.jpg,1
16027.jpg,0
16028.jpg,5
16029.jpg,3
16030.jpg,5
16031.jpg,7
16032.jpg,7
16033.jpg,5
16034.jpg,2
16035.jpg,8
16036.jpg,3
16037.jpg,7
16038.jpg,8
16039.jpg,9
16040.jpg,0
16041.jpg,9
16042.jpg,6
16043.jpg,3
16044.jpg,3
16045.jpg,0
16046.jpg,7
16047.jpg,4
16048.jpg,4
16049.jpg,0
16050.jpg,9
16051.jpg,2
16052.jpg,5
16053.jpg,9
16054.jpg,6
16055.jpg,8
16056.jpg,7
16057.jpg,9
16058.jpg,2
16059.jpg,1
16060.jpg,0
16061.jpg,9
16062.jpg,4
16063.jpg,6
16064.jpg,3
16065.jpg,1
16066.jpg,6
16067.jpg,7
16068.jpg,4
16069.jpg,9
16070.jpg,2
16071.jpg,5
16072.jpg,5
16073.jpg,5
16074.jpg,1
16075.jpg,6
16076.jpg,0
16077.jpg,1
16078.jpg,9
16079.jpg,5
16080.jpg,1
16081.jpg,0
16082.jpg,1
16083.jpg,0
16084.jpg,6
16085.jpg,6
16086.jpg,7
16087.jpg,3
16088.jpg,0
16089.jpg,6
16090.jpg,1
16091.jpg,6
16092.jpg,0
16093.jpg,1
16094.jpg,8
16095.jpg,5
16096.jpg,2
16097.jpg,3
16098.jpg,8
16099.jpg,4
16100.jpg,4
16101.jpg,9
16102.jpg,5
16103.jpg,6
16104.jpg,7
16105.jpg,8
16106.jpg,3
16107.jpg,7
16108.jpg,8
16109.jpg,8
16110.jpg,2
16111.jpg,3
16112.jpg,8
16113.jpg,9
16114.jpg,4
16115.jpg,1
16116.jpg,3
16117.jpg,9
16118.jpg,4
16119.jpg,2
16120.jpg,6
16121.jpg,9
16122.jpg,6
16123.jpg,3
16124.jpg,0
16125.jpg,5
16126.jpg,3
16127.jpg,1
16128.jpg,2
16129.jpg,4
16130.jpg,4
16131.jpg,8
16132.jpg,3
16133.jpg,7
16134.jpg,5
16135.jpg,6
16136.jpg,9
16137.jpg,0
16138.jpg,5
16139.jpg,6
16140.jpg,8
16141.jpg,1
16142.jpg,4
16143.jpg,5
16144.jpg,0
16145.jpg,4
16146.jpg,2
16147.jpg,8
16148.jpg,2
16149.jpg,8
16150.jpg,9
16151.jpg,6
16152.jpg,9
16153.jpg,5
16154.jpg,3
16155.jpg,2
16156.jpg,8
16157.jpg,6
16158.jpg,1
16159.jpg,9
16160.jpg,3
16161.jpg,3
16162.jpg,0
16163.jpg,7
16164.jpg,0
16165.jpg,7
16166.jpg,7
16167.jpg,5
16168.jpg,1
16169.jpg,2
16170.jpg,8
16171.jpg,5
16172.jpg,8
16173.jpg,5
16174.jpg,5
16175.jpg,2
16176.jpg,2
16177.jpg,0
16178.jpg,0
16179.jpg,5
16180.jpg,1
16181.jpg,2
16182.jpg,8
16183.jpg,3
16184.jpg,0
16185.jpg,5
16186.jpg,2
16187.jpg,2
16188.jpg,8
16189.jpg,3
16190.jpg,6
16191.jpg,8
16192.jpg,6
16193.jpg,7
16194.jpg,5
16195.jpg,8
16196.jpg,7
16197.jpg,6
16198.jpg,8
16199.jpg,6
16200.jpg,0
16201.jpg,9
16202.jpg,3
16203.jpg,7
16204.jpg,2
16205.jpg,6
16206.jpg,6
16207.jpg,0
16208.jpg,7
16209.jpg,9
16210.jpg,3
16211.jpg,6
16212.jpg,4
16213.jpg,2
16214.jpg,8
16215.jpg,2
16216.jpg,8
16217.jpg,7
16218.jpg,9
16219.jpg,2
16220.jpg,8
16221.jpg,5
16222.jpg,9
16223.jpg,2
16224.jpg,3
16225.jpg,8
16226.jpg,0
16227.jpg,9
16228.jpg,6
16229.jpg,9
16230.jpg,1
16231.jpg,6
16232.jpg,6
16233.jpg,4
16234.jpg,2
16235.jpg,6
16236.jpg,5
16237.jpg,5
16238.jpg,8
16239.jpg,8
16240.jpg,6
16241.jpg,1
16242.jpg,2
16243.jpg,6
16244.jpg,3
16245.jpg,6
16246.jpg,8
16247.jpg,6
16248.jpg,1
16249.jpg,7
16250.jpg,8
16251.jpg,5
16252.jpg,9
16253.jpg,3
16254.jpg,8
16255.jpg,5
16256.jpg,7
16257.jpg,1
16258.jpg,0
16259.jpg,7
16260.jpg,3
16261.jpg,3
16262.jpg,9
16263.jpg,2
16264.jpg,7
16265.jpg,2
16266.jpg,2
16267.jpg,1
16268.jpg,6
16269.jpg,0
16270.jpg,7
16271.jpg,2
16272.jpg,6
16273.jpg,4
16274.jpg,2
16275.jpg,6
16276.jpg,7
16277.jpg,5
16278.jpg,5
16279.jpg,2
16280.jpg,5
16281.jpg,5
16282.jpg,2
16283.jpg,3
16284.jpg,9
16285.jpg,7
16286.jpg,0
16287.jpg,2
16288.jpg,1
16289.jpg,9
16290.jpg,1
16291.jpg,7
16292.jpg,1
16293.jpg,1
16294.jpg,1
16295.jpg,1
16296.jpg,0
16297.jpg,4
16298.jpg,1
16299.jpg,2
16300.jpg,0
16301.jpg,4
16302.jpg,3
16303.jpg,5
16304.jpg,1
16305.jpg,2
16306.jpg,8
16307.jpg,4
16308.jpg,2
16309.jpg,6
16310.jpg,1
16311.jpg,0
16312.jpg,0
16313.jpg,5
16314.jpg,7
16315.jpg,1
16316.jpg,8
16317.jpg,7
16318.jpg,7
16319.jpg,6
16320.jpg,1
16321.jpg,2
16322.jpg,0
16323.jpg,3
16324.jpg,6
16325.jpg,5
16326.jpg,4
16327.jpg,3
16328.jpg,8
16329.jpg,4
16330.jpg,5
16331.jpg,1
16332.jpg,0
16333.jpg,6
16334.jpg,8
16335.jpg,6
16336.jpg,3
16337.jpg,8
16338.jpg,8
16339.jpg,6
16340.jpg,6
16341.jpg,0
16342.jpg,0
16343.jpg,7
16344.jpg,1
16345.jpg,7
16346.jpg,4
16347.jpg,9
16348.jpg,9
16349.jpg,5
16350.jpg,1
16351.jpg,4
16352.jpg,8
16353.jpg,4
16354.jpg,5
16355.jpg,6
16356.jpg,7
16357.jpg,3
16358.jpg,7
16359.jpg,7
16360.jpg,4
16361.jpg,0
16362.jpg,1
16363.jpg,5
16364.jpg,6
16365.jpg,5
16366.jpg,6
16367.jpg,4
16368.jpg,1
16369.jpg,8
16370.jpg,5
16371.jpg,8
16372.jpg,3
16373.jpg,9
16374.jpg,9
16375.jpg,1
16376.jpg,0
16377.jpg,5
16378.jpg,4
16379.jpg,6
16380.jpg,4
16381.jpg,8
16382.jpg,5
16383.jpg,6
16384.jpg,9
16385.jpg,9
16386.jpg,2
16387.jpg,6
16388.jpg,5
16389.jpg,7
16390.jpg,2
16391.jpg,0
16392.jpg,7
16393.jpg,9
16394.jpg,9
16395.jpg,6
16396.jpg,2
16397.jpg,7
16398.jpg,2
16399.jpg,3
16400.jpg,2
16401.jpg,7
16402.jpg,8
16403.jpg,6
16404.jpg,1
16405.jpg,1
16406.jpg,7
16407.jpg,3
16408.jpg,3
16409.jpg,6
16410.jpg,5
16411.jpg,7
16412.jpg,0
16413.jpg,6
16414.jpg,2
16415.jpg,6
16416.jpg,0
16417.jpg,4
16418.jpg,5
16419.jpg,6
16420.jpg,7
16421.jpg,0
16422.jpg,7
16423.jpg,4
16424.jpg,1
16425.jpg,2
16426.jpg,2
16427.jpg,0
16428.jpg,6
16429.jpg,6
16430.jpg,0
16431.jpg,6
16432.jpg,6
16433.jpg,1
16434.jpg,4
16435.jpg,9
16436.jpg,3
16437.jpg,8
16438.jpg,8
16439.jpg,9
16440.jpg,8
16441.jpg,7
16442.jpg,2
16443.jpg,5
16444.jpg,7
16445.jpg,9
16446.jpg,9
16447.jpg,9
16448.jpg,6
16449.jpg,2
16450.jpg,1
16451.jpg,7
16452.jpg,1
16453.jpg,3
16454.jpg,8
16455.jpg,3
16456.jpg,1
16457.jpg,8
16458.jpg,9
16459.jpg,4
16460.jpg,4
16461.jpg,6
16462.jpg,3
16463.jpg,8
16464.jpg,7
16465.jpg,1
16466.jpg,9
16467.jpg,1
16468.jpg,9
16469.jpg,6
16470.jpg,1
16471.jpg,1
16472.jpg,3
16473.jpg,5
16474.jpg,1
16475.jpg,4
16476.jpg,6
16477.jpg,4
16478.jpg,6
16479.jpg,5
16480.jpg,9
16481.jpg,8
16482.jpg,3
16483.jpg,9
16484.jpg,8
16485.jpg,3
16486.jpg,5
16487.jpg,8
16488.jpg,0
16489.jpg,9
16490.jpg,7
16491.jpg,1
16492.jpg,6
16493.jpg,0
16494.jpg,7
16495.jpg,0
16496.jpg,9
16497.jpg,4
16498.jpg,1
16499.jpg,0
16500.jpg,2
16501.jpg,5
16502.jpg,6
16503.jpg,5
16504.jpg,5
16505.jpg,0
16506.jpg,9
16507.jpg,0
16508.jpg,9
16509.jpg,1
16510.jpg,8
16511.jpg,9
16512.jpg,4
16513.jpg,6
16514.jpg,8
16515.jpg,7
16516.jpg,6
16517.jpg,6
16518.jpg,9
16519.jpg,1
16520.jpg,5
16521.jpg,1
16522.jpg,0
16523.jpg,2
16524.jpg,6
16525.jpg,3
16526.jpg,1
16527.jpg,2
16528.jpg,8
16529.jpg,5
16530.jpg,9
16531.jpg,9
16532.jpg,1
16533.jpg,7
16534.jpg,3
16535.jpg,3
16536.jpg,2
16537.jpg,6
16538.jpg,8
16539.jpg,3
16540.jpg,4
16541.jpg,2
16542.jpg,6
16543.jpg,5
16544.jpg,3
16545.jpg,5
16546.jpg,0
16547.jpg,8
16548.jpg,5
16549.jpg,2
16550.jpg,1
16551.jpg,2
16552.jpg,0
16553.jpg,7
16554.jpg,3
16555.jpg,4
16556.jpg,3
16557.jpg,3
16558.jpg,3
16559.jpg,3
16560.jpg,5
16561.jpg,9
16562.jpg,7
16563.jpg,8
16564.jpg,3
16565.jpg,0
16566.jpg,6
16567.jpg,7
16568.jpg,2
16569.jpg,6
16570.jpg,2
16571.jpg,0
16572.jpg,2
16573.jpg,3
16574.jpg,9
16575.jpg,3
16576.jpg,1
16577.jpg,2
16578.jpg,1
16579.jpg,8
16580.jpg,8
16581.jpg,5
16582.jpg,8
16583.jpg,8
16584.jpg,4
16585.jpg,9
16586.jpg,4
16587.jpg,5
16588.jpg,2
16589.jpg,5
16590.jpg,8
16591.jpg,5
16592.jpg,0
16593.jpg,2
16594.jpg,8
16595.jpg,6
16596.jpg,9
16597.jpg,9
16598.jpg,3
16599.jpg,0
16600.jpg,9
16601.jpg,1
16602.jpg,4
16603.jpg,8
16604.jpg,8
16605.jpg,2
16606.jpg,7
16607.jpg,0
16608.jpg,8
16609.jpg,3
16610.jpg,9
16611.jpg,6
16612.jpg,4
16613.jpg,3
16614.jpg,1
16615.jpg,7
16616.jpg,9
16617.jpg,1
16618.jpg,6
16619.jpg,6
16620.jpg,9
16621.jpg,8
16622.jpg,9
16623.jpg,8
16624.jpg,3
16625.jpg,9
16626.jpg,3
16627.jpg,9
16628.jpg,7
16629.jpg,2
16630.jpg,2
16631.jpg,4
16632.jpg,0
16633.jpg,7
16634.jpg,6
16635.jpg,9
16636.jpg,1
16637.jpg,1
16638.jpg,4
16639.jpg,8
16640.jpg,5
16641.jpg,2
16642.jpg,3
16643.jpg,8
16644.jpg,0
16645.jpg,4
16646.jpg,1
16647.jpg,9
16648.jpg,2
16649.jpg,4
16650.jpg,9
16651.jpg,2
16652.jpg,1
16653.jpg,4
16654.jpg,9
16655.jpg,9
16656.jpg,0
16657.jpg,3
16658.jpg,9
16659.jpg,9
16660.jpg,3
16661.jpg,7
16662.jpg,0
16663.jpg,2
16664.jpg,8
16665.jpg,3
16666.jpg,8
16667.jpg,0
16668.jpg,9
16669.jpg,7
16670.jpg,7
16671.jpg,8
16672.jpg,8
16673.jpg,7
16674.jpg,9
16675.jpg,3
16676.jpg,5
16677.jpg,9
16678.jpg,8
16679.jpg,5
16680.jpg,5
16681.jpg,9
16682.jpg,5
16683.jpg,7
16684.jpg,0
16685.jpg,6
16686.jpg,5
16687.jpg,7
16688.jpg,3
16689.jpg,3
16690.jpg,3
16691.jpg,9
16692.jpg,7
16693.jpg,0
16694.jpg,8
16695.jpg,2
16696.jpg,2
16697.jpg,7
16698.jpg,6
16699.jpg,7
16700.jpg,5
16701.jpg,6
16702.jpg,7
16703.jpg,8
16704.jpg,0
16705.jpg,5
16706.jpg,4
16707.jpg,3
16708.jpg,0
16709.jpg,7
16710.jpg,4
16711.jpg,3
16712.jpg,1
16713.jpg,4
16714.jpg,8
16715.jpg,4
16716.jpg,3
16717.jpg,4
16718.jpg,8
16719.jpg,6
16720.jpg,8
16721.jpg,3
16722.jpg,0
16723.jpg,0
16724.jpg,0
16725.jpg,6
16726.jpg,3
16727.jpg,6
16728.jpg,5
16729.jpg,1
16730.jpg,2
16731.jpg,5
16732.jpg,7
16733.jpg,7
16734.jpg,2
16735.jpg,5
16736.jpg,3
16737.jpg,1
16738.jpg,5
16739.jpg,5
16740.jpg,1
16741.jpg,1
16742.jpg,1
16743.jpg,0
16744.jpg,0
16745.jpg,4
16746.jpg,1
16747.jpg,5
16748.jpg,6
16749.jpg,7
16750.jpg,2
16751.jpg,5
16752.jpg,7
16753.jpg,5
16754.jpg,4
16755.jpg,5
16756.jpg,9
16757.jpg,2
16758.jpg,2
16759.jpg,9
16760.jpg,2
16761.jpg,0
16762.jpg,2
16763.jpg,9
16764.jpg,0
16765.jpg,2
16766.jpg,9
16767.jpg,7
16768.jpg,2
16769.jpg,9
16770.jpg,3
16771.jpg,6
16772.jpg,4
16773.jpg,2
16774.jpg,9
16775.jpg,5
16776.jpg,0
16777.jpg,8
16778.jpg,0
16779.jpg,7
16780.jpg,9
16781.jpg,4
16782.jpg,6
16783.jpg,0
16784.jpg,8
16785.jpg,5
16786.jpg,2
16787.jpg,1
16788.jpg,7
16789.jpg,1
16790.jpg,9
16791.jpg,5
16792.jpg,2
16793.jpg,6
16794.jpg,1
16795.jpg,2
16796.jpg,7
16797.jpg,3
16798.jpg,6
16799.jpg,5
16800.jpg,6
16801.jpg,8
16802.jpg,9
16803.jpg,2
16804.jpg,5
16805.jpg,9
16806.jpg,8
16807.jpg,2
16808.jpg,5
16809.jpg,4
16810.jpg,7
16811.jpg,7
16812.jpg,4
16813.jpg,3
16814.jpg,7
16815.jpg,0
16816.jpg,7
16817.jpg,9
16818.jpg,1
16819.jpg,4
16820.jpg,7
16821.jpg,7
16822.jpg,9
16823.jpg,4
16824.jpg,0
16825.jpg,9
16826.jpg,7
16827.jpg,5
16828.jpg,9
16829.jpg,6
16830.jpg,4
16831.jpg,7
16832.jpg,9
16833.jpg,2
16834.jpg,6
16835.jpg,7
16836.jpg,5
16837.jpg,2
16838.jpg,4
16839.jpg,9
16840.jpg,0
16841.jpg,6
16842.jpg,0
16843.jpg,1
16844.jpg,4
16845.jpg,5
16846.jpg,0
16847.jpg,9
16848.jpg,9
16849.jpg,3
16850.jpg,4
16851.jpg,7
16852.jpg,9
16853.jpg,1
16854.jpg,4
16855.jpg,2
16856.jpg,8
16857.jpg,5
16858.jpg,7
16859.jpg,3
16860.jpg,4
16861.jpg,7
16862.jpg,3
16863.jpg,8
16864.jpg,2
16865.jpg,4
16866.jpg,7
16867.jpg,5
16868.jpg,9
16869.jpg,9
16870.jpg,1
16871.jpg,5
16872.jpg,6
16873.jpg,2
16874.jpg,5
16875.jpg,9
16876.jpg,3
16877.jpg,1
16878.jpg,1
16879.jpg,0
16880.jpg,9
16881.jpg,1
16882.jpg,4
16883.jpg,3
16884.jpg,5
16885.jpg,6
16886.jpg,4
16887.jpg,7
16888.jpg,9
16889.jpg,5
16890.jpg,4
16891.jpg,2
16892.jpg,4
16893.jpg,2
16894.jpg,4
16895.jpg,7
16896.jpg,5
16897.jpg,4
16898.jpg,8
16899.jpg,1
16900.jpg,3
16901.jpg,7
16902.jpg,4
16903.jpg,7
16904.jpg,3
16905.jpg,1
16906.jpg,3
16907.jpg,3
16908.jpg,9
16909.jpg,5
16910.jpg,7
16911.jpg,4
16912.jpg,3
16913.jpg,0
16914.jpg,5
16915.jpg,1
16916.jpg,7
16917.jpg,5
16918.jpg,0
16919.jpg,6
16920.jpg,5
16921.jpg,6
16922.jpg,0
16923.jpg,8
16924.jpg,4
16925.jpg,8
16926.jpg,4
16927.jpg,8
16928.jpg,3
16929.jpg,4
16930.jpg,1
16931.jpg,7
16932.jpg,9
16933.jpg,5
16934.jpg,3
16935.jpg,1
16936.jpg,4
16937.jpg,1
16938.jpg,8
16939.jpg,3
16940.jpg,6
16941.jpg,9
16942.jpg,9
16943.jpg,4
16944.jpg,8
16945.jpg,9
16946.jpg,4
16947.jpg,7
16948.jpg,8
16949.jpg,5
16950.jpg,1
16951.jpg,8
16952.jpg,9
16953.jpg,4
16954.jpg,5
16955.jpg,9
16956.jpg,2
16957.jpg,2
16958.jpg,5
16959.jpg,4
16960.jpg,2
16961.jpg,2
16962.jpg,5
16963.jpg,7
16964.jpg,3
16965.jpg,3
16966.jpg,6
16967.jpg,8
16968.jpg,2
16969.jpg,5
16970.jpg,9
16971.jpg,5
16972.jpg,9
16973.jpg,7
16974.jpg,3
16975.jpg,4
16976.jpg,2
16977.jpg,8
16978.jpg,4
16979.jpg,4
16980.jpg,8
16981.jpg,8
16982.jpg,2
16983.jpg,7
16984.jpg,7
16985.jpg,0
16986.jpg,1
16987.jpg,5
16988.jpg,8
16989.jpg,9
16990.jpg,2
16991.jpg,7
16992.jpg,2
16993.jpg,8
16994.jpg,1
16995.jpg,2
16996.jpg,5
16997.jpg,4
16998.jpg,5
16999.jpg,2
17000.jpg,0
17001.jpg,2
17002.jpg,1
17003.jpg,4
17004.jpg,0
17005.jpg,9
17006.jpg,7
17007.jpg,0
17008.jpg,6
17009.jpg,1
17010.jpg,6
17011.jpg,9
17012.jpg,3
17013.jpg,3
17014.jpg,4
17015.jpg,7
17016.jpg,5
17017.jpg,4
17018.jpg,9
17019.jpg,1
17020.jpg,3
17021.jpg,3
17022.jpg,6
17023.jpg,4
17024.jpg,1
17025.jpg,9
17026.jpg,0
17027.jpg,8
17028.jpg,4
17029.jpg,4
17030.jpg,9
17031.jpg,4
17032.jpg,5
17033.jpg,8
17034.jpg,8
17035.jpg,7
17036.jpg,7
17037.jpg,1
17038.jpg,7
17039.jpg,7
17040.jpg,9
17041.jpg,9
17042.jpg,0
17043.jpg,7
17044.jpg,4
17045.jpg,9
17046.jpg,2
17047.jpg,0
17048.jpg,0
17049.jpg,2
17050.jpg,4
17051.jpg,6
17052.jpg,1
17053.jpg,5
17054.jpg,7
17055.jpg,7
17056.jpg,8
17057.jpg,8
17058.jpg,9
17059.jpg,0
17060.jpg,7
17061.jpg,8
17062.jpg,4
17063.jpg,4
17064.jpg,3
17065.jpg,5
17066.jpg,5
17067.jpg,8
17068.jpg,8
17069.jpg,3
17070.jpg,9
17071.jpg,0
17072.jpg,2
17073.jpg,1
17074.jpg,4
17075.jpg,0
17076.jpg,2
17077.jpg,3
17078.jpg,7
17079.jpg,7
17080.jpg,0
17081.jpg,2
17082.jpg,6
17083.jpg,9
17084.jpg,1
17085.jpg,9
17086.jpg,7
17087.jpg,6
17088.jpg,6
17089.jpg,1
17090.jpg,3
17091.jpg,2
17092.jpg,5
17093.jpg,5
17094.jpg,5
17095.jpg,6
17096.jpg,3
17097.jpg,2
17098.jpg,7
17099.jpg,1
17100.jpg,4
17101.jpg,1
17102.jpg,6
17103.jpg,2
17104.jpg,0
17105.jpg,4
17106.jpg,4
17107.jpg,5
17108.jpg,3
17109.jpg,5
17110.jpg,2
17111.jpg,9
17112.jpg,9
17113.jpg,7
17114.jpg,3
17115.jpg,3
17116.jpg,7
17117.jpg,6
17118.jpg,3
17119.jpg,9
17120.jpg,6
17121.jpg,2
17122.jpg,9
17123.jpg,7
17124.jpg,8
17125.jpg,5
17126.jpg,6
17127.jpg,6
17128.jpg,0
17129.jpg,1
17130.jpg,1
17131.jpg,2
17132.jpg,1
17133.jpg,9
17134.jpg,6
17135.jpg,4
17136.jpg,3
17137.jpg,0
17138.jpg,3
17139.jpg,4
17140.jpg,5
17141.jpg,5
17142.jpg,3
17143.jpg,1
17144.jpg,4
17145.jpg,7
17146.jpg,9
17147.jpg,0
17148.jpg,9
17149.jpg,2
17150.jpg,5
17151.jpg,9
17152.jpg,3
17153.jpg,8
17154.jpg,6
17155.jpg,0
17156.jpg,3
17157.jpg,7
17158.jpg,5
17159.jpg,5
17160.jpg,9
17161.jpg,7
17162.jpg,9
17163.jpg,2
17164.jpg,6
17165.jpg,3
17166.jpg,4
17167.jpg,4
17168.jpg,9
17169.jpg,2
17170.jpg,0
17171.jpg,8
17172.jpg,7
17173.jpg,4
17174.jpg,1
17175.jpg,0
17176.jpg,0
17177.jpg,6
17178.jpg,1
17179.jpg,0
17180.jpg,4
17181.jpg,4
17182.jpg,7
17183.jpg,6
17184.jpg,9
17185.jpg,2
17186.jpg,2
17187.jpg,7
17188.jpg,5
17189.jpg,7
17190.jpg,9
17191.jpg,2
17192.jpg,2
17193.jpg,4
17194.jpg,1
17195.jpg,1
17196.jpg,9
17197.jpg,2
17198.jpg,9
17199.jpg,4
17200.jpg,1
17201.jpg,2
17202.jpg,0
17203.jpg,3
17204.jpg,2
17205.jpg,4
17206.jpg,4
17207.jpg,5
17208.jpg,3
17209.jpg,3
17210.jpg,3
17211.jpg,0
17212.jpg,3
17213.jpg,4
17214.jpg,4
17215.jpg,1
17216.jpg,0
17217.jpg,7
17218.jpg,6
17219.jpg,5
17220.jpg,4
17221.jpg,4
17222.jpg,3
17223.jpg,5
17224.jpg,5
17225.jpg,5
17226.jpg,7
17227.jpg,4
17228.jpg,1
17229.jpg,6
17230.jpg,7
17231.jpg,0
17232.jpg,7
17233.jpg,3
17234.jpg,4
17235.jpg,3
17236.jpg,4
17237.jpg,9
17238.jpg,1
17239.jpg,2
17240.jpg,6
17241.jpg,8
17242.jpg,7
17243.jpg,8
17244.jpg,7
17245.jpg,9
17246.jpg,3
17247.jpg,4
17248.jpg,7
17249.jpg,9
17250.jpg,3
17251.jpg,1
17252.jpg,8
17253.jpg,2
17254.jpg,3
17255.jpg,7
17256.jpg,9
17257.jpg,5
17258.jpg,4
17259.jpg,4
17260.jpg,1
17261.jpg,8
17262.jpg,1
17263.jpg,3
17264.jpg,2
17265.jpg,5
17266.jpg,2
17267.jpg,0
17268.jpg,1
17269.jpg,5
17270.jpg,3
17271.jpg,8
17272.jpg,1
17273.jpg,1
17274.jpg,3
17275.jpg,3
17276.jpg,4
17277.jpg,9
17278.jpg,0
17279.jpg,5
17280.jpg,0
17281.jpg,8
17282.jpg,4
17283.jpg,5
17284.jpg,1
17285.jpg,4
17286.jpg,0
17287.jpg,9
17288.jpg,7
17289.jpg,5
17290.jpg,5
17291.jpg,9
17292.jpg,5
17293.jpg,8
17294.jpg,7
17295.jpg,6
17296.jpg,7
17297.jpg,3
17298.jpg,3
17299.jpg,9
17300.jpg,5
17301.jpg,0
17302.jpg,4
17303.jpg,4
17304.jpg,3
17305.jpg,5
17306.jpg,1
17307.jpg,9
17308.jpg,2
17309.jpg,2
17310.jpg,8
17311.jpg,9
17312.jpg,0
17313.jpg,4
17314.jpg,2
17315.jpg,0
17316.jpg,5
17317.jpg,3
17318.jpg,1
17319.jpg,1
17320.jpg,7
17321.jpg,1
17322.jpg,4
17323.jpg,0
17324.jpg,0
17325.jpg,2
17326.jpg,2
17327.jpg,7
17328.jpg,2
17329.jpg,6
17330.jpg,1
17331.jpg,3
17332.jpg,6
17333.jpg,2
17334.jpg,4
17335.jpg,7
17336.jpg,9
17337.jpg,8
17338.jpg,0
17339.jpg,8
17340.jpg,9
17341.jpg,9
17342.jpg,4
17343.jpg,9
17344.jpg,9
17345.jpg,5
17346.jpg,6
17347.jpg,5
17348.jpg,5
17349.jpg,5
17350.jpg,9
17351.jpg,3
17352.jpg,8
17353.jpg,6
17354.jpg,1
17355.jpg,5
17356.jpg,2
17357.jpg,6
17358.jpg,0
17359.jpg,5
17360.jpg,9
17361.jpg,3
17362.jpg,6
17363.jpg,7
17364.jpg,8
17365.jpg,9
17366.jpg,4
17367.jpg,6
17368.jpg,2
17369.jpg,9
17370.jpg,8
17371.jpg,1
17372.jpg,4
17373.jpg,2
17374.jpg,7
17375.jpg,0
17376.jpg,6
17377.jpg,5
17378.jpg,8
17379.jpg,6
17380.jpg,9
17381.jpg,7
17382.jpg,1
17383.jpg,5
17384.jpg,4
17385.jpg,6
17386.jpg,8
17387.jpg,5
17388.jpg,4
17389.jpg,6
17390.jpg,4
17391.jpg,4
17392.jpg,5
17393.jpg,2
17394.jpg,4
17395.jpg,9
17396.jpg,7
17397.jpg,5
17398.jpg,8
17399.jpg,2
17400.jpg,7
17401.jpg,5
17402.jpg,1
17403.jpg,6
17404.jpg,1
17405.jpg,1
17406.jpg,7
17407.jpg,3
17408.jpg,5
17409.jpg,4
17410.jpg,8
17411.jpg,7
17412.jpg,4
17413.jpg,3
17414.jpg,6
17415.jpg,0
17416.jpg,2
17417.jpg,4
17418.jpg,3
17419.jpg,1
17420.jpg,9
17421.jpg,7
17422.jpg,5
17423.jpg,7
17424.jpg,3
17425.jpg,0
17426.jpg,0
17427.jpg,0
17428.jpg,4
17429.jpg,4
17430.jpg,2
17431.jpg,0
17432.jpg,3
17433.jpg,3
17434.jpg,0
17435.jpg,9
17436.jpg,8
17437.jpg,6
17438.jpg,0
17439.jpg,9
17440.jpg,0
17441.jpg,3
17442.jpg,1
17443.jpg,5
17444.jpg,0
17445.jpg,5
17446.jpg,4
17447.jpg,1
17448.jpg,9
17449.jpg,8
17450.jpg,6
17451.jpg,7
17452.jpg,7
17453.jpg,4
17454.jpg,6
17455.jpg,4
17456.jpg,5
17457.jpg,9
17458.jpg,8
17459.jpg,5
17460.jpg,0
17461.jpg,4
17462.jpg,5
17463.jpg,5
17464.jpg,6
17465.jpg,1
17466.jpg,4
17467.jpg,3
17468.jpg,4
17469.jpg,4
17470.jpg,2
17471.jpg,9
17472.jpg,5
17473.jpg,6
17474.jpg,6
17475.jpg,3
17476.jpg,2
17477.jpg,2
17478.jpg,6
17479.jpg,4
17480.jpg,2
17481.jpg,7
17482.jpg,2
17483.jpg,9
17484.jpg,2
17485.jpg,3
17486.jpg,6
17487.jpg,0
17488.jpg,1
17489.jpg,4
17490.jpg,8
17491.jpg,4
17492.jpg,2
17493.jpg,4
17494.jpg,4
17495.jpg,5
17496.jpg,8
17497.jpg,0
17498.jpg,2
17499.jpg,2
17500.jpg,4
17501.jpg,4
17502.jpg,0
17503.jpg,6
17504.jpg,6
17505.jpg,7
17506.jpg,1
17507.jpg,8
17508.jpg,6
17509.jpg,1
17510.jpg,1
17511.jpg,7
17512.jpg,1
17513.jpg,4
17514.jpg,5
17515.jpg,8
17516.jpg,0
17517.jpg,2
17518.jpg,4
17519.jpg,4
17520.jpg,5
17521.jpg,2
17522.jpg,0
17523.jpg,9
17524.jpg,9
17525.jpg,3
17526.jpg,6
17527.jpg,9
17528.jpg,5
17529.jpg,7
17530.jpg,5
17531.jpg,4
17532.jpg,8
17533.jpg,0
17534.jpg,4
17535.jpg,4
17536.jpg,8
17537.jpg,0
17538.jpg,1
17539.jpg,7
17540.jpg,3
17541.jpg,8
17542.jpg,2
17543.jpg,8
17544.jpg,3
17545.jpg,1
17546.jpg,2
17547.jpg,4
17548.jpg,9
17549.jpg,2
17550.jpg,8
17551.jpg,9
17552.jpg,0
17553.jpg,0
17554.jpg,6
17555.jpg,2
17556.jpg,3
17557.jpg,2
17558.jpg,4
17559.jpg,3
17560.jpg,2
17561.jpg,8
17562.jpg,0
17563.jpg,6
17564.jpg,9
17565.jpg,7
17566.jpg,9
17567.jpg,6
17568.jpg,7
17569.jpg,9
17570.jpg,9
17571.jpg,0
17572.jpg,4
17573.jpg,7
17574.jpg,7
17575.jpg,9
17576.jpg,1
17577.jpg,6
17578.jpg,2
17579.jpg,4
17580.jpg,2
17581.jpg,9
17582.jpg,1
17583.jpg,7
17584.jpg,1
17585.jpg,3
17586.jpg,3
17587.jpg,2
17588.jpg,9
17589.jpg,9
17590.jpg,5
17591.jpg,9
17592.jpg,2
17593.jpg,9
17594.jpg,2
17595.jpg,6
17596.jpg,4
17597.jpg,2
17598.jpg,5
17599.jpg,2
17600.jpg,7
17601.jpg,1
17602.jpg,6
17603.jpg,9
17604.jpg,4
17605.jpg,3
17606.jpg,6
17607.jpg,1
17608.jpg,3
17609.jpg,0
17610.jpg,6
17611.jpg,6
17612.jpg,8
17613.jpg,4
17614.jpg,4
17615.jpg,8
17616.jpg,9
17617.jpg,9
17618.jpg,8
17619.jpg,3
17620.jpg,3
17621.jpg,8
17622.jpg,9
17623.jpg,0
17624.jpg,4
17625.jpg,1
17626.jpg,6
17627.jpg,1
17628.jpg,3
17629.jpg,4
17630.jpg,4
17631.jpg,4
17632.jpg,6
17633.jpg,5
17634.jpg,7
17635.jpg,7
17636.jpg,1
17637.jpg,7
17638.jpg,0
17639.jpg,0
17640.jpg,8
17641.jpg,3
17642.jpg,1
17643.jpg,8
17644.jpg,4
17645.jpg,0
17646.jpg,0
17647.jpg,4
17648.jpg,6
17649.jpg,4
17650.jpg,1
17651.jpg,6
17652.jpg,3
17653.jpg,5
17654.jpg,9
17655.jpg,8
17656.jpg,1
17657.jpg,7
17658.jpg,3
17659.jpg,4
17660.jpg,6
17661.jpg,8
17662.jpg,3
17663.jpg,4
17664.jpg,5
17665.jpg,3
17666.jpg,5
17667.jpg,6
17668.jpg,9
17669.jpg,8
17670.jpg,8
17671.jpg,5
17672.jpg,7
17673.jpg,3
17674.jpg,8
17675.jpg,9
17676.jpg,2
17677.jpg,5
17678.jpg,6
17679.jpg,5
17680.jpg,6
17681.jpg,0
17682.jpg,7
17683.jpg,3
17684.jpg,2
17685.jpg,2
17686.jpg,0
17687.jpg,6
17688.jpg,6
17689.jpg,5
17690.jpg,5
17691.jpg,5
17692.jpg,8
17693.jpg,9
17694.jpg,9
17695.jpg,9
17696.jpg,2
17697.jpg,7
17698.jpg,3
17699.jpg,8
17700.jpg,1
17701.jpg,5
17702.jpg,3
17703.jpg,0
17704.jpg,2
17705.jpg,2
17706.jpg,0
17707.jpg,9
17708.jpg,6
17709.jpg,1
17710.jpg,0
17711.jpg,5
17712.jpg,7
17713.jpg,5
17714.jpg,3
17715.jpg,8
17716.jpg,1
17717.jpg,9
17718.jpg,4
17719.jpg,9
17720.jpg,5
17721.jpg,2
17722.jpg,3
17723.jpg,4
17724.jpg,0
17725.jpg,4
17726.jpg,7
17727.jpg,8
17728.jpg,8
17729.jpg,2
17730.jpg,1
17731.jpg,1
17732.jpg,5
17733.jpg,9
17734.jpg,3
17735.jpg,3
17736.jpg,9
17737.jpg,2
17738.jpg,2
17739.jpg,6
17740.jpg,9
17741.jpg,6
17742.jpg,3
17743.jpg,2
17744.jpg,2
17745.jpg,1
17746.jpg,2
17747.jpg,8
17748.jpg,7
17749.jpg,0
17750.jpg,2
17751.jpg,0
17752.jpg,9
17753.jpg,3
17754.jpg,4
17755.jpg,9
17756.jpg,7
17757.jpg,4
17758.jpg,0
17759.jpg,3
17760.jpg,0
17761.jpg,3
17762.jpg,4
17763.jpg,7
17764.jpg,2
17765.jpg,6
17766.jpg,3
17767.jpg,6
17768.jpg,0
17769.jpg,1
17770.jpg,5
17771.jpg,5
17772.jpg,3
17773.jpg,1
17774.jpg,7
17775.jpg,7
17776.jpg,5
17777.jpg,0
17778.jpg,7
17779.jpg,3
17780.jpg,0
17781.jpg,7
17782.jpg,7
17783.jpg,8
17784.jpg,9
17785.jpg,9
17786.jpg,3
17787.jpg,4
17788.jpg,9
17789.jpg,4
17790.jpg,4
17791.jpg,9
17792.jpg,1
17793.jpg,6
17794.jpg,1
17795.jpg,2
17796.jpg,3
17797.jpg,5
17798.jpg,9
17799.jpg,9
17800.jpg,2
17801.jpg,4
17802.jpg,1
17803.jpg,6
17804.jpg,5
17805.jpg,5
17806.jpg,5
17807.jpg,9
17808.jpg,8
17809.jpg,1
17810.jpg,9
17811.jpg,9
17812.jpg,4
17813.jpg,0
17814.jpg,1
17815.jpg,9
17816.jpg,2
17817.jpg,4
17818.jpg,9
17819.jpg,5
17820.jpg,8
17821.jpg,9
17822.jpg,7
17823.jpg,2
17824.jpg,7
17825.jpg,2
17826.jpg,3
17827.jpg,7
17828.jpg,5
17829.jpg,1
17830.jpg,6
17831.jpg,3
17832.jpg,0
17833.jpg,5
17834.jpg,6
17835.jpg,5
17836.jpg,7
17837.jpg,9
17838.jpg,5
17839.jpg,8
17840.jpg,7
17841.jpg,8
17842.jpg,8
17843.jpg,6
17844.jpg,5
17845.jpg,2
17846.jpg,8
17847.jpg,4
17848.jpg,4
17849.jpg,7
17850.jpg,0
17851.jpg,8
17852.jpg,4
17853.jpg,4
17854.jpg,8
17855.jpg,0
17856.jpg,6
17857.jpg,8
17858.jpg,8
17859.jpg,5
17860.jpg,4
17861.jpg,8
17862.jpg,0
17863.jpg,2
17864.jpg,8
17865.jpg,2
17866.jpg,8
17867.jpg,0
17868.jpg,1
17869.jpg,5
17870.jpg,8
17871.jpg,1
17872.jpg,6
17873.jpg,0
17874.jpg,2
17875.jpg,4
17876.jpg,3
17877.jpg,2
17878.jpg,2
17879.jpg,5
17880.jpg,3
17881.jpg,6
17882.jpg,4
17883.jpg,7
17884.jpg,2
17885.jpg,5
17886.jpg,8
17887.jpg,8
17888.jpg,4
17889.jpg,9
17890.jpg,5
17891.jpg,4
17892.jpg,5
17893.jpg,5
17894.jpg,7
17895.jpg,2
17896.jpg,8
17897.jpg,4
17898.jpg,4
17899.jpg,9
17900.jpg,9
17901.jpg,0
17902.jpg,8
17903.jpg,5
17904.jpg,3
17905.jpg,1
17906.jpg,3
17907.jpg,9
17908.jpg,0
17909.jpg,3
17910.jpg,7
17911.jpg,0
17912.jpg,5
17913.jpg,7
17914.jpg,4
17915.jpg,7
17916.jpg,7
17917.jpg,9
17918.jpg,5
17919.jpg,8
17920.jpg,3
17921.jpg,4
17922.jpg,5
17923.jpg,4
17924.jpg,8
17925.jpg,5
17926.jpg,6
17927.jpg,6
17928.jpg,6
17929.jpg,7
17930.jpg,7
17931.jpg,0
17932.jpg,8
17933.jpg,6
17934.jpg,0
17935.jpg,4
17936.jpg,7
17937.jpg,6
17938.jpg,3
17939.jpg,4
17940.jpg,0
17941.jpg,5
17942.jpg,1
17943.jpg,5
17944.jpg,0
17945.jpg,5
17946.jpg,4
17947.jpg,5
17948.jpg,2
17949.jpg,9
17950.jpg,5
17951.jpg,7
17952.jpg,7
17953.jpg,1
17954.jpg,0
17955.jpg,8
17956.jpg,5
17957.jpg,9
17958.jpg,8
17959.jpg,9
17960.jpg,8
17961.jpg,0
17962.jpg,0
17963.jpg,3
17964.jpg,4
17965.jpg,9
17966.jpg,2
17967.jpg,3
17968.jpg,5
17969.jpg,7
17970.jpg,1
17971.jpg,6
17972.jpg,9
17973.jpg,2
17974.jpg,5
17975.jpg,9
17976.jpg,8
17977.jpg,5
17978.jpg,8
17979.jpg,9
17980.jpg,2
17981.jpg,0
17982.jpg,8
17983.jpg,9
17984.jpg,2
17985.jpg,7
17986.jpg,0
17987.jpg,7
17988.jpg,8
17989.jpg,1
17990.jpg,4
17991.jpg,5
17992.jpg,6
17993.jpg,3
17994.jpg,1
17995.jpg,9
17996.jpg,6
17997.jpg,9
17998.jpg,7
17999.jpg,5
18000.jpg,0
18001.jpg,1
18002.jpg,4
18003.jpg,0
18004.jpg,9
18005.jpg,1
18006.jpg,8
18007.jpg,5
18008.jpg,1
18009.jpg,0
18010.jpg,9
18011.jpg,6
18012.jpg,8
18013.jpg,4
18014.jpg,0
18015.jpg,7
18016.jpg,8
18017.jpg,0
18018.jpg,1
18019.jpg,9
18020.jpg,3
18021.jpg,6
18022.jpg,5
18023.jpg,7
18024.jpg,1
18025.jpg,0
18026.jpg,2
18027.jpg,1
18028.jpg,3
18029.jpg,3
18030.jpg,7
18031.jpg,2
18032.jpg,6
18033.jpg,0
18034.jpg,3
18035.jpg,0
18036.jpg,0
18037.jpg,8
18038.jpg,1
18039.jpg,4
18040.jpg,4
18041.jpg,1
18042.jpg,6
18043.jpg,2
18044.jpg,7
18045.jpg,1
18046.jpg,9
18047.jpg,5
18048.jpg,7
18049.jpg,4
18050.jpg,3
18051.jpg,2
18052.jpg,0
18053.jpg,9
18054.jpg,1
18055.jpg,3
18056.jpg,6
18057.jpg,2
18058.jpg,3
18059.jpg,1
18060.jpg,6
18061.jpg,6
18062.jpg,5
18063.jpg,0
18064.jpg,1
18065.jpg,9
18066.jpg,8
18067.jpg,3
18068.jpg,0
18069.jpg,5
18070.jpg,5
18071.jpg,9
18072.jpg,4
18073.jpg,7
18074.jpg,4
18075.jpg,3
18076.jpg,4
18077.jpg,1
18078.jpg,3
18079.jpg,5
18080.jpg,0
18081.jpg,1
18082.jpg,7
18083.jpg,3
18084.jpg,4
18085.jpg,8
18086.jpg,1
18087.jpg,7
18088.jpg,6
18089.jpg,1
18090.jpg,5
18091.jpg,3
18092.jpg,0
18093.jpg,5
18094.jpg,5
18095.jpg,2
18096.jpg,1
18097.jpg,4
18098.jpg,1
18099.jpg,5
18100.jpg,4
18101.jpg,7
18102.jpg,7
18103.jpg,8
18104.jpg,7
18105.jpg,1
18106.jpg,6
18107.jpg,2
18108.jpg,2
18109.jpg,3
18110.jpg,1
18111.jpg,7
18112.jpg,2
18113.jpg,0
18114.jpg,2
18115.jpg,8
18116.jpg,2
18117.jpg,7
18118.jpg,7
18119.jpg,9
18120.jpg,9
18121.jpg,3
18122.jpg,1
18123.jpg,9
18124.jpg,2
18125.jpg,8
18126.jpg,0
18127.jpg,1
18128.jpg,8
18129.jpg,9
18130.jpg,5
18131.jpg,3
18132.jpg,7
18133.jpg,0
18134.jpg,8
18135.jpg,3
18136.jpg,6
18137.jpg,1
18138.jpg,0
18139.jpg,6
18140.jpg,0
18141.jpg,9
18142.jpg,3
18143.jpg,6
18144.jpg,5
18145.jpg,7
18146.jpg,4
18147.jpg,5
18148.jpg,1
18149.jpg,3
18150.jpg,7
18151.jpg,4
18152.jpg,7
18153.jpg,8
18154.jpg,8
18155.jpg,3
18156.jpg,7
18157.jpg,3
18158.jpg,2
18159.jpg,9
18160.jpg,4
18161.jpg,2
18162.jpg,3
18163.jpg,1
18164.jpg,2
18165.jpg,4
18166.jpg,9
18167.jpg,4
18168.jpg,7
18169.jpg,6
18170.jpg,4
18171.jpg,6
18172.jpg,5
18173.jpg,2
18174.jpg,4
18175.jpg,1
18176.jpg,2
18177.jpg,6
18178.jpg,0
18179.jpg,0
18180.jpg,8
18181.jpg,6
18182.jpg,7
18183.jpg,1
18184.jpg,7
18185.jpg,0
18186.jpg,4
18187.jpg,1
18188.jpg,6
18189.jpg,9
18190.jpg,3
18191.jpg,4
18192.jpg,1
18193.jpg,1
18194.jpg,6
18195.jpg,7
18196.jpg,1
18197.jpg,7
18198.jpg,7
18199.jpg,9
18200.jpg,4
18201.jpg,7
18202.jpg,7
18203.jpg,6
18204.jpg,8
18205.jpg,8
18206.jpg,7
18207.jpg,9
18208.jpg,0
18209.jpg,3
18210.jpg,1
18211.jpg,7
18212.jpg,0
18213.jpg,4
18214.jpg,3
18215.jpg,9
18216.jpg,0
18217.jpg,5
18218.jpg,5
18219.jpg,4
18220.jpg,1
18221.jpg,5
18222.jpg,6
18223.jpg,0
18224.jpg,2
18225.jpg,2
18226.jpg,4
18227.jpg,2
18228.jpg,4
18229.jpg,9
18230.jpg,8
18231.jpg,0
18232.jpg,4
18233.jpg,9
18234.jpg,7
18235.jpg,9
18236.jpg,6
18237.jpg,3
18238.jpg,2
18239.jpg,8
18240.jpg,7
18241.jpg,5
18242.jpg,3
18243.jpg,7
18244.jpg,1
18245.jpg,1
18246.jpg,4
18247.jpg,5
18248.jpg,1
18249.jpg,7
18250.jpg,4
18251.jpg,5
18252.jpg,6
18253.jpg,3
18254.jpg,6
18255.jpg,4
18256.jpg,7
18257.jpg,7
18258.jpg,6
18259.jpg,9
18260.jpg,4
18261.jpg,9
18262.jpg,7
18263.jpg,5
18264.jpg,7
18265.jpg,1
18266.jpg,8
18267.jpg,0
18268.jpg,1
18269.jpg,8
18270.jpg,0
18271.jpg,4
18272.jpg,0
18273.jpg,0
18274.jpg,1
18275.jpg,6
18276.jpg,1
18277.jpg,6
18278.jpg,4
18279.jpg,8
18280.jpg,1
18281.jpg,2
18282.jpg,5
18283.jpg,5
18284.jpg,8
18285.jpg,9
18286.jpg,5
18287.jpg,8
18288.jpg,1
18289.jpg,4
18290.jpg,4
18291.jpg,2
18292.jpg,1
18293.jpg,7
18294.jpg,5
18295.jpg,8
18296.jpg,7
18297.jpg,1
18298.jpg,1
18299.jpg,5
18300.jpg,0
18301.jpg,2
18302.jpg,0
18303.jpg,6
18304.jpg,9
18305.jpg,0
18306.jpg,5
18307.jpg,2
18308.jpg,3
18309.jpg,9
18310.jpg,8
18311.jpg,0
18312.jpg,3
18313.jpg,4
18314.jpg,1
18315.jpg,4
18316.jpg,3
18317.jpg,4
18318.jpg,9
18319.jpg,4
18320.jpg,0
18321.jpg,5
18322.jpg,6
18323.jpg,8
18324.jpg,8
18325.jpg,6
18326.jpg,1
18327.jpg,2
18328.jpg,7
18329.jpg,9
18330.jpg,3
18331.jpg,3
18332.jpg,8
18333.jpg,2
18334.jpg,4
18335.jpg,1
18336.jpg,5
18337.jpg,9
18338.jpg,4
18339.jpg,5
18340.jpg,5
18341.jpg,5
18342.jpg,5
18343.jpg,2
18344.jpg,1
18345.jpg,2
18346.jpg,4
18347.jpg,1
18348.jpg,2
18349.jpg,4
18350.jpg,5
18351.jpg,9
18352.jpg,1
18353.jpg,9
18354.jpg,0
18355.jpg,6
18356.jpg,3
18357.jpg,2
18358.jpg,9
18359.jpg,9
18360.jpg,0
18361.jpg,3
18362.jpg,1
18363.jpg,0
18364.jpg,7
18365.jpg,9
18366.jpg,7
18367.jpg,6
18368.jpg,3
18369.jpg,7
18370.jpg,6
18371.jpg,9
18372.jpg,4
18373.jpg,3
18374.jpg,6
18375.jpg,4
18376.jpg,9
18377.jpg,2
18378.jpg,6
18379.jpg,9
18380.jpg,0
18381.jpg,1
18382.jpg,6
18383.jpg,1
18384.jpg,8
18385.jpg,7
18386.jpg,5
18387.jpg,4
18388.jpg,4
18389.jpg,5
18390.jpg,9
18391.jpg,9
18392.jpg,7
18393.jpg,1
18394.jpg,1
18395.jpg,6
18396.jpg,8
18397.jpg,2
18398.jpg,7
18399.jpg,2
18400.jpg,0
18401.jpg,0
18402.jpg,0
18403.jpg,2
18404.jpg,5
18405.jpg,9
18406.jpg,9
18407.jpg,4
18408.jpg,0
18409.jpg,5
18410.jpg,2
18411.jpg,5
18412.jpg,8
18413.jpg,6
18414.jpg,4
18415.jpg,9
18416.jpg,6
18417.jpg,1
18418.jpg,8
18419.jpg,3
18420.jpg,1
18421.jpg,6
18422.jpg,2
18423.jpg,3
18424.jpg,8
18425.jpg,5
18426.jpg,2
18427.jpg,5
18428.jpg,0
18429.jpg,7
18430.jpg,5
18431.jpg,8
18432.jpg,6
18433.jpg,3
18434.jpg,1
18435.jpg,8
18436.jpg,8
18437.jpg,3
18438.jpg,5
18439.jpg,5
18440.jpg,5
18441.jpg,1
18442.jpg,5
18443.jpg,2
18444.jpg,0
18445.jpg,6
18446.jpg,7
18447.jpg,3
18448.jpg,9
18449.jpg,0
18450.jpg,8
18451.jpg,9
18452.jpg,2
18453.jpg,7
18454.jpg,6
18455.jpg,7
18456.jpg,0
18457.jpg,3
18458.jpg,2
18459.jpg,9
18460.jpg,5
18461.jpg,8
18462.jpg,6
18463.jpg,7
18464.jpg,4
18465.jpg,7
18466.jpg,6
18467.jpg,0
18468.jpg,7
18469.jpg,0
18470.jpg,4
18471.jpg,5
18472.jpg,3
18473.jpg,7
18474.jpg,1
18475.jpg,5
18476.jpg,1
18477.jpg,3
18478.jpg,4
18479.jpg,2
18480.jpg,7
18481.jpg,6
18482.jpg,6
18483.jpg,9
18484.jpg,5
18485.jpg,4
18486.jpg,7
18487.jpg,0
18488.jpg,3
18489.jpg,4
18490.jpg,6
18491.jpg,8
18492.jpg,6
18493.jpg,8
18494.jpg,6
18495.jpg,9
18496.jpg,7
18497.jpg,2
18498.jpg,7
18499.jpg,8
18500.jpg,4
18501.jpg,6
18502.jpg,7
18503.jpg,6
18504.jpg,6
18505.jpg,5
18506.jpg,6
18507.jpg,8
18508.jpg,5
18509.jpg,4
18510.jpg,5
18511.jpg,9
18512.jpg,0
18513.jpg,3
18514.jpg,9
18515.jpg,0
18516.jpg,5
18517.jpg,2
18518.jpg,2
18519.jpg,5
18520.jpg,7
18521.jpg,2
18522.jpg,4
18523.jpg,3
18524.jpg,7
18525.jpg,0
18526.jpg,1
18527.jpg,9
18528.jpg,7
18529.jpg,3
18530.jpg,1
18531.jpg,5
18532.jpg,1
18533.jpg,6
18534.jpg,9
18535.jpg,1
18536.jpg,5
18537.jpg,8
18538.jpg,1
18539.jpg,1
18540.jpg,6
18541.jpg,1
18542.jpg,6
18543.jpg,9
18544.jpg,9
18545.jpg,2
18546.jpg,8
18547.jpg,9
18548.jpg,0
18549.jpg,9
18550.jpg,5
18551.jpg,2
18552.jpg,1
18553.jpg,7
18554.jpg,3
18555.jpg,4
18556.jpg,3
18557.jpg,2
18558.jpg,0
18559.jpg,1
18560.jpg,9
18561.jpg,4
18562.jpg,8
18563.jpg,3
18564.jpg,2
18565.jpg,6
18566.jpg,7
18567.jpg,9
18568.jpg,2
18569.jpg,7
18570.jpg,0
18571.jpg,9
18572.jpg,9
18573.jpg,7
18574.jpg,3
18575.jpg,5
18576.jpg,4
18577.jpg,4
18578.jpg,7
18579.jpg,7
18580.jpg,1
18581.jpg,9
18582.jpg,3
18583.jpg,4
18584.jpg,0
18585.jpg,1
18586.jpg,8
18587.jpg,3
18588.jpg,6
18589.jpg,7
18590.jpg,4
18591.jpg,9
18592.jpg,3
18593.jpg,2
18594.jpg,2
18595.jpg,5
18596.jpg,4
18597.jpg,3
18598.jpg,1
18599.jpg,8
18600.jpg,4
18601.jpg,9
18602.jpg,5
18603.jpg,4
18604.jpg,9
18605.jpg,1
18606.jpg,6
18607.jpg,6
18608.jpg,3
18609.jpg,3
18610.jpg,6
18611.jpg,2
18612.jpg,5
18613.jpg,4
18614.jpg,4
18615.jpg,1
18616.jpg,5
18617.jpg,1
18618.jpg,2
18619.jpg,0
18620.jpg,4
18621.jpg,6
18622.jpg,1
18623.jpg,1
18624.jpg,9
18625.jpg,0
18626.jpg,1
18627.jpg,0
18628.jpg,2
18629.jpg,5
18630.jpg,6
18631.jpg,3
18632.jpg,5
18633.jpg,5
18634.jpg,1
18635.jpg,9
18636.jpg,0
18637.jpg,7
18638.jpg,7
18639.jpg,7
18640.jpg,1
18641.jpg,2
18642.jpg,8
18643.jpg,1
18644.jpg,6
18645.jpg,2
18646.jpg,2
18647.jpg,4
18648.jpg,2
18649.jpg,4
18650.jpg,0
18651.jpg,6
18652.jpg,5
18653.jpg,0
18654.jpg,4
18655.jpg,1
18656.jpg,9
18657.jpg,3
18658.jpg,4
18659.jpg,5
18660.jpg,5
18661.jpg,5
18662.jpg,2
18663.jpg,6
18664.jpg,2
18665.jpg,0
18666.jpg,4
18667.jpg,2
18668.jpg,6
18669.jpg,3
18670.jpg,7
18671.jpg,1
18672.jpg,6
18673.jpg,2
18674.jpg,9
18675.jpg,0
18676.jpg,4
18677.jpg,5
18678.jpg,6
18679.jpg,5
18680.jpg,2
18681.jpg,0
18682.jpg,8
18683.jpg,8
18684.jpg,9
18685.jpg,1
18686.jpg,2
18687.jpg,8
18688.jpg,1
18689.jpg,2
18690.jpg,6
18691.jpg,5
18692.jpg,6
18693.jpg,5
18694.jpg,1
18695.jpg,7
18696.jpg,4
18697.jpg,3
18698.jpg,3
18699.jpg,0
18700.jpg,3
18701.jpg,9
18702.jpg,9
18703.jpg,0
18704.jpg,3
18705.jpg,2
18706.jpg,8
18707.jpg,8
18708.jpg,2
18709.jpg,9
18710.jpg,7
18711.jpg,4
18712.jpg,3
18713.jpg,9
18714.jpg,9
18715.jpg,7
18716.jpg,0
18717.jpg,3
18718.jpg,5
18719.jpg,7
18720.jpg,5
18721.jpg,7
18722.jpg,6
18723.jpg,5
18724.jpg,0
18725.jpg,3
18726.jpg,5
18727.jpg,7
18728.jpg,8
18729.jpg,4
18730.jpg,5
18731.jpg,3
18732.jpg,6
18733.jpg,0
18734.jpg,2
18735.jpg,7
18736.jpg,5
18737.jpg,6
18738.jpg,3
18739.jpg,4
18740.jpg,5
18741.jpg,5
18742.jpg,0
18743.jpg,8
18744.jpg,4
18745.jpg,6
18746.jpg,5
18747.jpg,9
18748.jpg,2
18749.jpg,6
18750.jpg,0
18751.jpg,4
18752.jpg,4
18753.jpg,9
18754.jpg,5
18755.jpg,4
18756.jpg,5
18757.jpg,5
18758.jpg,5
18759.jpg,7
18760.jpg,6
18761.jpg,1
18762.jpg,8
18763.jpg,1
18764.jpg,7
18765.jpg,0
18766.jpg,4
18767.jpg,0
18768.jpg,8
18769.jpg,4
18770.jpg,2
18771.jpg,7
18772.jpg,3
18773.jpg,3
18774.jpg,9
18775.jpg,8
18776.jpg,6
18777.jpg,5
18778.jpg,9
18779.jpg,5
18780.jpg,1
18781.jpg,9
18782.jpg,8
18783.jpg,9
18784.jpg,1
18785.jpg,4
18786.jpg,3
18787.jpg,3
18788.jpg,2
18789.jpg,4
18790.jpg,1
18791.jpg,0
18792.jpg,3
18793.jpg,4
18794.jpg,0
18795.jpg,4
18796.jpg,4
18797.jpg,4
18798.jpg,1
18799.jpg,4
18800.jpg,8
18801.jpg,7
18802.jpg,2
18803.jpg,4
18804.jpg,1
18805.jpg,1
18806.jpg,6
18807.jpg,8
18808.jpg,3
18809.jpg,4
18810.jpg,1
18811.jpg,3
18812.jpg,7
18813.jpg,3
18814.jpg,2
18815.jpg,7
18816.jpg,6
18817.jpg,0
18818.jpg,1
18819.jpg,3
18820.jpg,6
18821.jpg,1
18822.jpg,1
18823.jpg,4
18824.jpg,3
18825.jpg,5
18826.jpg,0
18827.jpg,2
18828.jpg,0
18829.jpg,8
18830.jpg,4
18831.jpg,5
18832.jpg,7
18833.jpg,0
18834.jpg,2
18835.jpg,3
18836.jpg,7
18837.jpg,4
18838.jpg,3
18839.jpg,3
18840.jpg,1
18841.jpg,8
18842.jpg,8
18843.jpg,5
18844.jpg,1
18845.jpg,5
18846.jpg,9
18847.jpg,1
18848.jpg,1
18849.jpg,2
18850.jpg,9
18851.jpg,5
18852.jpg,5
18853.jpg,7
18854.jpg,5
18855.jpg,8
18856.jpg,2
18857.jpg,5
18858.jpg,1
18859.jpg,6
18860.jpg,6
18861.jpg,1
18862.jpg,2
18863.jpg,9
18864.jpg,3
18865.jpg,0
18866.jpg,0
18867.jpg,2
18868.jpg,7
18869.jpg,6
18870.jpg,5
18871.jpg,9
18872.jpg,2
18873.jpg,1
18874.jpg,8
18875.jpg,4
18876.jpg,1
18877.jpg,5
18878.jpg,2
18879.jpg,9
18880.jpg,3
18881.jpg,4
18882.jpg,1
18883.jpg,0
18884.jpg,7
18885.jpg,4
18886.jpg,9
18887.jpg,0
18888.jpg,9
18889.jpg,5
18890.jpg,2
18891.jpg,3
18892.jpg,4
18893.jpg,2
18894.jpg,7
18895.jpg,7
18896.jpg,1
18897.jpg,0
18898.jpg,8
18899.jpg,9
18900.jpg,5
18901.jpg,9
18902.jpg,5
18903.jpg,4
18904.jpg,4
18905.jpg,7
18906.jpg,1
18907.jpg,9
18908.jpg,9
18909.jpg,5
18910.jpg,1
18911.jpg,7
18912.jpg,0
18913.jpg,4
18914.jpg,7
18915.jpg,9
18916.jpg,7
18917.jpg,0
18918.jpg,8
18919.jpg,0
18920.jpg,7
18921.jpg,0
18922.jpg,8
18923.jpg,7
18924.jpg,0
18925.jpg,6
18926.jpg,1
18927.jpg,2
18928.jpg,8
18929.jpg,8
18930.jpg,0
18931.jpg,9
18932.jpg,9
18933.jpg,2
18934.jpg,2
18935.jpg,2
18936.jpg,7
18937.jpg,1
18938.jpg,1
18939.jpg,4
18940.jpg,8
18941.jpg,1
18942.jpg,3
18943.jpg,6
18944.jpg,2
18945.jpg,7
18946.jpg,5
18947.jpg,5
18948.jpg,2
18949.jpg,9
18950.jpg,8
18951.jpg,7
18952.jpg,5
18953.jpg,3
18954.jpg,8
18955.jpg,8
18956.jpg,6
18957.jpg,1
18958.jpg,1
18959.jpg,9
18960.jpg,9
18961.jpg,5
18962.jpg,4
18963.jpg,1
18964.jpg,3
18965.jpg,7
18966.jpg,0
18967.jpg,5
18968.jpg,9
18969.jpg,7
18970.jpg,2
18971.jpg,4
18972.jpg,0
18973.jpg,5
18974.jpg,9
18975.jpg,1
18976.jpg,5
18977.jpg,7
18978.jpg,0
18979.jpg,8
18980.jpg,6
18981.jpg,1
18982.jpg,5
18983.jpg,3
18984.jpg,3
18985.jpg,8
18986.jpg,6
18987.jpg,7
18988.jpg,9
18989.jpg,1
18990.jpg,6
18991.jpg,3
18992.jpg,6
18993.jpg,6
18994.jpg,2
18995.jpg,5
18996.jpg,3
18997.jpg,5
18998.jpg,6
18999.jpg,5
19000.jpg,9
19001.jpg,3
19002.jpg,9
19003.jpg,0
19004.jpg,3
19005.jpg,2
19006.jpg,5
19007.jpg,1
19008.jpg,4
19009.jpg,6
19010.jpg,3
19011.jpg,3
19012.jpg,3
19013.jpg,9
19014.jpg,8
19015.jpg,3
19016.jpg,7
19017.jpg,7
19018.jpg,7
19019.jpg,1
19020.jpg,5
19021.jpg,3
19022.jpg,5
19023.jpg,1
19024.jpg,4
19025.jpg,9
19026.jpg,7
19027.jpg,8
19028.jpg,3
19029.jpg,1
19030.jpg,8
19031.jpg,5
19032.jpg,5
19033.jpg,2
19034.jpg,4
19035.jpg,7
19036.jpg,7
19037.jpg,5
19038.jpg,3
19039.jpg,0
19040.jpg,5
19041.jpg,4
19042.jpg,2
19043.jpg,9
19044.jpg,1
19045.jpg,9
19046.jpg,4
19047.jpg,7
19048.jpg,2
19049.jpg,1
19050.jpg,3
19051.jpg,8
19052.jpg,4
19053.jpg,0
19054.jpg,9
19055.jpg,8
19056.jpg,8
19057.jpg,0
19058.jpg,2
19059.jpg,9
19060.jpg,0
19061.jpg,5
19062.jpg,7
19063.jpg,6
19064.jpg,7
19065.jpg,4
19066.jpg,1
19067.jpg,8
19068.jpg,1
19069.jpg,4
19070.jpg,4
19071.jpg,4
19072.jpg,9
19073.jpg,9
19074.jpg,3
19075.jpg,8
19076.jpg,2
19077.jpg,5
19078.jpg,8
19079.jpg,2
19080.jpg,6
19081.jpg,7
19082.jpg,3
19083.jpg,4
19084.jpg,3
19085.jpg,9
19086.jpg,4
19087.jpg,2
19088.jpg,1
19089.jpg,6
19090.jpg,2
19091.jpg,9
19092.jpg,0
19093.jpg,6
19094.jpg,9
19095.jpg,6
19096.jpg,3
19097.jpg,6
19098.jpg,4
19099.jpg,0
19100.jpg,4
19101.jpg,4
19102.jpg,4
19103.jpg,6
19104.jpg,0
19105.jpg,9
19106.jpg,6
19107.jpg,6
19108.jpg,6
19109.jpg,3
19110.jpg,5
19111.jpg,4
19112.jpg,9
19113.jpg,3
19114.jpg,9
19115.jpg,9
19116.jpg,9
19117.jpg,1
19118.jpg,0
19119.jpg,6
19120.jpg,1
19121.jpg,1
19122.jpg,9
19123.jpg,6
19124.jpg,7
19125.jpg,4
19126.jpg,2
19127.jpg,5
19128.jpg,4
19129.jpg,4
19130.jpg,9
19131.jpg,4
19132.jpg,5
19133.jpg,1
19134.jpg,8
19135.jpg,2
19136.jpg,6
19137.jpg,7
19138.jpg,4
19139.jpg,3
19140.jpg,0
19141.jpg,6
19142.jpg,9
19143.jpg,1
19144.jpg,5
19145.jpg,5
19146.jpg,1
19147.jpg,8
19148.jpg,9
19149.jpg,1
19150.jpg,2
19151.jpg,0
19152.jpg,4
19153.jpg,0
19154.jpg,3
19155.jpg,7
19156.jpg,2
19157.jpg,9
19158.jpg,7
19159.jpg,3
19160.jpg,0
19161.jpg,4
19162.jpg,2
19163.jpg,4
19164.jpg,6
19165.jpg,3
19166.jpg,7
19167.jpg,9
19168.jpg,9
19169.jpg,9
19170.jpg,8
19171.jpg,1
19172.jpg,4
19173.jpg,0
19174.jpg,0
19175.jpg,8
19176.jpg,1
19177.jpg,3
19178.jpg,7
19179.jpg,9
19180.jpg,2
19181.jpg,2
19182.jpg,9
19183.jpg,4
19184.jpg,4
19185.jpg,7
19186.jpg,9
19187.jpg,3
19188.jpg,1
19189.jpg,0
19190.jpg,0
19191.jpg,6
19192.jpg,4
19193.jpg,9
19194.jpg,6
19195.jpg,7
19196.jpg,7
19197.jpg,9
19198.jpg,2
19199.jpg,8
19200.jpg,3
19201.jpg,3
19202.jpg,4
19203.jpg,1
19204.jpg,5
19205.jpg,1
19206.jpg,7
19207.jpg,9
19208.jpg,7
19209.jpg,1
19210.jpg,9
19211.jpg,7
19212.jpg,1
19213.jpg,3
19214.jpg,6
19215.jpg,3
19216.jpg,6
19217.jpg,6
19218.jpg,4
19219.jpg,0
19220.jpg,2
19221.jpg,9
19222.jpg,9
19223.jpg,6
19224.jpg,9
19225.jpg,0
19226.jpg,1
19227.jpg,8
19228.jpg,9
19229.jpg,2
19230.jpg,1
19231.jpg,1
19232.jpg,0
19233.jpg,6
19234.jpg,9
19235.jpg,3
19236.jpg,7
19237.jpg,4
19238.jpg,9
19239.jpg,8
19240.jpg,4
19241.jpg,6
19242.jpg,5
19243.jpg,2
19244.jpg,0
19245.jpg,7
19246.jpg,0
19247.jpg,3
19248.jpg,9
19249.jpg,2
19250.jpg,4
19251.jpg,5
19252.jpg,1
19253.jpg,6
19254.jpg,4
19255.jpg,3
19256.jpg,5
19257.jpg,0
19258.jpg,9
19259.jpg,6
19260.jpg,3
19261.jpg,1
19262.jpg,8
19263.jpg,3
19264.jpg,1
19265.jpg,4
19266.jpg,5
19267.jpg,4
19268.jpg,5
19269.jpg,2
19270.jpg,1
19271.jpg,5
19272.jpg,7
19273.jpg,3
19274.jpg,0
19275.jpg,1
19276.jpg,5
19277.jpg,1
19278.jpg,4
19279.jpg,6
19280.jpg,0
19281.jpg,7
19282.jpg,6
19283.jpg,1
19284.jpg,6
19285.jpg,1
19286.jpg,0
19287.jpg,8
19288.jpg,1
19289.jpg,0
19290.jpg,1
19291.jpg,4
19292.jpg,6
19293.jpg,0
19294.jpg,6
19295.jpg,0
19296.jpg,6
19297.jpg,2
19298.jpg,2
19299.jpg,1
19300.jpg,2
19301.jpg,9
19302.jpg,5
19303.jpg,2
19304.jpg,5
19305.jpg,7
19306.jpg,9
19307.jpg,0
19308.jpg,1
19309.jpg,1
19310.jpg,6
19311.jpg,1
19312.jpg,7
19313.jpg,3
19314.jpg,1
19315.jpg,1
19316.jpg,8
19317.jpg,8
19318.jpg,1
19319.jpg,8
19320.jpg,7
19321.jpg,5
19322.jpg,3
19323.jpg,7
19324.jpg,3
19325.jpg,1
19326.jpg,7
19327.jpg,6
19328.jpg,8
19329.jpg,4
19330.jpg,1
19331.jpg,7
19332.jpg,6
19333.jpg,8
19334.jpg,9
19335.jpg,9
19336.jpg,0
19337.jpg,3
19338.jpg,0
19339.jpg,6
19340.jpg,8
19341.jpg,0
19342.jpg,5
19343.jpg,0
19344.jpg,8
19345.jpg,2
19346.jpg,1
19347.jpg,1
19348.jpg,0
19349.jpg,9
19350.jpg,7
19351.jpg,2
19352.jpg,9
19353.jpg,4
19354.jpg,2
19355.jpg,7
19356.jpg,9
19357.jpg,6
19358.jpg,5
19359.jpg,7
19360.jpg,6
19361.jpg,4
19362.jpg,8
19363.jpg,2
19364.jpg,0
19365.jpg,7
19366.jpg,4
19367.jpg,0
19368.jpg,4
19369.jpg,7
19370.jpg,7
19371.jpg,8
19372.jpg,6
19373.jpg,5
19374.jpg,2
19375.jpg,6
19376.jpg,4
19377.jpg,4
19378.jpg,0
19379.jpg,2
19380.jpg,0
19381.jpg,6
19382.jpg,5
19383.jpg,6
19384.jpg,9
19385.jpg,6
19386.jpg,5
19387.jpg,7
19388.jpg,6
19389.jpg,2
19390.jpg,5
19391.jpg,6
19392.jpg,5
19393.jpg,5
19394.jpg,1
19395.jpg,3
19396.jpg,4
19397.jpg,3
19398.jpg,5
19399.jpg,8
19400.jpg,0
19401.jpg,9
19402.jpg,5
19403.jpg,2
19404.jpg,4
19405.jpg,4
19406.jpg,7
19407.jpg,8
19408.jpg,6
19409.jpg,1
19410.jpg,1
19411.jpg,5
19412.jpg,0
19413.jpg,0
19414.jpg,8
19415.jpg,2
19416.jpg,7
19417.jpg,2
19418.jpg,9
19419.jpg,4
19420.jpg,4
19421.jpg,8
19422.jpg,5
19423.jpg,3
19424.jpg,2
19425.jpg,5
19426.jpg,6
19427.jpg,6
19428.jpg,8
19429.jpg,1
19430.jpg,1
19431.jpg,9
19432.jpg,5
19433.jpg,2
19434.jpg,6
19435.jpg,9
19436.jpg,6
19437.jpg,8
19438.jpg,9
19439.jpg,3
19440.jpg,9
19441.jpg,7
19442.jpg,3
19443.jpg,7
19444.jpg,0
19445.jpg,4
19446.jpg,8
19447.jpg,1
19448.jpg,2
19449.jpg,3
19450.jpg,5
19451.jpg,3
19452.jpg,5
19453.jpg,7
19454.jpg,5
19455.jpg,8
19456.jpg,6
19457.jpg,6
19458.jpg,9
19459.jpg,5
19460.jpg,3
19461.jpg,7
19462.jpg,9
19463.jpg,5
19464.jpg,3
19465.jpg,6
19466.jpg,4
19467.jpg,3
19468.jpg,0
19469.jpg,1
19470.jpg,2
19471.jpg,4
19472.jpg,9
19473.jpg,1
19474.jpg,5
19475.jpg,8
19476.jpg,8
19477.jpg,8
19478.jpg,3
19479.jpg,8
19480.jpg,0
19481.jpg,7
19482.jpg,5
19483.jpg,2
19484.jpg,3
19485.jpg,1
19486.jpg,7
19487.jpg,0
19488.jpg,3
19489.jpg,4
19490.jpg,8
19491.jpg,5
19492.jpg,0
19493.jpg,8
19494.jpg,1
19495.jpg,9
19496.jpg,4
19497.jpg,0
19498.jpg,3
19499.jpg,7
19500.jpg,8
19501.jpg,2
19502.jpg,3
19503.jpg,2
19504.jpg,9
19505.jpg,0
19506.jpg,6
19507.jpg,9
19508.jpg,5
19509.jpg,5
19510.jpg,8
19511.jpg,2
19512.jpg,1
19513.jpg,0
19514.jpg,9
19515.jpg,0
19516.jpg,6
19517.jpg,2
19518.jpg,0
19519.jpg,9
19520.jpg,3
19521.jpg,5
19522.jpg,1
19523.jpg,3
19524.jpg,8
19525.jpg,4
19526.jpg,7
19527.jpg,1
19528.jpg,4
19529.jpg,9
19530.jpg,8
19531.jpg,2
19532.jpg,2
19533.jpg,7
19534.jpg,7
19535.jpg,7
19536.jpg,1
19537.jpg,8
19538.jpg,6
19539.jpg,4
19540.jpg,0
19541.jpg,2
19542.jpg,0
19543.jpg,1
19544.jpg,0
19545.jpg,1
19546.jpg,1
19547.jpg,6
19548.jpg,2
19549.jpg,5
19550.jpg,6
19551.jpg,9
19552.jpg,1
19553.jpg,8
19554.jpg,5
19555.jpg,1
19556.jpg,8
19557.jpg,7
19558.jpg,5
19559.jpg,8
19560.jpg,6
19561.jpg,3
19562.jpg,5
19563.jpg,2
19564.jpg,8
19565.jpg,9
19566.jpg,5
19567.jpg,3
19568.jpg,6
19569.jpg,3
19570.jpg,2
19571.jpg,1
19572.jpg,6
19573.jpg,6
19574.jpg,9
19575.jpg,5
19576.jpg,1
19577.jpg,5
19578.jpg,0
19579.jpg,5
19580.jpg,9
19581.jpg,2
19582.jpg,4
19583.jpg,3
19584.jpg,8
19585.jpg,9
19586.jpg,7
19587.jpg,0
19588.jpg,7
19589.jpg,1
19590.jpg,9
19591.jpg,1
19592.jpg,7
19593.jpg,0
19594.jpg,2
19595.jpg,2
19596.jpg,0
19597.jpg,4
19598.jpg,8
19599.jpg,0
19600.jpg,8
19601.jpg,8
19602.jpg,9
19603.jpg,5
19604.jpg,9
19605.jpg,4
19606.jpg,0
19607.jpg,3
19608.jpg,5
19609.jpg,9
19610.jpg,4
19611.jpg,2
19612.jpg,2
19613.jpg,4
19614.jpg,7
19615.jpg,5
19616.jpg,1
19617.jpg,8
19618.jpg,7
19619.jpg,7
19620.jpg,0
19621.jpg,7
19622.jpg,7
19623.jpg,0
19624.jpg,5
19625.jpg,2
19626.jpg,7
19627.jpg,6
19628.jpg,9
19629.jpg,4
19630.jpg,5
19631.jpg,5
19632.jpg,4
19633.jpg,1
19634.jpg,0
19635.jpg,4
19636.jpg,2
19637.jpg,2
19638.jpg,3
19639.jpg,1
19640.jpg,6
19641.jpg,0
19642.jpg,9
19643.jpg,3
19644.jpg,7
19645.jpg,2
19646.jpg,7
19647.jpg,8
19648.jpg,7
19649.jpg,5
19650.jpg,2
19651.jpg,9
19652.jpg,7
19653.jpg,0
19654.jpg,3
19655.jpg,0
19656.jpg,7
19657.jpg,4
19658.jpg,2
19659.jpg,0
19660.jpg,5
19661.jpg,8
19662.jpg,3
19663.jpg,4
19664.jpg,7
19665.jpg,0
19666.jpg,0
19667.jpg,7
19668.jpg,9
19669.jpg,7
19670.jpg,4
19671.jpg,7
19672.jpg,9
19673.jpg,2
19674.jpg,8
19675.jpg,1
19676.jpg,8
19677.jpg,6
19678.jpg,2
19679.jpg,4
19680.jpg,6
19681.jpg,2
19682.jpg,2
19683.jpg,5
19684.jpg,3
19685.jpg,3
19686.jpg,7
19687.jpg,6
19688.jpg,7
19689.jpg,8
19690.jpg,8
19691.jpg,6
19692.jpg,3
19693.jpg,1
19694.jpg,8
19695.jpg,8
19696.jpg,6
19697.jpg,9
19698.jpg,4
19699.jpg,1
19700.jpg,9
19701.jpg,3
19702.jpg,7
19703.jpg,1
19704.jpg,0
19705.jpg,3
19706.jpg,2
19707.jpg,2
19708.jpg,8
19709.jpg,2
19710.jpg,1
19711.jpg,1
19712.jpg,5
19713.jpg,5
19714.jpg,2
19715.jpg,2
19716.jpg,1
19717.jpg,0
19718.jpg,7
19719.jpg,7
19720.jpg,6
19721.jpg,9
19722.jpg,8
19723.jpg,4
19724.jpg,0
19725.jpg,8
19726.jpg,8
19727.jpg,7
19728.jpg,2
19729.jpg,0
19730.jpg,2
19731.jpg,6
19732.jpg,0
19733.jpg,7
19734.jpg,8
19735.jpg,0
19736.jpg,6
19737.jpg,4
19738.jpg,4
19739.jpg,9
19740.jpg,7
19741.jpg,7
19742.jpg,2
19743.jpg,4
19744.jpg,1
19745.jpg,7
19746.jpg,8
19747.jpg,8
19748.jpg,0
19749.jpg,6
19750.jpg,9
19751.jpg,6
19752.jpg,6
19753.jpg,9
19754.jpg,0
19755.jpg,5
19756.jpg,4
19757.jpg,5
19758.jpg,5
19759.jpg,0
19760.jpg,5
19761.jpg,1
19762.jpg,8
19763.jpg,1
19764.jpg,8
19765.jpg,1
19766.jpg,8
19767.jpg,6
19768.jpg,3
19769.jpg,5
19770.jpg,4
19771.jpg,4
19772.jpg,0
19773.jpg,8
19774.jpg,5
19775.jpg,5
19776.jpg,9
19777.jpg,1
19778.jpg,7
19779.jpg,2
19780.jpg,3
19781.jpg,8
19782.jpg,8
19783.jpg,0
19784.jpg,9
19785.jpg,5
19786.jpg,8
19787.jpg,4
19788.jpg,8
19789.jpg,7
19790.jpg,6
19791.jpg,1
19792.jpg,1
19793.jpg,3
19794.jpg,1
19795.jpg,5
19796.jpg,5
19797.jpg,6
19798.jpg,6
19799.jpg,4
19800.jpg,7
19801.jpg,1
19802.jpg,6
19803.jpg,0
19804.jpg,5
19805.jpg,9
19806.jpg,1
19807.jpg,1
19808.jpg,1
19809.jpg,1
19810.jpg,3
19811.jpg,8
19812.jpg,2
19813.jpg,1
19814.jpg,2
19815.jpg,6
19816.jpg,5
19817.jpg,5
19818.jpg,5
19819.jpg,0
19820.jpg,9
19821.jpg,4
19822.jpg,1
19823.jpg,7
19824.jpg,7
19825.jpg,9
19826.jpg,8
19827.jpg,4
19828.jpg,1
19829.jpg,1
19830.jpg,4
19831.jpg,6
19832.jpg,5
19833.jpg,6
19834.jpg,3
19835.jpg,4
19836.jpg,5
19837.jpg,0
19838.jpg,6
19839.jpg,3
19840.jpg,7
19841.jpg,4
19842.jpg,5
19843.jpg,9
19844.jpg,0
19845.jpg,2
19846.jpg,6
19847.jpg,6
19848.jpg,3
19849.jpg,4
19850.jpg,8
19851.jpg,9
19852.jpg,4
19853.jpg,2
19854.jpg,0
19855.jpg,3
19856.jpg,0
19857.jpg,5
19858.jpg,5
19859.jpg,7
19860.jpg,0
19861.jpg,3
19862.jpg,4
19863.jpg,8
19864.jpg,0
19865.jpg,3
19866.jpg,3
19867.jpg,9
19868.jpg,8
19869.jpg,4
19870.jpg,2
19871.jpg,3
19872.jpg,7
19873.jpg,8
19874.jpg,1
19875.jpg,1
19876.jpg,1
19877.jpg,8
19878.jpg,6
19879.jpg,0
19880.jpg,0
19881.jpg,0
19882.jpg,8
19883.jpg,5
19884.jpg,0
19885.jpg,2
19886.jpg,7
19887.jpg,3
19888.jpg,0
19889.jpg,6
19890.jpg,5
19891.jpg,4
19892.jpg,7
19893.jpg,0
19894.jpg,1
19895.jpg,8
19896.jpg,5
19897.jpg,2
19898.jpg,6
19899.jpg,7
19900.jpg,7
19901.jpg,1
19902.jpg,2
19903.jpg,8
19904.jpg,7
19905.jpg,1
19906.jpg,2
19907.jpg,2
19908.jpg,1
19909.jpg,9
19910.jpg,7
19911.jpg,1
19912.jpg,2
19913.jpg,6
19914.jpg,7
19915.jpg,8
19916.jpg,7
19917.jpg,0
19918.jpg,9
19919.jpg,8
19920.jpg,2
19921.jpg,5
19922.jpg,4
19923.jpg,3
19924.jpg,9
19925.jpg,2
19926.jpg,9
19927.jpg,0
19928.jpg,8
19929.jpg,8
19930.jpg,8
19931.jpg,6
19932.jpg,1
19933.jpg,8
19934.jpg,8
19935.jpg,6
19936.jpg,3
19937.jpg,7
19938.jpg,9
19939.jpg,4
19940.jpg,0
19941.jpg,0
19942.jpg,2
19943.jpg,2
19944.jpg,0
19945.jpg,5
19946.jpg,5
19947.jpg,4
19948.jpg,2
19949.jpg,8
19950.jpg,3
19951.jpg,8
19952.jpg,1
19953.jpg,1
19954.jpg,8
19955.jpg,5
19956.jpg,9
19957.jpg,7
19958.jpg,6
19959.jpg,1
19960.jpg,3
19961.jpg,5
19962.jpg,7
19963.jpg,1
19964.jpg,8
19965.jpg,6
19966.jpg,1
19967.jpg,1
19968.jpg,8
19969.jpg,5
19970.jpg,5
19971.jpg,6
19972.jpg,9
19973.jpg,6
19974.jpg,1
19975.jpg,7
19976.jpg,6
19977.jpg,0
19978.jpg,9
19979.jpg,3
19980.jpg,0
19981.jpg,8
19982.jpg,3
19983.jpg,4
19984.jpg,8
19985.jpg,9
19986.jpg,1
19987.jpg,9
19988.jpg,2
19989.jpg,2
19990.jpg,9
19991.jpg,8
19992.jpg,9
19993.jpg,7
19994.jpg,6
19995.jpg,2
19996.jpg,5
19997.jpg,3
19998.jpg,7
19999.jpg,1
20000.jpg,1
20001.jpg,6
20002.jpg,6
20003.jpg,8
20004.jpg,8
20005.jpg,3
20006.jpg,4
20007.jpg,6
20008.jpg,0
20009.jpg,6
20010.jpg,0
20011.jpg,3
20012.jpg,6
20013.jpg,6
20014.jpg,5
20015.jpg,4
20016.jpg,8
20017.jpg,3
20018.jpg,2
20019.jpg,6
20020.jpg,0
20021.jpg,3
20022.jpg,1
20023.jpg,4
20024.jpg,0
20025.jpg,6
20026.jpg,6
20027.jpg,2
20028.jpg,7
20029.jpg,6
20030.jpg,9
20031.jpg,0
20032.jpg,4
20033.jpg,5
20034.jpg,7
20035.jpg,1
20036.jpg,6
20037.jpg,7
20038.jpg,9
20039.jpg,1
20040.jpg,7
20041.jpg,7
20042.jpg,8
20043.jpg,0
20044.jpg,3
20045.jpg,7
20046.jpg,4
20047.jpg,7
20048.jpg,3
20049.jpg,1
20050.jpg,0
20051.jpg,4
20052.jpg,6
20053.jpg,6
20054.jpg,1
20055.jpg,4
20056.jpg,9
20057.jpg,2
20058.jpg,6
20059.jpg,4
20060.jpg,5
20061.jpg,0
20062.jpg,4
20063.jpg,6
20064.jpg,0
20065.jpg,8
20066.jpg,3
20067.jpg,4
20068.jpg,8
20069.jpg,8
20070.jpg,3
20071.jpg,9
20072.jpg,5
20073.jpg,7
20074.jpg,1
20075.jpg,9
20076.jpg,4
20077.jpg,7
20078.jpg,9
20079.jpg,1
20080.jpg,9
20081.jpg,7
20082.jpg,5
20083.jpg,2
20084.jpg,7
20085.jpg,3
20086.jpg,4
20087.jpg,8
20088.jpg,8
20089.jpg,2
20090.jpg,1
20091.jpg,5
20092.jpg,9
20093.jpg,2
20094.jpg,7
20095.jpg,8
20096.jpg,8
20097.jpg,6
20098.jpg,8
20099.jpg,8
20100.jpg,1
20101.jpg,3
20102.jpg,8
20103.jpg,8
20104.jpg,5
20105.jpg,4
20106.jpg,7
20107.jpg,1
20108.jpg,6
20109.jpg,6
20110.jpg,1
20111.jpg,6
20112.jpg,1
20113.jpg,6
20114.jpg,7
20115.jpg,0
20116.jpg,4
20117.jpg,6
20118.jpg,9
20119.jpg,5
20120.jpg,8
20121.jpg,7
20122.jpg,1
20123.jpg,9
20124.jpg,0
20125.jpg,3
20126.jpg,3
20127.jpg,7
20128.jpg,6
20129.jpg,9
20130.jpg,0
20131.jpg,4
20132.jpg,7
20133.jpg,1
20134.jpg,4
20135.jpg,3
20136.jpg,4
20137.jpg,3
20138.jpg,9
20139.jpg,8
20140.jpg,7
20141.jpg,0
20142.jpg,8
20143.jpg,3
20144.jpg,9
20145.jpg,1
20146.jpg,0
20147.jpg,8
20148.jpg,0
20149.jpg,9
20150.jpg,4
20151.jpg,0
20152.jpg,2
20153.jpg,1
20154.jpg,4
20155.jpg,2
20156.jpg,7
20157.jpg,1
20158.jpg,7
20159.jpg,0
20160.jpg,2
20161.jpg,9
20162.jpg,7
20163.jpg,9
20164.jpg,8
20165.jpg,6
20166.jpg,4
20167.jpg,4
20168.jpg,1
20169.jpg,1
20170.jpg,7
20171.jpg,8
20172.jpg,8
20173.jpg,6
20174.jpg,4
20175.jpg,5
20176.jpg,6
20177.jpg,3
20178.jpg,9
20179.jpg,4
20180.jpg,2
20181.jpg,5
20182.jpg,3
20183.jpg,6
20184.jpg,7
20185.jpg,7
20186.jpg,3
20187.jpg,9
20188.jpg,1
20189.jpg,3
20190.jpg,1
20191.jpg,8
20192.jpg,3
20193.jpg,3
20194.jpg,5
20195.jpg,6
20196.jpg,4
20197.jpg,0
20198.jpg,9
20199.jpg,6
20200.jpg,6
20201.jpg,5
20202.jpg,0
20203.jpg,6
20204.jpg,2
20205.jpg,0
20206.jpg,5
20207.jpg,4
20208.jpg,9
20209.jpg,3
20210.jpg,4
20211.jpg,6
20212.jpg,0
20213.jpg,6
20214.jpg,7
20215.jpg,0
20216.jpg,7
20217.jpg,2
20218.jpg,6
20219.jpg,9
20220.jpg,6
20221.jpg,5
20222.jpg,4
20223.jpg,5
20224.jpg,4
20225.jpg,7
20226.jpg,7
20227.jpg,6
20228.jpg,8
20229.jpg,1
20230.jpg,5
20231.jpg,9
20232.jpg,7
20233.jpg,8
20234.jpg,8
20235.jpg,7
20236.jpg,1
20237.jpg,4
20238.jpg,6
20239.jpg,4
20240.jpg,2
20241.jpg,2
20242.jpg,5
20243.jpg,0
20244.jpg,3
20245.jpg,8
20246.jpg,9
20247.jpg,4
20248.jpg,1
20249.jpg,1
20250.jpg,4
20251.jpg,1
20252.jpg,9
20253.jpg,6
20254.jpg,3
20255.jpg,3
20256.jpg,6
20257.jpg,9
20258.jpg,5
20259.jpg,7
20260.jpg,6
20261.jpg,9
20262.jpg,4
20263.jpg,2
20264.jpg,4
20265.jpg,0
20266.jpg,0
20267.jpg,0
20268.jpg,8
20269.jpg,7
20270.jpg,5
20271.jpg,1
20272.jpg,8
20273.jpg,6
20274.jpg,7
20275.jpg,0
20276.jpg,1
20277.jpg,7
20278.jpg,7
20279.jpg,8
20280.jpg,2
20281.jpg,7
20282.jpg,4
20283.jpg,8
20284.jpg,8
20285.jpg,9
20286.jpg,8
20287.jpg,9
20288.jpg,8
20289.jpg,2
20290.jpg,8
20291.jpg,9
20292.jpg,1
20293.jpg,3
20294.jpg,5
20295.jpg,7
20296.jpg,4
20297.jpg,0
20298.jpg,1
20299.jpg,4
20300.jpg,4
20301.jpg,0
20302.jpg,8
20303.jpg,4
20304.jpg,3
20305.jpg,7
20306.jpg,9
20307.jpg,7
20308.jpg,7
20309.jpg,9
20310.jpg,3
20311.jpg,6
20312.jpg,9
20313.jpg,8
20314.jpg,1
20315.jpg,5
20316.jpg,9
20317.jpg,8
20318.jpg,5
20319.jpg,5
20320.jpg,3
20321.jpg,3
20322.jpg,3
20323.jpg,0
20324.jpg,5
20325.jpg,1
20326.jpg,0
20327.jpg,6
20328.jpg,7
20329.jpg,3
20330.jpg,0
20331.jpg,9
20332.jpg,0
20333.jpg,7
20334.jpg,0
20335.jpg,4
20336.jpg,8
20337.jpg,8
20338.jpg,0
20339.jpg,7
20340.jpg,0
20341.jpg,3
20342.jpg,9
20343.jpg,0
20344.jpg,8
20345.jpg,6
20346.jpg,8
20347.jpg,7
20348.jpg,7
20349.jpg,6
20350.jpg,4
20351.jpg,9
20352.jpg,1
20353.jpg,0
20354.jpg,8
20355.jpg,0
20356.jpg,6
20357.jpg,6
20358.jpg,7
20359.jpg,1
20360.jpg,2
20361.jpg,8
20362.jpg,1
20363.jpg,1
20364.jpg,6
20365.jpg,0
20366.jpg,5
20367.jpg,4
20368.jpg,7
20369.jpg,8
20370.jpg,1
20371.jpg,7
20372.jpg,4
20373.jpg,9
20374.jpg,6
20375.jpg,9
20376.jpg,8
20377.jpg,1
20378.jpg,2
20379.jpg,6
20380.jpg,1
20381.jpg,8
20382.jpg,5
20383.jpg,3
20384.jpg,7
20385.jpg,4
20386.jpg,7
20387.jpg,1
20388.jpg,9
20389.jpg,2
20390.jpg,9
20391.jpg,2
20392.jpg,4
20393.jpg,1
20394.jpg,0
20395.jpg,8
20396.jpg,2
20397.jpg,5
20398.jpg,2
20399.jpg,0
20400.jpg,6
20401.jpg,0
20402.jpg,8
20403.jpg,1
20404.jpg,4
20405.jpg,9
20406.jpg,2
20407.jpg,5
20408.jpg,8
20409.jpg,2
20410.jpg,5
20411.jpg,8
20412.jpg,2
20413.jpg,5
20414.jpg,3
20415.jpg,4
20416.jpg,8
20417.jpg,2
20418.jpg,3
20419.jpg,4
20420.jpg,1
20421.jpg,9
20422.jpg,7
20423.jpg,5
20424.jpg,5
20425.jpg,0
20426.jpg,4
20427.jpg,3
20428.jpg,2
20429.jpg,5
20430.jpg,3
20431.jpg,6
20432.jpg,5
20433.jpg,2
20434.jpg,8
20435.jpg,7
20436.jpg,2
20437.jpg,8
20438.jpg,2
20439.jpg,3
20440.jpg,2
20441.jpg,3
20442.jpg,8
20443.jpg,8
20444.jpg,6
20445.jpg,8
20446.jpg,1
20447.jpg,4
20448.jpg,9
20449.jpg,7
20450.jpg,1
20451.jpg,4
20452.jpg,3
20453.jpg,1
20454.jpg,3
20455.jpg,0
20456.jpg,8
20457.jpg,2
20458.jpg,1
20459.jpg,7
20460.jpg,6
20461.jpg,2
20462.jpg,3
20463.jpg,3
20464.jpg,3
20465.jpg,7
20466.jpg,7
20467.jpg,9
20468.jpg,3
20469.jpg,2
20470.jpg,0
20471.jpg,5
20472.jpg,4
20473.jpg,9
20474.jpg,2
20475.jpg,8
20476.jpg,1
20477.jpg,4
20478.jpg,4
20479.jpg,1
20480.jpg,2
20481.jpg,7
20482.jpg,5
20483.jpg,8
20484.jpg,5
20485.jpg,4
20486.jpg,0
20487.jpg,0
20488.jpg,3
20489.jpg,4
20490.jpg,7
20491.jpg,1
20492.jpg,3
20493.jpg,0
20494.jpg,9
20495.jpg,1
20496.jpg,7
20497.jpg,9
20498.jpg,2
20499.jpg,0
20500.jpg,4
20501.jpg,3
20502.jpg,7
20503.jpg,5
20504.jpg,9
20505.jpg,2
20506.jpg,3
20507.jpg,7
20508.jpg,3
20509.jpg,5
20510.jpg,6
20511.jpg,8
20512.jpg,2
20513.jpg,0
20514.jpg,5
20515.jpg,5
20516.jpg,0
20517.jpg,6
20518.jpg,3
20519.jpg,4
20520.jpg,9
20521.jpg,5
20522.jpg,1
20523.jpg,9
20524.jpg,8
20525.jpg,4
20526.jpg,0
20527.jpg,3
20528.jpg,7
20529.jpg,7
20530.jpg,8
20531.jpg,1
20532.jpg,6
20533.jpg,9
20534.jpg,3
20535.jpg,1
20536.jpg,4
20537.jpg,8
20538.jpg,7
20539.jpg,4
20540.jpg,7
20541.jpg,5
20542.jpg,5
20543.jpg,8
20544.jpg,1
20545.jpg,0
20546.jpg,7
20547.jpg,7
20548.jpg,0
20549.jpg,5
20550.jpg,6
20551.jpg,6
20552.jpg,7
20553.jpg,0
20554.jpg,6
20555.jpg,5
20556.jpg,5
20557.jpg,3
20558.jpg,3
20559.jpg,9
20560.jpg,7
20561.jpg,4
20562.jpg,7
20563.jpg,6
20564.jpg,1
20565.jpg,3
20566.jpg,5
20567.jpg,2
20568.jpg,1
20569.jpg,1
20570.jpg,4
20571.jpg,1
20572.jpg,8
20573.jpg,7
20574.jpg,0
20575.jpg,3
20576.jpg,1
20577.jpg,0
20578.jpg,0
20579.jpg,6
20580.jpg,7
20581.jpg,9
20582.jpg,2
20583.jpg,7
20584.jpg,7
20585.jpg,8
20586.jpg,5
20587.jpg,3
20588.jpg,2
20589.jpg,0
20590.jpg,9
20591.jpg,2
20592.jpg,4
20593.jpg,4
20594.jpg,2
20595.jpg,3
20596.jpg,6
20597.jpg,5
20598.jpg,7
20599.jpg,5
20600.jpg,6
20601.jpg,0
20602.jpg,7
20603.jpg,5
20604.jpg,4
20605.jpg,4
20606.jpg,8
20607.jpg,0
20608.jpg,2
20609.jpg,4
20610.jpg,8
20611.jpg,3
20612.jpg,2
20613.jpg,8
20614.jpg,1
20615.jpg,4
20616.jpg,2
20617.jpg,0
20618.jpg,3
20619.jpg,3
20620.jpg,8
20621.jpg,7
20622.jpg,9
20623.jpg,7
20624.jpg,2
20625.jpg,8
20626.jpg,9
20627.jpg,1
20628.jpg,2
20629.jpg,4
20630.jpg,1
20631.jpg,6
20632.jpg,5
20633.jpg,4
20634.jpg,3
20635.jpg,6
20636.jpg,6
20637.jpg,0
20638.jpg,8
20639.jpg,8
20640.jpg,4
20641.jpg,4
20642.jpg,1
20643.jpg,7
20644.jpg,1
20645.jpg,8
20646.jpg,8
20647.jpg,6
20648.jpg,1
20649.jpg,6
20650.jpg,0
20651.jpg,2
20652.jpg,1
20653.jpg,3
20654.jpg,4
20655.jpg,1
20656.jpg,0
20657.jpg,5
20658.jpg,9
20659.jpg,9
20660.jpg,2
20661.jpg,4
20662.jpg,9
20663.jpg,8
20664.jpg,8
20665.jpg,6
20666.jpg,7
20667.jpg,0
20668.jpg,5
20669.jpg,5
20670.jpg,5
20671.jpg,2
20672.jpg,7
20673.jpg,8
20674.jpg,0
20675.jpg,0
20676.jpg,6
20677.jpg,8
20678.jpg,1
20679.jpg,1
20680.jpg,8
20681.jpg,0
20682.jpg,8
20683.jpg,2
20684.jpg,7
20685.jpg,7
20686.jpg,0
20687.jpg,7
20688.jpg,8
20689.jpg,0
20690.jpg,0
20691.jpg,5
20692.jpg,5
20693.jpg,1
20694.jpg,4
20695.jpg,7
20696.jpg,5
20697.jpg,4
20698.jpg,9
20699.jpg,4
20700.jpg,2
20701.jpg,4
20702.jpg,8
20703.jpg,5
20704.jpg,6
20705.jpg,3
20706.jpg,4
20707.jpg,4
20708.jpg,8
20709.jpg,5
20710.jpg,5
20711.jpg,1
20712.jpg,7
20713.jpg,0
20714.jpg,1
20715.jpg,5
20716.jpg,0
20717.jpg,9
20718.jpg,6
20719.jpg,4
20720.jpg,4
20721.jpg,8
20722.jpg,3
20723.jpg,9
20724.jpg,5
20725.jpg,2
20726.jpg,5
20727.jpg,7
20728.jpg,4
20729.jpg,0
20730.jpg,7
20731.jpg,3
20732.jpg,0
20733.jpg,6
20734.jpg,7
20735.jpg,7
20736.jpg,4
20737.jpg,5
20738.jpg,6
20739.jpg,5
20740.jpg,5
20741.jpg,0
20742.jpg,2
20743.jpg,9
20744.jpg,5
20745.jpg,3
20746.jpg,3
20747.jpg,1
20748.jpg,1
20749.jpg,3
20750.jpg,2
20751.jpg,9
20752.jpg,3
20753.jpg,3
20754.jpg,7
20755.jpg,1
20756.jpg,2
20757.jpg,6
20758.jpg,5
20759.jpg,5
20760.jpg,5
20761.jpg,0
20762.jpg,9
20763.jpg,8
20764.jpg,0
20765.jpg,4
20766.jpg,4
20767.jpg,2
20768.jpg,5
20769.jpg,9
20770.jpg,3
20771.jpg,1
20772.jpg,7
20773.jpg,8
20774.jpg,6
20775.jpg,8
20776.jpg,0
20777.jpg,0
20778.jpg,7
20779.jpg,7
20780.jpg,5
20781.jpg,9
20782.jpg,0
20783.jpg,6
20784.jpg,3
20785.jpg,8
20786.jpg,6
20787.jpg,0
20788.jpg,3
20789.jpg,7
20790.jpg,1
20791.jpg,9
20792.jpg,6
20793.jpg,9
20794.jpg,6
20795.jpg,1
20796.jpg,0
20797.jpg,1
20798.jpg,0
20799.jpg,9
20800.jpg,5
20801.jpg,2
20802.jpg,2
20803.jpg,5
20804.jpg,0
20805.jpg,8
20806.jpg,9
20807.jpg,2
20808.jpg,4
20809.jpg,3
20810.jpg,8
20811.jpg,0
20812.jpg,0
20813.jpg,7
20814.jpg,3
20815.jpg,6
20816.jpg,7
20817.jpg,8
20818.jpg,7
20819.jpg,1
20820.jpg,5
20821.jpg,6
20822.jpg,8
20823.jpg,7
20824.jpg,1
20825.jpg,3
20826.jpg,1
20827.jpg,9
20828.jpg,6
20829.jpg,9
20830.jpg,9
20831.jpg,5
20832.jpg,1
20833.jpg,2
20834.jpg,4
20835.jpg,5
20836.jpg,8
20837.jpg,6
20838.jpg,4
20839.jpg,1
20840.jpg,8
20841.jpg,6
20842.jpg,2
20843.jpg,3
20844.jpg,5
20845.jpg,9
20846.jpg,1
20847.jpg,0
20848.jpg,8
20849.jpg,4
20850.jpg,9
20851.jpg,4
20852.jpg,7
20853.jpg,9
20854.jpg,3
20855.jpg,0
20856.jpg,8
20857.jpg,3
20858.jpg,7
20859.jpg,9
20860.jpg,2
20861.jpg,4
20862.jpg,5
20863.jpg,5
20864.jpg,8
20865.jpg,4
20866.jpg,2
20867.jpg,0
20868.jpg,1
20869.jpg,3
20870.jpg,3
20871.jpg,7
20872.jpg,0
20873.jpg,7
20874.jpg,7
20875.jpg,4
20876.jpg,8
20877.jpg,4
20878.jpg,5
20879.jpg,7
20880.jpg,5
20881.jpg,9
20882.jpg,1
20883.jpg,3
20884.jpg,7
20885.jpg,2
20886.jpg,7
20887.jpg,7
20888.jpg,4
20889.jpg,6
20890.jpg,4
20891.jpg,7
20892.jpg,7
20893.jpg,0
20894.jpg,9
20895.jpg,1
20896.jpg,0
20897.jpg,5
20898.jpg,2
20899.jpg,9
20900.jpg,4
20901.jpg,2
20902.jpg,1
20903.jpg,8
20904.jpg,4
20905.jpg,7
20906.jpg,8
20907.jpg,5
20908.jpg,6
20909.jpg,6
20910.jpg,1
20911.jpg,0
20912.jpg,1
20913.jpg,4
20914.jpg,5
20915.jpg,9
20916.jpg,7
20917.jpg,8
20918.jpg,3
20919.jpg,8
20920.jpg,6
20921.jpg,5
20922.jpg,6
20923.jpg,8
20924.jpg,5
20925.jpg,4
20926.jpg,2
20927.jpg,7
20928.jpg,8
20929.jpg,3
20930.jpg,9
20931.jpg,3
20932.jpg,7
20933.jpg,2
20934.jpg,9
20935.jpg,2
20936.jpg,6
20937.jpg,3
20938.jpg,6
20939.jpg,6
20940.jpg,2
20941.jpg,9
20942.jpg,3
20943.jpg,9
20944.jpg,2
20945.jpg,5
20946.jpg,6
20947.jpg,4
20948.jpg,3
20949.jpg,3
20950.jpg,4
20951.jpg,4
20952.jpg,0
20953.jpg,1
20954.jpg,0
20955.jpg,0
20956.jpg,8
20957.jpg,7
20958.jpg,3
20959.jpg,2
20960.jpg,3
20961.jpg,6
20962.jpg,8
20963.jpg,1
20964.jpg,1
20965.jpg,8
20966.jpg,4
20967.jpg,3
20968.jpg,2
20969.jpg,1
20970.jpg,4
20971.jpg,5
20972.jpg,9
20973.jpg,4
20974.jpg,8
20975.jpg,8
20976.jpg,2
20977.jpg,1
20978.jpg,5
20979.jpg,4
20980.jpg,8
20981.jpg,3
20982.jpg,4
20983.jpg,9
20984.jpg,6
20985.jpg,6
20986.jpg,8
20987.jpg,0
20988.jpg,7
20989.jpg,0
20990.jpg,0
20991.jpg,2
20992.jpg,1
20993.jpg,3
20994.jpg,7
20995.jpg,5
20996.jpg,9
20997.jpg,8
20998.jpg,7
20999.jpg,3
21000.jpg,1
21001.jpg,8
21002.jpg,0
21003.jpg,2
21004.jpg,5
21005.jpg,8
21006.jpg,2
21007.jpg,1
21008.jpg,0
21009.jpg,6
21010.jpg,8
21011.jpg,3
21012.jpg,2
21013.jpg,8
21014.jpg,0
21015.jpg,2
21016.jpg,5
21017.jpg,2
21018.jpg,0
21019.jpg,7
21020.jpg,4
21021.jpg,4
21022.jpg,0
21023.jpg,0
21024.jpg,5
21025.jpg,3
21026.jpg,3
21027.jpg,8
21028.jpg,3
21029.jpg,0
21030.jpg,2
21031.jpg,0
21032.jpg,5
21033.jpg,4
21034.jpg,5
21035.jpg,2
21036.jpg,4
21037.jpg,1
21038.jpg,6
21039.jpg,7
21040.jpg,3
21041.jpg,6
21042.jpg,8
21043.jpg,5
21044.jpg,6
21045.jpg,4
21046.jpg,7
21047.jpg,3
21048.jpg,6
21049.jpg,8
21050.jpg,2
21051.jpg,7
21052.jpg,3
21053.jpg,7
21054.jpg,0
21055.jpg,3
21056.jpg,0
21057.jpg,7
21058.jpg,8
21059.jpg,7
21060.jpg,0
21061.jpg,5
21062.jpg,5
21063.jpg,8
21064.jpg,4
21065.jpg,7
21066.jpg,6
21067.jpg,3
21068.jpg,7
21069.jpg,8
21070.jpg,6
21071.jpg,5
21072.jpg,5
21073.jpg,0
21074.jpg,4
21075.jpg,1
21076.jpg,0
21077.jpg,5
21078.jpg,0
21079.jpg,3
21080.jpg,0
21081.jpg,4
21082.jpg,1
21083.jpg,5
21084.jpg,2
21085.jpg,9
21086.jpg,8
21087.jpg,2
21088.jpg,7
21089.jpg,2
21090.jpg,6
21091.jpg,8
21092.jpg,4
21093.jpg,6
21094.jpg,5
21095.jpg,8
21096.jpg,9
21097.jpg,5
21098.jpg,6
21099.jpg,2
21100.jpg,0
21101.jpg,6
21102.jpg,7
21103.jpg,3
21104.jpg,9
21105.jpg,3
21106.jpg,2
21107.jpg,0
21108.jpg,7
21109.jpg,1
21110.jpg,6
21111.jpg,9
21112.jpg,5
21113.jpg,6
21114.jpg,0
21115.jpg,2
21116.jpg,4
21117.jpg,8
21118.jpg,4
21119.jpg,3
21120.jpg,3
21121.jpg,5
21122.jpg,0
21123.jpg,2
21124.jpg,6
21125.jpg,4
21126.jpg,9
21127.jpg,9
21128.jpg,9
21129.jpg,4
21130.jpg,1
21131.jpg,3
21132.jpg,1
21133.jpg,1
21134.jpg,1
21135.jpg,6
21136.jpg,7
21137.jpg,2
21138.jpg,4
21139.jpg,9
21140.jpg,9
21141.jpg,8
21142.jpg,5
21143.jpg,5
21144.jpg,6
21145.jpg,5
21146.jpg,7
21147.jpg,6
21148.jpg,8
21149.jpg,8
21150.jpg,6
21151.jpg,0
21152.jpg,9
21153.jpg,5
21154.jpg,7
21155.jpg,5
21156.jpg,2
21157.jpg,9
21158.jpg,8
21159.jpg,8
21160.jpg,5
21161.jpg,4
21162.jpg,7
21163.jpg,1
21164.jpg,5
21165.jpg,5
21166.jpg,5
21167.jpg,7
21168.jpg,2
21169.jpg,0
21170.jpg,9
21171.jpg,2
21172.jpg,9
21173.jpg,9
21174.jpg,5
21175.jpg,2
21176.jpg,0
21177.jpg,8
21178.jpg,0
21179.jpg,1
21180.jpg,8
21181.jpg,6
21182.jpg,6
21183.jpg,3
21184.jpg,9
21185.jpg,5
21186.jpg,5
21187.jpg,2
21188.jpg,3
21189.jpg,5
21190.jpg,4
21191.jpg,6
21192.jpg,3
21193.jpg,2
21194.jpg,2
21195.jpg,3
21196.jpg,1
21197.jpg,2
21198.jpg,2
21199.jpg,3
21200.jpg,8
21201.jpg,5
21202.jpg,2
21203.jpg,7
21204.jpg,6
21205.jpg,3
21206.jpg,8
21207.jpg,8
21208.jpg,0
21209.jpg,4
21210.jpg,9
21211.jpg,3
21212.jpg,6
21213.jpg,9
21214.jpg,7
21215.jpg,6
21216.jpg,0
21217.jpg,5
21218.jpg,0
21219.jpg,6
21220.jpg,2
21221.jpg,2
21222.jpg,3
21223.jpg,1
21224.jpg,0
21225.jpg,9
21226.jpg,4
21227.jpg,9
21228.jpg,7
21229.jpg,0
21230.jpg,9
21231.jpg,3
21232.jpg,9
21233.jpg,6
21234.jpg,3
21235.jpg,4
21236.jpg,3
21237.jpg,0
21238.jpg,0
21239.jpg,6
21240.jpg,0
21241.jpg,2
21242.jpg,1
21243.jpg,1
21244.jpg,8
21245.jpg,5
21246.jpg,6
21247.jpg,5
21248.jpg,8
21249.jpg,4
21250.jpg,4
21251.jpg,0
21252.jpg,2
21253.jpg,8
21254.jpg,4
21255.jpg,0
21256.jpg,2
21257.jpg,3
21258.jpg,9
21259.jpg,5
21260.jpg,7
21261.jpg,8
21262.jpg,5
21263.jpg,0
21264.jpg,1
21265.jpg,8
21266.jpg,8
21267.jpg,5
21268.jpg,3
21269.jpg,5
21270.jpg,2
21271.jpg,3
21272.jpg,8
21273.jpg,6
21274.jpg,5
21275.jpg,9
21276.jpg,0
21277.jpg,8
21278.jpg,7
21279.jpg,4
21280.jpg,0
21281.jpg,7
21282.jpg,4
21283.jpg,0
21284.jpg,7
21285.jpg,5
21286.jpg,2
21287.jpg,6
21288.jpg,2
21289.jpg,7
21290.jpg,6
21291.jpg,3
21292.jpg,9
21293.jpg,3
21294.jpg,3
21295.jpg,2
21296.jpg,9
21297.jpg,0
21298.jpg,5
21299.jpg,4
21300.jpg,7
21301.jpg,1
21302.jpg,0
21303.jpg,6
21304.jpg,0
21305.jpg,0
21306.jpg,8
21307.jpg,3
21308.jpg,1
21309.jpg,8
21310.jpg,6
21311.jpg,9
21312.jpg,9
21313.jpg,2
21314.jpg,5
21315.jpg,4
21316.jpg,9
21317.jpg,5
21318.jpg,6
21319.jpg,6
21320.jpg,3
21321.jpg,7
21322.jpg,5
21323.jpg,7
21324.jpg,3
21325.jpg,0
21326.jpg,2
21327.jpg,8
21328.jpg,5
21329.jpg,7
21330.jpg,5
21331.jpg,6
21332.jpg,9
21333.jpg,3
21334.jpg,7
21335.jpg,2
21336.jpg,1
21337.jpg,3
21338.jpg,7
21339.jpg,3
21340.jpg,2
21341.jpg,5
21342.jpg,2
21343.jpg,8
21344.jpg,3
21345.jpg,8
21346.jpg,6
21347.jpg,5
21348.jpg,2
21349.jpg,2
21350.jpg,7
21351.jpg,5
21352.jpg,8
21353.jpg,3
21354.jpg,2
21355.jpg,7
21356.jpg,0
21357.jpg,3
21358.jpg,6
21359.jpg,3
21360.jpg,9
21361.jpg,1
21362.jpg,2
21363.jpg,6
21364.jpg,3
21365.jpg,5
21366.jpg,3
21367.jpg,1
21368.jpg,8
21369.jpg,6
21370.jpg,3
21371.jpg,6
21372.jpg,0
21373.jpg,9
21374.jpg,0
21375.jpg,5
21376.jpg,5
21377.jpg,7
21378.jpg,8
21379.jpg,3
21380.jpg,2
21381.jpg,6
21382.jpg,2
21383.jpg,9
21384.jpg,4
21385.jpg,2
21386.jpg,3
21387.jpg,3
21388.jpg,9
21389.jpg,3
21390.jpg,7
21391.jpg,7
21392.jpg,6
21393.jpg,7
21394.jpg,6
21395.jpg,1
21396.jpg,5
21397.jpg,6
21398.jpg,4
21399.jpg,9
21400.jpg,0
21401.jpg,4
21402.jpg,4
21403.jpg,1
21404.jpg,6
21405.jpg,5
21406.jpg,6
21407.jpg,1
21408.jpg,6
21409.jpg,3
21410.jpg,7
21411.jpg,7
21412.jpg,6
21413.jpg,8
21414.jpg,7
21415.jpg,2
21416.jpg,0
21417.jpg,7
21418.jpg,1
21419.jpg,3
21420.jpg,2
21421.jpg,1
21422.jpg,9
21423.jpg,4
21424.jpg,0
21425.jpg,0
21426.jpg,7
21427.jpg,1
21428.jpg,7
21429.jpg,6
21430.jpg,9
21431.jpg,0
21432.jpg,6
21433.jpg,2
21434.jpg,3
21435.jpg,4
21436.jpg,2
21437.jpg,5
21438.jpg,6
21439.jpg,6
21440.jpg,0
21441.jpg,5
21442.jpg,5
21443.jpg,2
21444.jpg,1
21445.jpg,6
21446.jpg,7
21447.jpg,3
21448.jpg,7
21449.jpg,3
21450.jpg,5
21451.jpg,0
21452.jpg,2
21453.jpg,9
21454.jpg,2
21455.jpg,2
21456.jpg,2
21457.jpg,9
21458.jpg,3
21459.jpg,6
21460.jpg,7
21461.jpg,8
21462.jpg,5
21463.jpg,5
21464.jpg,1
21465.jpg,5
21466.jpg,6
21467.jpg,2
21468.jpg,6
21469.jpg,7
21470.jpg,1
21471.jpg,2
21472.jpg,9
21473.jpg,1
21474.jpg,0
21475.jpg,0
21476.jpg,3
21477.jpg,3
21478.jpg,2
21479.jpg,0
21480.jpg,3
21481.jpg,4
21482.jpg,1
21483.jpg,7
21484.jpg,7
21485.jpg,9
21486.jpg,2
21487.jpg,0
21488.jpg,8
21489.jpg,6
21490.jpg,8
21491.jpg,5
21492.jpg,3
21493.jpg,5
21494.jpg,5
21495.jpg,5
21496.jpg,5
21497.jpg,1
21498.jpg,3
21499.jpg,4
21500.jpg,2
21501.jpg,8
21502.jpg,7
21503.jpg,8
21504.jpg,9
21505.jpg,8
21506.jpg,4
21507.jpg,5
21508.jpg,6
21509.jpg,0
21510.jpg,4
21511.jpg,2
21512.jpg,3
21513.jpg,5
21514.jpg,0
21515.jpg,1
21516.jpg,9
21517.jpg,9
21518.jpg,2
21519.jpg,5
21520.jpg,7
21521.jpg,4
21522.jpg,1
21523.jpg,5
21524.jpg,8
21525.jpg,5
21526.jpg,4
21527.jpg,7
21528.jpg,2
21529.jpg,8
21530.jpg,5
21531.jpg,3
21532.jpg,1
21533.jpg,9
21534.jpg,3
21535.jpg,0
21536.jpg,5
21537.jpg,6
21538.jpg,2
21539.jpg,6
21540.jpg,3
21541.jpg,9
21542.jpg,4
21543.jpg,1
21544.jpg,3
21545.jpg,2
21546.jpg,1
21547.jpg,9
21548.jpg,2
21549.jpg,9
21550.jpg,4
21551.jpg,5
21552.jpg,9
21553.jpg,7
21554.jpg,0
21555.jpg,9
21556.jpg,3
21557.jpg,9
21558.jpg,1
21559.jpg,8
21560.jpg,5
21561.jpg,7
21562.jpg,4
21563.jpg,0
21564.jpg,3
21565.jpg,4
21566.jpg,8
21567.jpg,4
21568.jpg,3
21569.jpg,8
21570.jpg,7
21571.jpg,1
21572.jpg,0
21573.jpg,4
21574.jpg,1
21575.jpg,5
21576.jpg,8
21577.jpg,8
21578.jpg,3
21579.jpg,1
21580.jpg,1
21581.jpg,7
21582.jpg,4
21583.jpg,0
21584.jpg,6
21585.jpg,1
21586.jpg,4
21587.jpg,2
21588.jpg,6
21589.jpg,9
21590.jpg,4
21591.jpg,8
21592.jpg,9
21593.jpg,8
21594.jpg,9
21595.jpg,7
21596.jpg,3
21597.jpg,9
21598.jpg,8
21599.jpg,9
21600.jpg,5
21601.jpg,9
21602.jpg,6
21603.jpg,5
21604.jpg,9
21605.jpg,7
21606.jpg,2
21607.jpg,9
21608.jpg,7
21609.jpg,6
21610.jpg,5
21611.jpg,7
21612.jpg,0
21613.jpg,8
21614.jpg,1
21615.jpg,0
21616.jpg,8
21617.jpg,3
21618.jpg,0
21619.jpg,1
21620.jpg,9
21621.jpg,7
21622.jpg,5
21623.jpg,3
21624.jpg,5
21625.jpg,3
21626.jpg,4
21627.jpg,8
21628.jpg,3
21629.jpg,2
21630.jpg,2
21631.jpg,1
21632.jpg,3
21633.jpg,0
21634.jpg,6
21635.jpg,4
21636.jpg,5
21637.jpg,5
21638.jpg,6
21639.jpg,3
21640.jpg,1
21641.jpg,2
21642.jpg,0
21643.jpg,0
21644.jpg,6
21645.jpg,1
21646.jpg,1
21647.jpg,6
21648.jpg,7
21649.jpg,4
21650.jpg,2
21651.jpg,6
21652.jpg,8
21653.jpg,3
21654.jpg,6
21655.jpg,3
21656.jpg,7
21657.jpg,6
21658.jpg,9
21659.jpg,9
21660.jpg,9
21661.jpg,0
21662.jpg,5
21663.jpg,1
21664.jpg,1
21665.jpg,8
21666.jpg,2
21667.jpg,8
21668.jpg,3
21669.jpg,7
21670.jpg,4
21671.jpg,0
21672.jpg,6
21673.jpg,8
21674.jpg,8
21675.jpg,6
21676.jpg,8
21677.jpg,9
21678.jpg,9
21679.jpg,1
21680.jpg,3
21681.jpg,9
21682.jpg,0
21683.jpg,1
21684.jpg,2
21685.jpg,9
21686.jpg,1
21687.jpg,6
21688.jpg,9
21689.jpg,0
21690.jpg,6
21691.jpg,0
21692.jpg,1
21693.jpg,8
21694.jpg,5
21695.jpg,1
21696.jpg,1
21697.jpg,7
21698.jpg,1
21699.jpg,6
21700.jpg,9
21701.jpg,5
21702.jpg,1
21703.jpg,9
21704.jpg,7
21705.jpg,2
21706.jpg,8
21707.jpg,1
21708.jpg,1
21709.jpg,0
21710.jpg,2
21711.jpg,6
21712.jpg,5
21713.jpg,2
21714.jpg,3
21715.jpg,9
21716.jpg,1
21717.jpg,9
21718.jpg,3
21719.jpg,6
21720.jpg,9
21721.jpg,0
21722.jpg,5
21723.jpg,5
21724.jpg,3
21725.jpg,5
21726.jpg,6
21727.jpg,3
21728.jpg,6
21729.jpg,6
21730.jpg,2
21731.jpg,2
21732.jpg,0
21733.jpg,6
21734.jpg,0
21735.jpg,5
21736.jpg,3
21737.jpg,5
21738.jpg,3
21739.jpg,3
21740.jpg,5
21741.jpg,7
21742.jpg,7
21743.jpg,3
21744.jpg,1
21745.jpg,2
21746.jpg,2
21747.jpg,9
21748.jpg,6
21749.jpg,7
21750.jpg,1
21751.jpg,6
21752.jpg,3
21753.jpg,5
21754.jpg,6
21755.jpg,9
21756.jpg,6
21757.jpg,4
21758.jpg,3
21759.jpg,4
21760.jpg,3
21761.jpg,7
21762.jpg,0
21763.jpg,3
21764.jpg,3
21765.jpg,4
21766.jpg,2
21767.jpg,1
21768.jpg,0
21769.jpg,4
21770.jpg,5
21771.jpg,9
21772.jpg,0
21773.jpg,9
21774.jpg,9
21775.jpg,0
21776.jpg,1
21777.jpg,9
21778.jpg,7
21779.jpg,2
21780.jpg,6
21781.jpg,7
21782.jpg,1
21783.jpg,0
21784.jpg,6
21785.jpg,4
21786.jpg,9
21787.jpg,1
21788.jpg,7
21789.jpg,2
21790.jpg,5
21791.jpg,1
21792.jpg,6
21793.jpg,8
21794.jpg,4
21795.jpg,5
21796.jpg,7
21797.jpg,9
21798.jpg,8
21799.jpg,1
21800.jpg,6
21801.jpg,9
21802.jpg,0
21803.jpg,9
21804.jpg,1
21805.jpg,3
21806.jpg,9
21807.jpg,4
21808.jpg,8
21809.jpg,3
21810.jpg,4
21811.jpg,2
21812.jpg,0
21813.jpg,2
21814.jpg,9
21815.jpg,2
21816.jpg,2
21817.jpg,1
21818.jpg,5
21819.jpg,5
21820.jpg,4
21821.jpg,6
21822.jpg,1
21823.jpg,6
21824.jpg,1
21825.jpg,2
21826.jpg,5
21827.jpg,6
21828.jpg,9
21829.jpg,1
21830.jpg,8
21831.jpg,1
21832.jpg,8
21833.jpg,6
21834.jpg,9
21835.jpg,0
21836.jpg,3
21837.jpg,7
21838.jpg,0
21839.jpg,4
21840.jpg,7
21841.jpg,7
21842.jpg,8
21843.jpg,2
21844.jpg,0
21845.jpg,4
21846.jpg,7
21847.jpg,5
21848.jpg,7
21849.jpg,0
21850.jpg,1
21851.jpg,6
21852.jpg,5
21853.jpg,5
21854.jpg,5
21855.jpg,3
21856.jpg,9
21857.jpg,1
21858.jpg,3
21859.jpg,4
21860.jpg,4
21861.jpg,5
21862.jpg,4
21863.jpg,8
21864.jpg,3
21865.jpg,9
21866.jpg,8
21867.jpg,7
21868.jpg,3
21869.jpg,4
21870.jpg,7
21871.jpg,4
21872.jpg,4
21873.jpg,2
21874.jpg,3
21875.jpg,6
21876.jpg,9
21877.jpg,7
21878.jpg,4
21879.jpg,0
21880.jpg,5
21881.jpg,7
21882.jpg,2
21883.jpg,9
21884.jpg,2
21885.jpg,2
21886.jpg,8
21887.jpg,0
21888.jpg,4
21889.jpg,9
21890.jpg,1
21891.jpg,2
21892.jpg,4
21893.jpg,5
21894.jpg,3
21895.jpg,1
21896.jpg,1
21897.jpg,0
21898.jpg,8
21899.jpg,5
21900.jpg,8
21901.jpg,9
21902.jpg,3
21903.jpg,6
21904.jpg,6
21905.jpg,5
21906.jpg,8
21907.jpg,8
21908.jpg,0
21909.jpg,7
21910.jpg,1
21911.jpg,6
21912.jpg,0
21913.jpg,0
21914.jpg,4
21915.jpg,2
21916.jpg,1
21917.jpg,6
21918.jpg,9
21919.jpg,0
21920.jpg,1
21921.jpg,2
21922.jpg,5
21923.jpg,2
21924.jpg,5
21925.jpg,4
21926.jpg,7
21927.jpg,4
21928.jpg,5
21929.jpg,3
21930.jpg,4
21931.jpg,9
21932.jpg,6
21933.jpg,5
21934.jpg,2
21935.jpg,7
21936.jpg,2
21937.jpg,0
21938.jpg,3
21939.jpg,0
21940.jpg,9
21941.jpg,9
21942.jpg,8
21943.jpg,2
21944.jpg,0
21945.jpg,4
21946.jpg,0
21947.jpg,5
21948.jpg,8
21949.jpg,5
21950.jpg,7
21951.jpg,7
21952.jpg,4
21953.jpg,5
21954.jpg,1
21955.jpg,1
21956.jpg,4
21957.jpg,4
21958.jpg,0
21959.jpg,2
21960.jpg,3
21961.jpg,2
21962.jpg,2
21963.jpg,0
21964.jpg,6
21965.jpg,8
21966.jpg,1
21967.jpg,4
21968.jpg,6
21969.jpg,3
21970.jpg,3
21971.jpg,1
21972.jpg,1
21973.jpg,2
21974.jpg,7
21975.jpg,0
21976.jpg,3
21977.jpg,8
21978.jpg,8
21979.jpg,0
21980.jpg,5
21981.jpg,6
21982.jpg,4
21983.jpg,4
21984.jpg,9
21985.jpg,2
21986.jpg,8
21987.jpg,6
21988.jpg,5
21989.jpg,0
21990.jpg,7
21991.jpg,2
21992.jpg,2
21993.jpg,8
21994.jpg,4
21995.jpg,5
21996.jpg,7
21997.jpg,4
21998.jpg,3
21999.jpg,6
22000.jpg,6
22001.jpg,9
22002.jpg,9
22003.jpg,6
22004.jpg,6
22005.jpg,5
22006.jpg,4
22007.jpg,3
22008.jpg,9
22009.jpg,0
22010.jpg,0
22011.jpg,9
22012.jpg,5
22013.jpg,3
22014.jpg,6
22015.jpg,5
22016.jpg,3
22017.jpg,6
22018.jpg,7
22019.jpg,6
22020.jpg,8
22021.jpg,2
22022.jpg,4
22023.jpg,7
22024.jpg,8
22025.jpg,1
22026.jpg,4
22027.jpg,1
22028.jpg,0
22029.jpg,0
22030.jpg,0
22031.jpg,6
22032.jpg,3
22033.jpg,3
22034.jpg,6
22035.jpg,9
22036.jpg,7
22037.jpg,0
22038.jpg,1
22039.jpg,3
22040.jpg,9
22041.jpg,8
22042.jpg,3
22043.jpg,2
22044.jpg,2
22045.jpg,3
22046.jpg,2
22047.jpg,1
22048.jpg,6
22049.jpg,1
22050.jpg,3
22051.jpg,5
22052.jpg,0
22053.jpg,5
22054.jpg,1
22055.jpg,6
22056.jpg,0
22057.jpg,6
22058.jpg,2
22059.jpg,4
22060.jpg,2
22061.jpg,9
22062.jpg,0
22063.jpg,9
22064.jpg,1
22065.jpg,8
22066.jpg,6
22067.jpg,2
22068.jpg,5
22069.jpg,5
22070.jpg,2
22071.jpg,1
22072.jpg,0
22073.jpg,0
22074.jpg,2
22075.jpg,4
22076.jpg,3
22077.jpg,6
22078.jpg,0
22079.jpg,0
22080.jpg,1
22081.jpg,6
22082.jpg,5
22083.jpg,0
22084.jpg,4
22085.jpg,9
22086.jpg,9
22087.jpg,8
22088.jpg,5
22089.jpg,5
22090.jpg,8
22091.jpg,3
22092.jpg,8
22093.jpg,8
22094.jpg,4
22095.jpg,0
22096.jpg,3
22097.jpg,7
22098.jpg,5
22099.jpg,7
22100.jpg,1
22101.jpg,6
22102.jpg,1
22103.jpg,4
22104.jpg,9
22105.jpg,3
22106.jpg,4
22107.jpg,2
22108.jpg,4
22109.jpg,2
22110.jpg,4
22111.jpg,3
22112.jpg,9
22113.jpg,3
22114.jpg,1
22115.jpg,8
22116.jpg,9
22117.jpg,4
22118.jpg,3
22119.jpg,5
22120.jpg,8
22121.jpg,0
22122.jpg,6
22123.jpg,1
22124.jpg,4
22125.jpg,8
22126.jpg,8
22127.jpg,1
22128.jpg,8
22129.jpg,0
22130.jpg,0
22131.jpg,0
22132.jpg,4
22133.jpg,0
22134.jpg,4
22135.jpg,5
22136.jpg,4
22137.jpg,2
22138.jpg,6
22139.jpg,0
22140.jpg,2
22141.jpg,2
22142.jpg,7
22143.jpg,4
22144.jpg,5
22145.jpg,3
22146.jpg,6
22147.jpg,3
22148.jpg,2
22149.jpg,0
22150.jpg,1
22151.jpg,6
22152.jpg,9
22153.jpg,8
22154.jpg,4
22155.jpg,3
22156.jpg,2
22157.jpg,7
22158.jpg,1
22159.jpg,9
22160.jpg,4
22161.jpg,2
22162.jpg,9
22163.jpg,7
22164.jpg,1
22165.jpg,0
22166.jpg,2
22167.jpg,1
22168.jpg,6
22169.jpg,1
22170.jpg,1
22171.jpg,6
22172.jpg,8
22173.jpg,2
22174.jpg,3
22175.jpg,8
22176.jpg,8
22177.jpg,5
22178.jpg,0
22179.jpg,4
22180.jpg,2
22181.jpg,0
22182.jpg,9
22183.jpg,1
22184.jpg,5
22185.jpg,1
22186.jpg,9
22187.jpg,9
22188.jpg,2
22189.jpg,8
22190.jpg,3
22191.jpg,2
22192.jpg,0
22193.jpg,6
22194.jpg,8
22195.jpg,3
22196.jpg,8
22197.jpg,8
22198.jpg,5
22199.jpg,6
22200.jpg,2
22201.jpg,8
22202.jpg,5
22203.jpg,6
22204.jpg,4
22205.jpg,5
22206.jpg,8
22207.jpg,8
22208.jpg,4
22209.jpg,0
22210.jpg,1
22211.jpg,3
22212.jpg,2
22213.jpg,4
22214.jpg,6
22215.jpg,3
22216.jpg,3
22217.jpg,4
22218.jpg,6
22219.jpg,2
22220.jpg,7
22221.jpg,6
22222.jpg,6
22223.jpg,5
22224.jpg,4
22225.jpg,3
22226.jpg,0
22227.jpg,7
22228.jpg,1
22229.jpg,7
22230.jpg,0
22231.jpg,1
22232.jpg,1
22233.jpg,8
22234.jpg,0
22235.jpg,5
22236.jpg,8
22237.jpg,3
22238.jpg,6
22239.jpg,5
22240.jpg,6
22241.jpg,3
22242.jpg,5
22243.jpg,7
22244.jpg,7
22245.jpg,9
22246.jpg,5
22247.jpg,1
22248.jpg,9
22249.jpg,8
22250.jpg,2
22251.jpg,8
22252.jpg,0
22253.jpg,4
22254.jpg,6
22255.jpg,3
22256.jpg,5
22257.jpg,0
22258.jpg,8
22259.jpg,9
22260.jpg,1
22261.jpg,4
22262.jpg,9
22263.jpg,6
22264.jpg,1
22265.jpg,0
22266.jpg,8
22267.jpg,2
22268.jpg,8
22269.jpg,7
22270.jpg,0
22271.jpg,7
22272.jpg,7
22273.jpg,6
22274.jpg,5
22275.jpg,1
22276.jpg,1
22277.jpg,8
22278.jpg,3
22279.jpg,9
22280.jpg,1
22281.jpg,5
22282.jpg,4
22283.jpg,1
22284.jpg,0
22285.jpg,4
22286.jpg,8
22287.jpg,2
22288.jpg,9
22289.jpg,3
22290.jpg,5
22291.jpg,1
22292.jpg,1
22293.jpg,6
22294.jpg,0
22295.jpg,1
22296.jpg,0
22297.jpg,0
22298.jpg,9
22299.jpg,1
22300.jpg,5
22301.jpg,4
22302.jpg,6
22303.jpg,1
22304.jpg,3
22305.jpg,6
22306.jpg,1
22307.jpg,4
22308.jpg,1
22309.jpg,4
22310.jpg,5
22311.jpg,1
22312.jpg,9
22313.jpg,4
22314.jpg,9
22315.jpg,9
22316.jpg,3
22317.jpg,2
22318.jpg,8
22319.jpg,8
22320.jpg,7
22321.jpg,6
22322.jpg,5
22323.jpg,2
22324.jpg,4
22325.jpg,0
22326.jpg,5
22327.jpg,7
22328.jpg,0
22329.jpg,3
22330.jpg,5
22331.jpg,4
22332.jpg,3
22333.jpg,4
22334.jpg,4
22335.jpg,1
22336.jpg,1
22337.jpg,6
22338.jpg,2
22339.jpg,6
22340.jpg,1
22341.jpg,5
22342.jpg,3
22343.jpg,4
22344.jpg,0
22345.jpg,0
22346.jpg,2
22347.jpg,9
22348.jpg,1
22349.jpg,5
22350.jpg,1
22351.jpg,8
22352.jpg,5
22353.jpg,8
22354.jpg,6
22355.jpg,0
22356.jpg,6
22357.jpg,5
22358.jpg,9
22359.jpg,6
22360.jpg,1
22361.jpg,2
22362.jpg,2
22363.jpg,0
22364.jpg,7
22365.jpg,7
22366.jpg,3
22367.jpg,6
22368.jpg,4
22369.jpg,6
22370.jpg,3
22371.jpg,5
22372.jpg,8
22373.jpg,1
22374.jpg,6
22375.jpg,0
22376.jpg,2
22377.jpg,3
22378.jpg,1
22379.jpg,6
22380.jpg,2
22381.jpg,7
22382.jpg,3
22383.jpg,9
22384.jpg,1
22385.jpg,9
22386.jpg,3
22387.jpg,2
22388.jpg,1
22389.jpg,1
22390.jpg,5
22391.jpg,3
22392.jpg,9
22393.jpg,0
22394.jpg,7
22395.jpg,8
22396.jpg,6
22397.jpg,7
22398.jpg,2
22399.jpg,2
22400.jpg,8
22401.jpg,8
22402.jpg,7
22403.jpg,8
22404.jpg,9
22405.jpg,9
22406.jpg,4
22407.jpg,6
22408.jpg,4
22409.jpg,0
22410.jpg,7
22411.jpg,6
22412.jpg,1
22413.jpg,9
22414.jpg,0
22415.jpg,7
22416.jpg,4
22417.jpg,4
22418.jpg,8
22419.jpg,0
22420.jpg,0
22421.jpg,2
22422.jpg,8
22423.jpg,2
22424.jpg,1
22425.jpg,3
22426.jpg,8
22427.jpg,9
22428.jpg,3
22429.jpg,0
22430.jpg,0
22431.jpg,5
22432.jpg,7
22433.jpg,6
22434.jpg,6
22435.jpg,0
22436.jpg,3
22437.jpg,7
22438.jpg,8
22439.jpg,7
22440.jpg,3
22441.jpg,6
22442.jpg,8
22443.jpg,8
22444.jpg,4
22445.jpg,6
22446.jpg,7
22447.jpg,6
22448.jpg,2
22449.jpg,3
22450.jpg,3
22451.jpg,1
22452.jpg,8
22453.jpg,4
22454.jpg,3
22455.jpg,2
22456.jpg,9
22457.jpg,8
22458.jpg,6
22459.jpg,6
22460.jpg,9
22461.jpg,0
22462.jpg,2
22463.jpg,7
22464.jpg,7
22465.jpg,2
22466.jpg,7
22467.jpg,9
22468.jpg,5
22469.jpg,0
22470.jpg,1
22471.jpg,2
22472.jpg,2
22473.jpg,2
22474.jpg,7
22475.jpg,3
22476.jpg,7
22477.jpg,0
22478.jpg,4
22479.jpg,7
22480.jpg,5
22481.jpg,8
22482.jpg,7
22483.jpg,9
22484.jpg,4
22485.jpg,5
22486.jpg,9
22487.jpg,8
22488.jpg,5
22489.jpg,4
22490.jpg,8
22491.jpg,6
22492.jpg,0
22493.jpg,0
22494.jpg,1
22495.jpg,6
22496.jpg,5
22497.jpg,9
22498.jpg,8
22499.jpg,0
22500.jpg,3
22501.jpg,2
22502.jpg,7
22503.jpg,8
22504.jpg,2
22505.jpg,4
22506.jpg,2
22507.jpg,0
22508.jpg,6
22509.jpg,0
22510.jpg,4
22511.jpg,4
22512.jpg,6
22513.jpg,8
22514.jpg,5
22515.jpg,5
22516.jpg,1
22517.jpg,3
22518.jpg,5
22519.jpg,2
22520.jpg,8
22521.jpg,1
22522.jpg,4
22523.jpg,1
22524.jpg,6
22525.jpg,6
22526.jpg,6
22527.jpg,7
22528.jpg,3
22529.jpg,7
22530.jpg,4
22531.jpg,9
22532.jpg,5
22533.jpg,2
22534.jpg,0
22535.jpg,7
22536.jpg,2
22537.jpg,1
22538.jpg,1
22539.jpg,4
22540.jpg,0
22541.jpg,9
22542.jpg,0
22543.jpg,8
22544.jpg,8
22545.jpg,5
22546.jpg,3
22547.jpg,7
22548.jpg,1
22549.jpg,2
22550.jpg,6
22551.jpg,1
22552.jpg,3
22553.jpg,0
22554.jpg,6
22555.jpg,9
22556.jpg,5
22557.jpg,8
22558.jpg,3
22559.jpg,5
22560.jpg,1
22561.jpg,6
22562.jpg,9
22563.jpg,9
22564.jpg,5
22565.jpg,7
22566.jpg,7
22567.jpg,5
22568.jpg,9
22569.jpg,5
22570.jpg,1
22571.jpg,5
22572.jpg,7
22573.jpg,5
22574.jpg,2
22575.jpg,1
22576.jpg,7
22577.jpg,4
22578.jpg,5
22579.jpg,7
22580.jpg,4
22581.jpg,5
22582.jpg,2
22583.jpg,2
22584.jpg,2
22585.jpg,8
22586.jpg,1
22587.jpg,6
22588.jpg,9
22589.jpg,2
22590.jpg,4
22591.jpg,4
22592.jpg,1
22593.jpg,5
22594.jpg,1
22595.jpg,3
22596.jpg,6
22597.jpg,6
22598.jpg,3
22599.jpg,8
22600.jpg,8
22601.jpg,3
22602.jpg,2
22603.jpg,4
22604.jpg,6
22605.jpg,8
22606.jpg,8
22607.jpg,2
22608.jpg,9
22609.jpg,6
22610.jpg,8
22611.jpg,4
22612.jpg,3
22613.jpg,9
22614.jpg,8
22615.jpg,8
22616.jpg,2
22617.jpg,7
22618.jpg,3
22619.jpg,6
22620.jpg,1
22621.jpg,5
22622.jpg,1
22623.jpg,2
22624.jpg,6
22625.jpg,7
22626.jpg,8
22627.jpg,7
22628.jpg,1
22629.jpg,1
22630.jpg,5
22631.jpg,3
22632.jpg,6
22633.jpg,7
22634.jpg,0
22635.jpg,6
22636.jpg,4
22637.jpg,9
22638.jpg,2
22639.jpg,3
22640.jpg,0
22641.jpg,6
22642.jpg,3
22643.jpg,1
22644.jpg,9
22645.jpg,4
22646.jpg,8
22647.jpg,3
22648.jpg,1
22649.jpg,5
22650.jpg,8
22651.jpg,2
22652.jpg,5
22653.jpg,9
22654.jpg,9
22655.jpg,5
22656.jpg,2
22657.jpg,6
22658.jpg,7
22659.jpg,0
22660.jpg,0
22661.jpg,5
22662.jpg,9
22663.jpg,4
22664.jpg,9
22665.jpg,4
22666.jpg,6
22667.jpg,2
22668.jpg,0
22669.jpg,2
22670.jpg,9
22671.jpg,3
22672.jpg,4
22673.jpg,3
22674.jpg,0
22675.jpg,2
22676.jpg,1
22677.jpg,7
22678.jpg,2
22679.jpg,6
22680.jpg,9
22681.jpg,3
22682.jpg,5
22683.jpg,7
22684.jpg,6
22685.jpg,1
22686.jpg,5
22687.jpg,5
22688.jpg,8
22689.jpg,6
22690.jpg,7
22691.jpg,4
22692.jpg,6
22693.jpg,2
22694.jpg,2
22695.jpg,7
22696.jpg,5
22697.jpg,2
22698.jpg,4
22699.jpg,8
22700.jpg,9
22701.jpg,5
22702.jpg,1
22703.jpg,2
22704.jpg,0
22705.jpg,7
22706.jpg,9
22707.jpg,3
22708.jpg,9
22709.jpg,9
22710.jpg,2
22711.jpg,2
22712.jpg,9
22713.jpg,7
22714.jpg,7
22715.jpg,9
22716.jpg,5
22717.jpg,4
22718.jpg,9
22719.jpg,1
22720.jpg,2
22721.jpg,2
22722.jpg,7
22723.jpg,4
22724.jpg,2
22725.jpg,8
22726.jpg,5
22727.jpg,4
22728.jpg,5
22729.jpg,9
22730.jpg,0
22731.jpg,8
22732.jpg,1
22733.jpg,7
22734.jpg,5
22735.jpg,6
22736.jpg,6
22737.jpg,4
22738.jpg,7
22739.jpg,6
22740.jpg,0
22741.jpg,1
22742.jpg,2
22743.jpg,1
22744.jpg,7
22745.jpg,9
22746.jpg,1
22747.jpg,8
22748.jpg,2
22749.jpg,0
22750.jpg,3
22751.jpg,7
22752.jpg,2
22753.jpg,2
22754.jpg,0
22755.jpg,1
22756.jpg,7
22757.jpg,0
22758.jpg,3
22759.jpg,7
22760.jpg,9
22761.jpg,0
22762.jpg,8
22763.jpg,7
22764.jpg,0
22765.jpg,6
22766.jpg,1
22767.jpg,0
22768.jpg,5
22769.jpg,5
22770.jpg,7
22771.jpg,8
22772.jpg,8
22773.jpg,1
22774.jpg,1
22775.jpg,9
22776.jpg,3
22777.jpg,0
22778.jpg,7
22779.jpg,6
22780.jpg,3
22781.jpg,6
22782.jpg,2
22783.jpg,3
22784.jpg,2
22785.jpg,0
22786.jpg,3
22787.jpg,7
22788.jpg,6
22789.jpg,9
22790.jpg,2
22791.jpg,5
22792.jpg,8
22793.jpg,9
22794.jpg,7
22795.jpg,4
22796.jpg,6
22797.jpg,4
22798.jpg,3
22799.jpg,6
22800.jpg,1
22801.jpg,8
22802.jpg,0
22803.jpg,4
22804.jpg,6
22805.jpg,4
22806.jpg,8
22807.jpg,0
22808.jpg,0
22809.jpg,0
22810.jpg,4
22811.jpg,3
22812.jpg,4
22813.jpg,8
22814.jpg,1
22815.jpg,3
22816.jpg,9
22817.jpg,0
22818.jpg,0
22819.jpg,2
22820.jpg,0
22821.jpg,3
22822.jpg,9
22823.jpg,3
22824.jpg,6
22825.jpg,5
22826.jpg,4
22827.jpg,9
22828.jpg,1
22829.jpg,5
22830.jpg,8
22831.jpg,6
22832.jpg,5
22833.jpg,5
22834.jpg,8
22835.jpg,9
22836.jpg,0
22837.jpg,3
22838.jpg,7
22839.jpg,5
22840.jpg,9
22841.jpg,1
22842.jpg,7
22843.jpg,4
22844.jpg,7
22845.jpg,7
22846.jpg,4
22847.jpg,2
22848.jpg,7
22849.jpg,1
22850.jpg,6
22851.jpg,5
22852.jpg,6
22853.jpg,3
22854.jpg,0
22855.jpg,8
22856.jpg,1
22857.jpg,8
22858.jpg,4
22859.jpg,4
22860.jpg,2
22861.jpg,8
22862.jpg,4
22863.jpg,9
22864.jpg,7
22865.jpg,1
22866.jpg,8
22867.jpg,8
22868.jpg,8
22869.jpg,7
22870.jpg,3
22871.jpg,2
22872.jpg,3
22873.jpg,9
22874.jpg,6
22875.jpg,1
22876.jpg,8
22877.jpg,2
22878.jpg,9
22879.jpg,6
22880.jpg,8
22881.jpg,1
22882.jpg,3
22883.jpg,0
22884.jpg,5
22885.jpg,6
22886.jpg,3
22887.jpg,6
22888.jpg,7
22889.jpg,7
22890.jpg,5
22891.jpg,8
22892.jpg,2
22893.jpg,1
22894.jpg,1
22895.jpg,9
22896.jpg,4
22897.jpg,6
22898.jpg,4
22899.jpg,7
22900.jpg,7
22901.jpg,7
22902.jpg,9
22903.jpg,1
22904.jpg,3
22905.jpg,8
22906.jpg,6
22907.jpg,8
22908.jpg,5
22909.jpg,7
22910.jpg,0
22911.jpg,0
22912.jpg,5
22913.jpg,5
22914.jpg,1
22915.jpg,0
22916.jpg,0
22917.jpg,1
22918.jpg,8
22919.jpg,1
22920.jpg,1
22921.jpg,4
22922.jpg,0
22923.jpg,1
22924.jpg,2
22925.jpg,7
22926.jpg,8
22927.jpg,1
22928.jpg,6
22929.jpg,1
22930.jpg,6
22931.jpg,5
22932.jpg,8
22933.jpg,6
22934.jpg,6
22935.jpg,8
22936.jpg,0
22937.jpg,5
22938.jpg,8
22939.jpg,6
22940.jpg,2
22941.jpg,7
22942.jpg,7
22943.jpg,3
22944.jpg,0
22945.jpg,2
22946.jpg,1
22947.jpg,5
22948.jpg,9
22949.jpg,1
22950.jpg,9
22951.jpg,8
22952.jpg,3
22953.jpg,3
22954.jpg,8
22955.jpg,9
22956.jpg,3
22957.jpg,9
22958.jpg,2
22959.jpg,4
22960.jpg,0
22961.jpg,7
22962.jpg,5
22963.jpg,1
22964.jpg,1
22965.jpg,3
22966.jpg,3
22967.jpg,0
22968.jpg,4
22969.jpg,3
22970.jpg,9
22971.jpg,3
22972.jpg,9
22973.jpg,3
22974.jpg,5
22975.jpg,4
22976.jpg,9
22977.jpg,1
22978.jpg,2
22979.jpg,9
22980.jpg,7
22981.jpg,1
22982.jpg,1
22983.jpg,7
22984.jpg,7
22985.jpg,7
22986.jpg,9
22987.jpg,5
22988.jpg,3
22989.jpg,4
22990.jpg,2
22991.jpg,0
22992.jpg,2
22993.jpg,0
22994.jpg,7
22995.jpg,7
22996.jpg,6
22997.jpg,4
22998.jpg,7
22999.jpg,1
23000.jpg,9
23001.jpg,3
23002.jpg,1
23003.jpg,9
23004.jpg,8
23005.jpg,4
23006.jpg,1
23007.jpg,2
23008.jpg,0
23009.jpg,7
23010.jpg,1
23011.jpg,0
23012.jpg,4
23013.jpg,3
23014.jpg,7
23015.jpg,8
23016.jpg,0
23017.jpg,9
23018.jpg,6
23019.jpg,3
23020.jpg,8
23021.jpg,4
23022.jpg,7
23023.jpg,4
23024.jpg,9
23025.jpg,4
23026.jpg,7
23027.jpg,8
23028.jpg,0
23029.jpg,6
23030.jpg,0
23031.jpg,0
23032.jpg,1
23033.jpg,2
23034.jpg,9
23035.jpg,2
23036.jpg,2
23037.jpg,1
23038.jpg,4
23039.jpg,7
23040.jpg,1
23041.jpg,8
23042.jpg,2
23043.jpg,0
23044.jpg,1
23045.jpg,5
23046.jpg,6
23047.jpg,2
23048.jpg,5
23049.jpg,6
23050.jpg,5
23051.jpg,0
23052.jpg,1
23053.jpg,3
23054.jpg,8
23055.jpg,0
23056.jpg,1
23057.jpg,5
23058.jpg,7
23059.jpg,2
23060.jpg,0
23061.jpg,3
23062.jpg,3
23063.jpg,9
23064.jpg,3
23065.jpg,1
23066.jpg,6
23067.jpg,5
23068.jpg,0
23069.jpg,0
23070.jpg,9
23071.jpg,2
23072.jpg,8
23073.jpg,5
23074.jpg,9
23075.jpg,2
23076.jpg,6
23077.jpg,6
23078.jpg,9
23079.jpg,8
23080.jpg,6
23081.jpg,2
23082.jpg,3
23083.jpg,7
23084.jpg,0
23085.jpg,3
23086.jpg,0
23087.jpg,5
23088.jpg,1
23089.jpg,3
23090.jpg,0
23091.jpg,3
23092.jpg,7
23093.jpg,3
23094.jpg,3
23095.jpg,8
23096.jpg,9
23097.jpg,5
23098.jpg,1
23099.jpg,1
23100.jpg,5
23101.jpg,6
23102.jpg,4
23103.jpg,5
23104.jpg,5
23105.jpg,7
23106.jpg,0
23107.jpg,2
23108.jpg,1
23109.jpg,8
23110.jpg,0
23111.jpg,5
23112.jpg,5
23113.jpg,7
23114.jpg,2
23115.jpg,8
23116.jpg,8
23117.jpg,6
23118.jpg,1
23119.jpg,7
23120.jpg,6
23121.jpg,5
23122.jpg,1
23123.jpg,6
23124.jpg,7
23125.jpg,9
23126.jpg,7
23127.jpg,6
23128.jpg,9
23129.jpg,1
23130.jpg,2
23131.jpg,8
23132.jpg,7
23133.jpg,9
23134.jpg,4
23135.jpg,7
23136.jpg,7
23137.jpg,6
23138.jpg,9
23139.jpg,8
23140.jpg,6
23141.jpg,2
23142.jpg,5
23143.jpg,6
23144.jpg,1
23145.jpg,4
23146.jpg,7
23147.jpg,7
23148.jpg,9
23149.jpg,1
23150.jpg,5
23151.jpg,5
23152.jpg,1
23153.jpg,6
23154.jpg,2
23155.jpg,9
23156.jpg,1
23157.jpg,8
23158.jpg,1
23159.jpg,5
23160.jpg,9
23161.jpg,5
23162.jpg,6
23163.jpg,2
23164.jpg,4
23165.jpg,0
23166.jpg,1
23167.jpg,3
23168.jpg,6
23169.jpg,8
23170.jpg,3
23171.jpg,7
23172.jpg,9
23173.jpg,5
23174.jpg,0
23175.jpg,8
23176.jpg,6
23177.jpg,2
23178.jpg,7
23179.jpg,2
23180.jpg,6
23181.jpg,0
23182.jpg,7
23183.jpg,4
23184.jpg,6
23185.jpg,7
23186.jpg,4
23187.jpg,5
23188.jpg,6
23189.jpg,3
23190.jpg,5
23191.jpg,1
23192.jpg,7
23193.jpg,7
23194.jpg,0
23195.jpg,2
23196.jpg,4
23197.jpg,8
23198.jpg,7
23199.jpg,9
23200.jpg,7
23201.jpg,3
23202.jpg,3
23203.jpg,5
23204.jpg,3
23205.jpg,3
23206.jpg,0
23207.jpg,1
23208.jpg,9
23209.jpg,6
23210.jpg,4
23211.jpg,9
23212.jpg,4
23213.jpg,6
23214.jpg,9
23215.jpg,4
23216.jpg,6
23217.jpg,1
23218.jpg,1
23219.jpg,7
23220.jpg,6
23221.jpg,3
23222.jpg,3
23223.jpg,0
23224.jpg,7
23225.jpg,0
23226.jpg,2
23227.jpg,8
23228.jpg,2
23229.jpg,0
23230.jpg,0
23231.jpg,4
23232.jpg,2
23233.jpg,8
23234.jpg,1
23235.jpg,3
23236.jpg,5
23237.jpg,7
23238.jpg,0
23239.jpg,1
23240.jpg,1
23241.jpg,8
23242.jpg,1
23243.jpg,2
23244.jpg,1
23245.jpg,5
23246.jpg,5
23247.jpg,3
23248.jpg,0
23249.jpg,5
23250.jpg,2
23251.jpg,5
23252.jpg,5
23253.jpg,3
23254.jpg,3
23255.jpg,9
23256.jpg,5
23257.jpg,5
23258.jpg,8
23259.jpg,3
23260.jpg,0
23261.jpg,6
23262.jpg,1
23263.jpg,9
23264.jpg,1
23265.jpg,9
23266.jpg,8
23267.jpg,7
23268.jpg,7
23269.jpg,4
23270.jpg,2
23271.jpg,7
23272.jpg,7
23273.jpg,2
23274.jpg,8
23275.jpg,2
23276.jpg,7
23277.jpg,1
23278.jpg,2
23279.jpg,4
23280.jpg,7
23281.jpg,3
23282.jpg,4
23283.jpg,5
23284.jpg,7
23285.jpg,5
23286.jpg,2
23287.jpg,3
23288.jpg,5
23289.jpg,0
23290.jpg,2
23291.jpg,6
23292.jpg,4
23293.jpg,8
23294.jpg,9
23295.jpg,7
23296.jpg,1
23297.jpg,3
23298.jpg,9
23299.jpg,7
23300.jpg,2
23301.jpg,1
23302.jpg,3
23303.jpg,4
23304.jpg,7
23305.jpg,8
23306.jpg,6
23307.jpg,4
23308.jpg,9
23309.jpg,4
23310.jpg,4
23311.jpg,1
23312.jpg,0
23313.jpg,3
23314.jpg,2
23315.jpg,8
23316.jpg,5
23317.jpg,1
23318.jpg,2
23319.jpg,4
23320.jpg,9
23321.jpg,2
23322.jpg,8
23323.jpg,1
23324.jpg,0
23325.jpg,8
23326.jpg,0
23327.jpg,1
23328.jpg,3
23329.jpg,3
23330.jpg,3
23331.jpg,6
23332.jpg,1
23333.jpg,7
23334.jpg,0
23335.jpg,6
23336.jpg,7
23337.jpg,9
23338.jpg,8
23339.jpg,7
23340.jpg,2
23341.jpg,2
23342.jpg,9
23343.jpg,9
23344.jpg,6
23345.jpg,5
23346.jpg,9
23347.jpg,7
23348.jpg,0
23349.jpg,3
23350.jpg,8
23351.jpg,7
23352.jpg,5
23353.jpg,7
23354.jpg,6
23355.jpg,8
23356.jpg,5
23357.jpg,0
23358.jpg,9
23359.jpg,5
23360.jpg,5
23361.jpg,5
23362.jpg,2
23363.jpg,4
23364.jpg,9
23365.jpg,6
23366.jpg,1
23367.jpg,6
23368.jpg,0
23369.jpg,8
23370.jpg,9
23371.jpg,3
23372.jpg,7
23373.jpg,7
23374.jpg,1
23375.jpg,5
23376.jpg,7
23377.jpg,7
23378.jpg,7
23379.jpg,9
23380.jpg,9
23381.jpg,9
23382.jpg,0
23383.jpg,6
23384.jpg,9
23385.jpg,4
23386.jpg,8
23387.jpg,5
23388.jpg,8
23389.jpg,6
23390.jpg,6
23391.jpg,4
23392.jpg,5
23393.jpg,3
23394.jpg,7
23395.jpg,4
23396.jpg,3
23397.jpg,2
23398.jpg,2
23399.jpg,9
23400.jpg,0
23401.jpg,0
23402.jpg,1
23403.jpg,6
23404.jpg,8
23405.jpg,5
23406.jpg,8
23407.jpg,9
23408.jpg,2
23409.jpg,7
23410.jpg,6
23411.jpg,5
23412.jpg,4
23413.jpg,2
23414.jpg,6
23415.jpg,2
23416.jpg,4
23417.jpg,1
23418.jpg,2
23419.jpg,0
23420.jpg,0
23421.jpg,9
23422.jpg,1
23423.jpg,7
23424.jpg,2
23425.jpg,8
23426.jpg,8
23427.jpg,4
23428.jpg,4
23429.jpg,9
23430.jpg,7
23431.jpg,2
23432.jpg,6
23433.jpg,2
23434.jpg,0
23435.jpg,2
23436.jpg,0
23437.jpg,2
23438.jpg,2
23439.jpg,3
23440.jpg,6
23441.jpg,6
23442.jpg,7
23443.jpg,3
23444.jpg,1
23445.jpg,7
23446.jpg,3
23447.jpg,2
23448.jpg,2
23449.jpg,8
23450.jpg,7
23451.jpg,4
23452.jpg,6
23453.jpg,4
23454.jpg,9
23455.jpg,6
23456.jpg,5
23457.jpg,0
23458.jpg,3
23459.jpg,0
23460.jpg,8
23461.jpg,5
23462.jpg,1
23463.jpg,3
23464.jpg,4
23465.jpg,2
23466.jpg,4
23467.jpg,0
23468.jpg,1
23469.jpg,4
23470.jpg,1
23471.jpg,3
23472.jpg,4
23473.jpg,0
23474.jpg,9
23475.jpg,9
23476.jpg,8
23477.jpg,2
23478.jpg,2
23479.jpg,6
23480.jpg,0
23481.jpg,8
23482.jpg,7
23483.jpg,0
23484.jpg,6
23485.jpg,2
23486.jpg,2
23487.jpg,2
23488.jpg,1
23489.jpg,0
23490.jpg,0
23491.jpg,9
23492.jpg,2
23493.jpg,7
23494.jpg,7
23495.jpg,6
23496.jpg,6
23497.jpg,0
23498.jpg,4
23499.jpg,5
23500.jpg,6
23501.jpg,8
23502.jpg,3
23503.jpg,9
23504.jpg,8
23505.jpg,1
23506.jpg,2
23507.jpg,0
23508.jpg,1
23509.jpg,1
23510.jpg,4
23511.jpg,6
23512.jpg,9
23513.jpg,4
23514.jpg,7
23515.jpg,6
23516.jpg,7
23517.jpg,5
23518.jpg,3
23519.jpg,8
23520.jpg,9
23521.jpg,7
23522.jpg,0
23523.jpg,1
23524.jpg,2
23525.jpg,7
23526.jpg,1
23527.jpg,5
23528.jpg,5
23529.jpg,9
23530.jpg,3
23531.jpg,9
23532.jpg,5
23533.jpg,3
23534.jpg,1
23535.jpg,8
23536.jpg,4
23537.jpg,6
23538.jpg,9
23539.jpg,7
23540.jpg,7
23541.jpg,3
23542.jpg,2
23543.jpg,1
23544.jpg,1
23545.jpg,8
23546.jpg,8
23547.jpg,7
23548.jpg,5
23549.jpg,0
23550.jpg,6
23551.jpg,5
23552.jpg,3
23553.jpg,8
23554.jpg,6
23555.jpg,1
23556.jpg,2
23557.jpg,2
23558.jpg,1
23559.jpg,2
23560.jpg,3
23561.jpg,0
23562.jpg,8
23563.jpg,1
23564.jpg,2
23565.jpg,8
23566.jpg,7
23567.jpg,2
23568.jpg,4
23569.jpg,7
23570.jpg,0
23571.jpg,1
23572.jpg,8
23573.jpg,6
23574.jpg,8
23575.jpg,0
23576.jpg,8
23577.jpg,9
23578.jpg,0
23579.jpg,5
23580.jpg,9
23581.jpg,3
23582.jpg,8
23583.jpg,0
23584.jpg,3
23585.jpg,2
23586.jpg,9
23587.jpg,8
23588.jpg,9
23589.jpg,6
23590.jpg,3
23591.jpg,8
23592.jpg,5
23593.jpg,3
23594.jpg,0
23595.jpg,3
23596.jpg,6
23597.jpg,7
23598.jpg,5
23599.jpg,9
23600.jpg,6
23601.jpg,3
23602.jpg,3
23603.jpg,6
23604.jpg,5
23605.jpg,7
23606.jpg,8
23607.jpg,6
23608.jpg,1
23609.jpg,9
23610.jpg,5
23611.jpg,6
23612.jpg,3
23613.jpg,0
23614.jpg,8
23615.jpg,1
23616.jpg,8
23617.jpg,6
23618.jpg,5
23619.jpg,6
23620.jpg,8
23621.jpg,2
23622.jpg,7
23623.jpg,8
23624.jpg,5
23625.jpg,9
23626.jpg,2
23627.jpg,0
23628.jpg,7
23629.jpg,0
23630.jpg,3
23631.jpg,7
23632.jpg,7
23633.jpg,8
23634.jpg,6
23635.jpg,6
23636.jpg,4
23637.jpg,2
23638.jpg,7
23639.jpg,2
23640.jpg,2
23641.jpg,8
23642.jpg,9
23643.jpg,2
23644.jpg,5
23645.jpg,7
23646.jpg,4
23647.jpg,1
23648.jpg,2
23649.jpg,0
23650.jpg,0
23651.jpg,5
23652.jpg,4
23653.jpg,3
23654.jpg,4
23655.jpg,2
23656.jpg,0
23657.jpg,9
23658.jpg,5
23659.jpg,2
23660.jpg,0
23661.jpg,3
23662.jpg,9
23663.jpg,4
23664.jpg,4
23665.jpg,9
23666.jpg,8
23667.jpg,1
23668.jpg,0
23669.jpg,9
23670.jpg,9
23671.jpg,2
23672.jpg,8
23673.jpg,5
23674.jpg,8
23675.jpg,2
23676.jpg,5
23677.jpg,2
23678.jpg,3
23679.jpg,5
23680.jpg,5
23681.jpg,4
23682.jpg,2
23683.jpg,6
23684.jpg,8
23685.jpg,5
23686.jpg,3
23687.jpg,6
23688.jpg,3
23689.jpg,5
23690.jpg,9
23691.jpg,4
23692.jpg,6
23693.jpg,8
23694.jpg,8
23695.jpg,8
23696.jpg,7
23697.jpg,1
23698.jpg,2
23699.jpg,9
23700.jpg,3
23701.jpg,1
23702.jpg,8
23703.jpg,7
23704.jpg,9
23705.jpg,9
23706.jpg,7
23707.jpg,0
23708.jpg,4
23709.jpg,7
23710.jpg,0
23711.jpg,9
23712.jpg,0
23713.jpg,1
23714.jpg,0
23715.jpg,4
23716.jpg,0
23717.jpg,9
23718.jpg,7
23719.jpg,6
23720.jpg,8
23721.jpg,5
23722.jpg,1
23723.jpg,6
23724.jpg,9
23725.jpg,3
23726.jpg,4
23727.jpg,2
23728.jpg,8
23729.jpg,8
23730.jpg,9
23731.jpg,8
23732.jpg,7
23733.jpg,3
23734.jpg,6
23735.jpg,2
23736.jpg,6
23737.jpg,7
23738.jpg,8
23739.jpg,9
23740.jpg,1
23741.jpg,7
23742.jpg,1
23743.jpg,8
23744.jpg,8
23745.jpg,9
23746.jpg,4
23747.jpg,0
23748.jpg,3
23749.jpg,7
23750.jpg,3
23751.jpg,0
23752.jpg,2
23753.jpg,6
23754.jpg,6
23755.jpg,1
23756.jpg,6
23757.jpg,2
23758.jpg,5
23759.jpg,2
23760.jpg,4
23761.jpg,2
23762.jpg,4
23763.jpg,1
23764.jpg,4
23765.jpg,5
23766.jpg,1
23767.jpg,9
23768.jpg,1
23769.jpg,4
23770.jpg,2
23771.jpg,9
23772.jpg,4
23773.jpg,5
23774.jpg,1
23775.jpg,7
23776.jpg,6
23777.jpg,2
23778.jpg,4
23779.jpg,9
23780.jpg,9
23781.jpg,5
23782.jpg,9
23783.jpg,6
23784.jpg,1
23785.jpg,4
23786.jpg,2
23787.jpg,4
23788.jpg,8
23789.jpg,7
23790.jpg,7
23791.jpg,9
23792.jpg,5
23793.jpg,3
23794.jpg,2
23795.jpg,9
23796.jpg,6
23797.jpg,6
23798.jpg,9
23799.jpg,7
23800.jpg,0
23801.jpg,0
23802.jpg,6
23803.jpg,4
23804.jpg,6
23805.jpg,5
23806.jpg,6
23807.jpg,9
23808.jpg,8
23809.jpg,9
23810.jpg,8
23811.jpg,3
23812.jpg,2
23813.jpg,3
23814.jpg,2
23815.jpg,4
23816.jpg,8
23817.jpg,0
23818.jpg,7
23819.jpg,2
23820.jpg,2
23821.jpg,1
23822.jpg,3
23823.jpg,1
23824.jpg,3
23825.jpg,6
23826.jpg,3
23827.jpg,9
23828.jpg,4
23829.jpg,5
23830.jpg,3
23831.jpg,2
23832.jpg,4
23833.jpg,0
23834.jpg,4
23835.jpg,0
23836.jpg,8
23837.jpg,2
23838.jpg,6
23839.jpg,1
23840.jpg,5
23841.jpg,0
23842.jpg,5
23843.jpg,1
23844.jpg,6
23845.jpg,1
23846.jpg,4
23847.jpg,6
23848.jpg,2
23849.jpg,1
23850.jpg,0
23851.jpg,8
23852.jpg,1
23853.jpg,2
23854.jpg,8
23855.jpg,4
23856.jpg,2
23857.jpg,3
23858.jpg,1
23859.jpg,8
23860.jpg,0
23861.jpg,0
23862.jpg,3
23863.jpg,4
23864.jpg,0
23865.jpg,5
23866.jpg,6
23867.jpg,9
23868.jpg,8
23869.jpg,9
23870.jpg,9
23871.jpg,4
23872.jpg,5
23873.jpg,3
23874.jpg,8
23875.jpg,4
23876.jpg,0
23877.jpg,1
23878.jpg,6
23879.jpg,2
23880.jpg,0
23881.jpg,9
23882.jpg,4
23883.jpg,8
23884.jpg,1
23885.jpg,5
23886.jpg,8
23887.jpg,4
23888.jpg,7
23889.jpg,9
23890.jpg,6
23891.jpg,2
23892.jpg,7
23893.jpg,8
23894.jpg,0
23895.jpg,1
23896.jpg,4
23897.jpg,1
23898.jpg,2
23899.jpg,1
23900.jpg,7
23901.jpg,2
23902.jpg,0
23903.jpg,4
23904.jpg,9
23905.jpg,4
23906.jpg,9
23907.jpg,3
23908.jpg,1
23909.jpg,4
23910.jpg,9
23911.jpg,5
23912.jpg,8
23913.jpg,3
23914.jpg,3
23915.jpg,0
23916.jpg,6
23917.jpg,9
23918.jpg,3
23919.jpg,9
23920.jpg,6
23921.jpg,6
23922.jpg,1
23923.jpg,8
23924.jpg,1
23925.jpg,3
23926.jpg,5
23927.jpg,4
23928.jpg,3
23929.jpg,8
23930.jpg,5
23931.jpg,3
23932.jpg,6
23933.jpg,4
23934.jpg,2
23935.jpg,7
23936.jpg,2
23937.jpg,0
23938.jpg,6
23939.jpg,6
23940.jpg,1
23941.jpg,3
23942.jpg,7
23943.jpg,4
23944.jpg,1
23945.jpg,4
23946.jpg,4
23947.jpg,7
23948.jpg,5
23949.jpg,6
23950.jpg,7
23951.jpg,0
23952.jpg,1
23953.jpg,3
23954.jpg,8
23955.jpg,2
23956.jpg,6
23957.jpg,3
23958.jpg,8
23959.jpg,4
23960.jpg,5
23961.jpg,7
23962.jpg,9
23963.jpg,9
23964.jpg,0
23965.jpg,6
23966.jpg,0
23967.jpg,8
23968.jpg,1
23969.jpg,9
23970.jpg,2
23971.jpg,3
23972.jpg,4
23973.jpg,1
23974.jpg,7
23975.jpg,7
23976.jpg,3
23977.jpg,7
23978.jpg,4
23979.jpg,0
23980.jpg,5
23981.jpg,8
23982.jpg,8
23983.jpg,5
23984.jpg,4
23985.jpg,2
23986.jpg,3
23987.jpg,4
23988.jpg,6
23989.jpg,2
23990.jpg,5
23991.jpg,3
23992.jpg,8
23993.jpg,4
23994.jpg,1
23995.jpg,4
23996.jpg,1
23997.jpg,1
23998.jpg,5
23999.jpg,1
24000.jpg,4
24001.jpg,5
24002.jpg,7
24003.jpg,6
24004.jpg,5
24005.jpg,1
24006.jpg,1
24007.jpg,1
24008.jpg,9
24009.jpg,6
24010.jpg,8
24011.jpg,8
24012.jpg,2
24013.jpg,2
24014.jpg,3
24015.jpg,5
24016.jpg,9
24017.jpg,2
24018.jpg,3
24019.jpg,4
24020.jpg,9
24021.jpg,2
24022.jpg,4
24023.jpg,0
24024.jpg,6
24025.jpg,0
24026.jpg,5
24027.jpg,6
24028.jpg,8
24029.jpg,2
24030.jpg,3
24031.jpg,3
24032.jpg,3
24033.jpg,5
24034.jpg,5
24035.jpg,1
24036.jpg,4
24037.jpg,8
24038.jpg,4
24039.jpg,6
24040.jpg,1
24041.jpg,4
24042.jpg,6
24043.jpg,6
24044.jpg,7
24045.jpg,8
24046.jpg,8
24047.jpg,3
24048.jpg,1
24049.jpg,8
24050.jpg,7
24051.jpg,4
24052.jpg,0
24053.jpg,9
24054.jpg,8
24055.jpg,1
24056.jpg,0
24057.jpg,7
24058.jpg,8
24059.jpg,9
24060.jpg,4
24061.jpg,1
24062.jpg,2
24063.jpg,2
24064.jpg,3
24065.jpg,6
24066.jpg,7
24067.jpg,1
24068.jpg,1
24069.jpg,0
24070.jpg,3
24071.jpg,9
24072.jpg,9
24073.jpg,4
24074.jpg,1
24075.jpg,4
24076.jpg,5
24077.jpg,9
24078.jpg,2
24079.jpg,0
24080.jpg,0
24081.jpg,7
24082.jpg,4
24083.jpg,9
24084.jpg,6
24085.jpg,2
24086.jpg,7
24087.jpg,4
24088.jpg,2
24089.jpg,3
24090.jpg,4
24091.jpg,3
24092.jpg,1
24093.jpg,5
24094.jpg,2
24095.jpg,7
24096.jpg,1
24097.jpg,9
24098.jpg,6
24099.jpg,9
24100.jpg,9
24101.jpg,1
24102.jpg,7
24103.jpg,5
24104.jpg,4
24105.jpg,4
24106.jpg,2
24107.jpg,3
24108.jpg,3
24109.jpg,7
24110.jpg,1
24111.jpg,4
24112.jpg,9
24113.jpg,4
24114.jpg,2
24115.jpg,3
24116.jpg,0
24117.jpg,1
24118.jpg,3
24119.jpg,5
24120.jpg,2
24121.jpg,5
24122.jpg,3
24123.jpg,8
24124.jpg,0
24125.jpg,3
24126.jpg,7
24127.jpg,2
24128.jpg,0
24129.jpg,1
24130.jpg,7
24131.jpg,6
24132.jpg,8
24133.jpg,6
24134.jpg,4
24135.jpg,2
24136.jpg,0
24137.jpg,0
24138.jpg,0
24139.jpg,6
24140.jpg,5
24141.jpg,8
24142.jpg,4
24143.jpg,7
24144.jpg,7
24145.jpg,1
24146.jpg,2
24147.jpg,4
24148.jpg,3
24149.jpg,8
24150.jpg,7
24151.jpg,4
24152.jpg,4
24153.jpg,0
24154.jpg,2
24155.jpg,3
24156.jpg,2
24157.jpg,2
24158.jpg,8
24159.jpg,5
24160.jpg,5
24161.jpg,3
24162.jpg,6
24163.jpg,6
24164.jpg,4
24165.jpg,1
24166.jpg,8
24167.jpg,1
24168.jpg,1
24169.jpg,0
24170.jpg,9
24171.jpg,3
24172.jpg,2
24173.jpg,9
24174.jpg,2
24175.jpg,2
24176.jpg,8
24177.jpg,9
24178.jpg,6
24179.jpg,9
24180.jpg,2
24181.jpg,4
24182.jpg,1
24183.jpg,8
24184.jpg,5
24185.jpg,5
24186.jpg,4
24187.jpg,3
24188.jpg,6
24189.jpg,9
24190.jpg,0
24191.jpg,7
24192.jpg,2
24193.jpg,0
24194.jpg,0
24195.jpg,2
24196.jpg,7
24197.jpg,9
24198.jpg,9
24199.jpg,2
24200.jpg,6
24201.jpg,1
24202.jpg,7
24203.jpg,0
24204.jpg,1
24205.jpg,9
24206.jpg,2
24207.jpg,8
24208.jpg,8
24209.jpg,1
24210.jpg,0
24211.jpg,8
24212.jpg,6
24213.jpg,0
24214.jpg,7
24215.jpg,7
24216.jpg,0
24217.jpg,9
24218.jpg,7
24219.jpg,7
24220.jpg,9
24221.jpg,5
24222.jpg,7
24223.jpg,5
24224.jpg,9
24225.jpg,3
24226.jpg,4
24227.jpg,5
24228.jpg,2
24229.jpg,2
24230.jpg,3
24231.jpg,6
24232.jpg,3
24233.jpg,7
24234.jpg,3
24235.jpg,4
24236.jpg,6
24237.jpg,3
24238.jpg,1
24239.jpg,3
24240.jpg,1
24241.jpg,6
24242.jpg,7
24243.jpg,4
24244.jpg,4
24245.jpg,8
24246.jpg,5
24247.jpg,1
24248.jpg,2
24249.jpg,1
24250.jpg,9
24251.jpg,4
24252.jpg,2
24253.jpg,3
24254.jpg,7
24255.jpg,4
24256.jpg,4
24257.jpg,6
24258.jpg,4
24259.jpg,5
24260.jpg,8
24261.jpg,7
24262.jpg,4
24263.jpg,4
24264.jpg,3
24265.jpg,9
24266.jpg,2
24267.jpg,6
24268.jpg,0
24269.jpg,3
24270.jpg,2
24271.jpg,9
24272.jpg,7
24273.jpg,5
24274.jpg,6
24275.jpg,0
24276.jpg,5
24277.jpg,8
24278.jpg,9
24279.jpg,9
24280.jpg,2
24281.jpg,8
24282.jpg,3
24283.jpg,4
24284.jpg,4
24285.jpg,2
24286.jpg,8
24287.jpg,8
24288.jpg,1
24289.jpg,3
24290.jpg,7
24291.jpg,6
24292.jpg,8
24293.jpg,6
24294.jpg,2
24295.jpg,9
24296.jpg,2
24297.jpg,3
24298.jpg,5
24299.jpg,2
24300.jpg,1
24301.jpg,7
24302.jpg,1
24303.jpg,4
24304.jpg,2
24305.jpg,4
24306.jpg,8
24307.jpg,0
24308.jpg,2
24309.jpg,0
24310.jpg,4
24311.jpg,1
24312.jpg,0
24313.jpg,3
24314.jpg,2
24315.jpg,3
24316.jpg,4
24317.jpg,2
24318.jpg,8
24319.jpg,7
24320.jpg,5
24321.jpg,3
24322.jpg,5
24323.jpg,9
24324.jpg,4
24325.jpg,0
24326.jpg,9
24327.jpg,2
24328.jpg,8
24329.jpg,0
24330.jpg,3
24331.jpg,5
24332.jpg,9
24333.jpg,7
24334.jpg,0
24335.jpg,0
24336.jpg,1
24337.jpg,5
24338.jpg,9
24339.jpg,1
24340.jpg,3
24341.jpg,0
24342.jpg,6
24343.jpg,0
24344.jpg,3
24345.jpg,6
24346.jpg,5
24347.jpg,0
24348.jpg,8
24349.jpg,7
24350.jpg,0
24351.jpg,1
24352.jpg,6
24353.jpg,2
24354.jpg,8
24355.jpg,5
24356.jpg,7
24357.jpg,9
24358.jpg,1
24359.jpg,4
24360.jpg,2
24361.jpg,9
24362.jpg,4
24363.jpg,7
24364.jpg,2
24365.jpg,0
24366.jpg,5
24367.jpg,1
24368.jpg,3
24369.jpg,8
24370.jpg,7
24371.jpg,2
24372.jpg,7
24373.jpg,3
24374.jpg,7
24375.jpg,7
24376.jpg,1
24377.jpg,4
24378.jpg,1
24379.jpg,1
24380.jpg,3
24381.jpg,1
24382.jpg,4
24383.jpg,2
24384.jpg,1
24385.jpg,4
24386.jpg,3
24387.jpg,9
24388.jpg,4
24389.jpg,8
24390.jpg,0
24391.jpg,5
24392.jpg,6
24393.jpg,0
24394.jpg,7
24395.jpg,6
24396.jpg,4
24397.jpg,4
24398.jpg,7
24399.jpg,2
24400.jpg,7
24401.jpg,9
24402.jpg,8
24403.jpg,7
24404.jpg,2
24405.jpg,5
24406.jpg,9
24407.jpg,0
24408.jpg,5
24409.jpg,1
24410.jpg,4
24411.jpg,6
24412.jpg,4
24413.jpg,0
24414.jpg,6
24415.jpg,4
24416.jpg,7
24417.jpg,1
24418.jpg,4
24419.jpg,3
24420.jpg,9
24421.jpg,2
24422.jpg,3
24423.jpg,2
24424.jpg,9
24425.jpg,1
24426.jpg,2
24427.jpg,8
24428.jpg,6
24429.jpg,4
24430.jpg,7
24431.jpg,7
24432.jpg,5
24433.jpg,9
24434.jpg,0
24435.jpg,2
24436.jpg,9
24437.jpg,5
24438.jpg,8
24439.jpg,2
24440.jpg,4
24441.jpg,0
24442.jpg,8
24443.jpg,6
24444.jpg,6
24445.jpg,1
24446.jpg,7
24447.jpg,4
24448.jpg,1
24449.jpg,7
24450.jpg,0
24451.jpg,1
24452.jpg,7
24453.jpg,5
24454.jpg,3
24455.jpg,1
24456.jpg,0
24457.jpg,6
24458.jpg,9
24459.jpg,2
24460.jpg,0
24461.jpg,1
24462.jpg,9
24463.jpg,2
24464.jpg,8
24465.jpg,5
24466.jpg,3
24467.jpg,9
24468.jpg,0
24469.jpg,4
24470.jpg,1
24471.jpg,9
24472.jpg,2
24473.jpg,2
24474.jpg,4
24475.jpg,9
24476.jpg,6
24477.jpg,5
24478.jpg,2
24479.jpg,0
24480.jpg,6
24481.jpg,1
24482.jpg,0
24483.jpg,8
24484.jpg,4
24485.jpg,3
24486.jpg,0
24487.jpg,0
24488.jpg,0
24489.jpg,7
24490.jpg,4
24491.jpg,3
24492.jpg,4
24493.jpg,7
24494.jpg,3
24495.jpg,5
24496.jpg,2
24497.jpg,8
24498.jpg,1
24499.jpg,0
24500.jpg,2
24501.jpg,1
24502.jpg,1
24503.jpg,7
24504.jpg,5
24505.jpg,6
24506.jpg,9
24507.jpg,1
24508.jpg,6
24509.jpg,0
24510.jpg,9
24511.jpg,3
24512.jpg,1
24513.jpg,6
24514.jpg,6
24515.jpg,9
24516.jpg,4
24517.jpg,7
24518.jpg,1
24519.jpg,1
24520.jpg,0
24521.jpg,4
24522.jpg,5
24523.jpg,9
24524.jpg,1
24525.jpg,9
24526.jpg,3
24527.jpg,3
24528.jpg,0
24529.jpg,8
24530.jpg,5
24531.jpg,7
24532.jpg,4
24533.jpg,5
24534.jpg,0
24535.jpg,4
24536.jpg,3
24537.jpg,7
24538.jpg,1
24539.jpg,8
24540.jpg,7
24541.jpg,9
24542.jpg,8
24543.jpg,3
24544.jpg,6
24545.jpg,9
24546.jpg,1
24547.jpg,6
24548.jpg,0
24549.jpg,1
24550.jpg,0
24551.jpg,8
24552.jpg,9
24553.jpg,6
24554.jpg,3
24555.jpg,4
24556.jpg,7
24557.jpg,4
24558.jpg,3
24559.jpg,2
24560.jpg,4
24561.jpg,7
24562.jpg,9
24563.jpg,9
24564.jpg,9
24565.jpg,8
24566.jpg,4
24567.jpg,0
24568.jpg,3
24569.jpg,2
24570.jpg,5
24571.jpg,9
24572.jpg,9
24573.jpg,4
24574.jpg,3
24575.jpg,3
24576.jpg,4
24577.jpg,7
24578.jpg,3
24579.jpg,5
24580.jpg,3
24581.jpg,8
24582.jpg,7
24583.jpg,2
24584.jpg,4
24585.jpg,0
24586.jpg,9
24587.jpg,8
24588.jpg,2
24589.jpg,7
24590.jpg,3
24591.jpg,0
24592.jpg,0
24593.jpg,1
24594.jpg,0
24595.jpg,2
24596.jpg,7
24597.jpg,0
24598.jpg,1
24599.jpg,9
24600.jpg,4
24601.jpg,2
24602.jpg,2
24603.jpg,7
24604.jpg,6
24605.jpg,3
24606.jpg,8
24607.jpg,4
24608.jpg,6
24609.jpg,9
24610.jpg,9
24611.jpg,7
24612.jpg,4
24613.jpg,8
24614.jpg,7
24615.jpg,0
24616.jpg,9
24617.jpg,9
24618.jpg,4
24619.jpg,2
24620.jpg,2
24621.jpg,6
24622.jpg,6
24623.jpg,3
24624.jpg,8
24625.jpg,6
24626.jpg,9
24627.jpg,5
24628.jpg,6
24629.jpg,6
24630.jpg,7
24631.jpg,6
24632.jpg,5
24633.jpg,7
24634.jpg,4
24635.jpg,4
24636.jpg,7
24637.jpg,8
24638.jpg,6
24639.jpg,6
24640.jpg,2
24641.jpg,7
24642.jpg,8
24643.jpg,1
24644.jpg,4
24645.jpg,4
24646.jpg,2
24647.jpg,3
24648.jpg,8
24649.jpg,4
24650.jpg,5
24651.jpg,3
24652.jpg,0
24653.jpg,7
24654.jpg,0
24655.jpg,2
24656.jpg,4
24657.jpg,5
24658.jpg,2
24659.jpg,1
24660.jpg,6
24661.jpg,9
24662.jpg,1
24663.jpg,5
24664.jpg,4
24665.jpg,8
24666.jpg,0
24667.jpg,4
24668.jpg,1
24669.jpg,5
24670.jpg,4
24671.jpg,7
24672.jpg,2
24673.jpg,5
24674.jpg,3
24675.jpg,2
24676.jpg,1
24677.jpg,5
24678.jpg,6
24679.jpg,6
24680.jpg,7
24681.jpg,5
24682.jpg,5
24683.jpg,9
24684.jpg,8
24685.jpg,3
24686.jpg,7
24687.jpg,9
24688.jpg,2
24689.jpg,0
24690.jpg,4
24691.jpg,5
24692.jpg,7
24693.jpg,8
24694.jpg,6
24695.jpg,9
24696.jpg,5
24697.jpg,2
24698.jpg,0
24699.jpg,4
24700.jpg,5
24701.jpg,6
24702.jpg,3
24703.jpg,3
24704.jpg,4
24705.jpg,9
24706.jpg,3
24707.jpg,5
24708.jpg,0
24709.jpg,3
24710.jpg,8
24711.jpg,8
24712.jpg,0
24713.jpg,1
24714.jpg,8
24715.jpg,2
24716.jpg,1
24717.jpg,1
24718.jpg,8
24719.jpg,6
24720.jpg,2
24721.jpg,1
24722.jpg,1
24723.jpg,9
24724.jpg,5
24725.jpg,7
24726.jpg,4
24727.jpg,0
24728.jpg,8
24729.jpg,8
24730.jpg,3
24731.jpg,9
24732.jpg,0
24733.jpg,7
24734.jpg,5
24735.jpg,3
24736.jpg,8
24737.jpg,4
24738.jpg,7
24739.jpg,2
24740.jpg,1
24741.jpg,7
24742.jpg,7
24743.jpg,9
24744.jpg,4
24745.jpg,7
24746.jpg,6
24747.jpg,4
24748.jpg,5
24749.jpg,6
24750.jpg,5
24751.jpg,3
24752.jpg,2
24753.jpg,8
24754.jpg,0
24755.jpg,6
24756.jpg,2
24757.jpg,7
24758.jpg,7
24759.jpg,5
24760.jpg,5
24761.jpg,2
24762.jpg,5
24763.jpg,5
24764.jpg,1
24765.jpg,9
24766.jpg,8
24767.jpg,8
24768.jpg,2
24769.jpg,2
24770.jpg,2
24771.jpg,7
24772.jpg,6
24773.jpg,4
24774.jpg,2
24775.jpg,7
24776.jpg,1
24777.jpg,4
24778.jpg,0
24779.jpg,3
24780.jpg,7
24781.jpg,4
24782.jpg,0
24783.jpg,9
24784.jpg,9
24785.jpg,2
24786.jpg,4
24787.jpg,4
24788.jpg,7
24789.jpg,4
24790.jpg,8
24791.jpg,5
24792.jpg,5
24793.jpg,2
24794.jpg,3
24795.jpg,1
24796.jpg,0
24797.jpg,5
24798.jpg,4
24799.jpg,7
24800.jpg,3
24801.jpg,7
24802.jpg,5
24803.jpg,9
24804.jpg,8
24805.jpg,1
24806.jpg,0
24807.jpg,0
24808.jpg,7
24809.jpg,9
24810.jpg,4
24811.jpg,2
24812.jpg,2
24813.jpg,9
24814.jpg,2
24815.jpg,4
24816.jpg,4
24817.jpg,3
24818.jpg,7
24819.jpg,2
24820.jpg,3
24821.jpg,8
24822.jpg,7
24823.jpg,8
24824.jpg,6
24825.jpg,9
24826.jpg,8
24827.jpg,4
24828.jpg,6
24829.jpg,2
24830.jpg,6
24831.jpg,8
24832.jpg,8
24833.jpg,6
24834.jpg,2
24835.jpg,2
24836.jpg,1
24837.jpg,7
24838.jpg,6
24839.jpg,2
24840.jpg,2
24841.jpg,5
24842.jpg,2
24843.jpg,2
24844.jpg,1
24845.jpg,6
24846.jpg,8
24847.jpg,9
24848.jpg,0
24849.jpg,1
24850.jpg,5
24851.jpg,1
24852.jpg,4
24853.jpg,4
24854.jpg,8
24855.jpg,1
24856.jpg,0
24857.jpg,4
24858.jpg,4
24859.jpg,1
24860.jpg,2
24861.jpg,3
24862.jpg,7
24863.jpg,7
24864.jpg,6
24865.jpg,7
24866.jpg,8
24867.jpg,0
24868.jpg,9
24869.jpg,4
24870.jpg,8
24871.jpg,1
24872.jpg,8
24873.jpg,6
24874.jpg,1
24875.jpg,5
24876.jpg,8
24877.jpg,0
24878.jpg,1
24879.jpg,4
24880.jpg,9
24881.jpg,5
24882.jpg,4
24883.jpg,8
24884.jpg,6
24885.jpg,9
24886.jpg,4
24887.jpg,2
24888.jpg,4
24889.jpg,6
24890.jpg,1
24891.jpg,8
24892.jpg,9
24893.jpg,4
24894.jpg,6
24895.jpg,9
24896.jpg,5
24897.jpg,7
24898.jpg,0
24899.jpg,2
24900.jpg,1
24901.jpg,8
24902.jpg,9
24903.jpg,2
24904.jpg,1
24905.jpg,4
24906.jpg,6
24907.jpg,4
24908.jpg,5
24909.jpg,0
24910.jpg,7
24911.jpg,4
24912.jpg,1
24913.jpg,9
24914.jpg,4
24915.jpg,2
24916.jpg,6
24917.jpg,9
24918.jpg,2
24919.jpg,3
24920.jpg,3
24921.jpg,4
24922.jpg,8
24923.jpg,4
24924.jpg,3
24925.jpg,4
24926.jpg,2
24927.jpg,1
24928.jpg,7
24929.jpg,5
24930.jpg,2
24931.jpg,5
24932.jpg,5
24933.jpg,4
24934.jpg,8
24935.jpg,4
24936.jpg,3
24937.jpg,4
24938.jpg,3
24939.jpg,7
24940.jpg,6
24941.jpg,3
24942.jpg,3
24943.jpg,4
24944.jpg,7
24945.jpg,0
24946.jpg,2
24947.jpg,7
24948.jpg,0
24949.jpg,0
24950.jpg,6
24951.jpg,6
24952.jpg,5
24953.jpg,9
24954.jpg,9
24955.jpg,7
24956.jpg,4
24957.jpg,4
24958.jpg,0
24959.jpg,6
24960.jpg,5
24961.jpg,5
24962.jpg,3
24963.jpg,5
24964.jpg,1
24965.jpg,5
24966.jpg,1
24967.jpg,1
24968.jpg,3
24969.jpg,8
24970.jpg,9
24971.jpg,8
24972.jpg,3
24973.jpg,6
24974.jpg,4
24975.jpg,5
24976.jpg,7
24977.jpg,7
24978.jpg,1
24979.jpg,8
24980.jpg,7
24981.jpg,6
24982.jpg,8
24983.jpg,7
24984.jpg,6
24985.jpg,9
24986.jpg,3
24987.jpg,5
24988.jpg,2
24989.jpg,7
24990.jpg,9
24991.jpg,8
24992.jpg,5
24993.jpg,3
24994.jpg,6
24995.jpg,1
24996.jpg,4
24997.jpg,4
24998.jpg,9
24999.jpg,6
25000.jpg,0
25001.jpg,6
25002.jpg,7
25003.jpg,0
25004.jpg,4
25005.jpg,9
25006.jpg,5
25007.jpg,8
25008.jpg,0
25009.jpg,4
25010.jpg,3
25011.jpg,8
25012.jpg,4
25013.jpg,7
25014.jpg,1
25015.jpg,8
25016.jpg,3
25017.jpg,5
25018.jpg,4
25019.jpg,5
25020.jpg,7
25021.jpg,4
25022.jpg,8
25023.jpg,6
25024.jpg,4
25025.jpg,8
25026.jpg,6
25027.jpg,9
25028.jpg,6
25029.jpg,5
25030.jpg,0
25031.jpg,9
25032.jpg,5
25033.jpg,9
25034.jpg,2
25035.jpg,6
25036.jpg,4
25037.jpg,7
25038.jpg,6
25039.jpg,6
25040.jpg,6
25041.jpg,6
25042.jpg,1
25043.jpg,8
25044.jpg,0
25045.jpg,7
25046.jpg,8
25047.jpg,7
25048.jpg,6
25049.jpg,8
25050.jpg,6
25051.jpg,1
25052.jpg,6
25053.jpg,3
25054.jpg,2
25055.jpg,7
25056.jpg,9
25057.jpg,3
25058.jpg,7
25059.jpg,1
25060.jpg,6
25061.jpg,1
25062.jpg,9
25063.jpg,6
25064.jpg,6
25065.jpg,2
25066.jpg,9
25067.jpg,7
25068.jpg,2
25069.jpg,1
25070.jpg,7
25071.jpg,6
25072.jpg,7
25073.jpg,7
25074.jpg,5
25075.jpg,6
25076.jpg,6
25077.jpg,0
25078.jpg,6
25079.jpg,7
25080.jpg,3
25081.jpg,7
25082.jpg,9
25083.jpg,3
25084.jpg,6
25085.jpg,9
25086.jpg,0
25087.jpg,0
25088.jpg,2
25089.jpg,5
25090.jpg,9
25091.jpg,2
25092.jpg,8
25093.jpg,6
25094.jpg,2
25095.jpg,4
25096.jpg,9
25097.jpg,0
25098.jpg,7
25099.jpg,7
25100.jpg,1
25101.jpg,9
25102.jpg,0
25103.jpg,5
25104.jpg,9
25105.jpg,4
25106.jpg,3
25107.jpg,6
25108.jpg,3
25109.jpg,2
25110.jpg,6
25111.jpg,8
25112.jpg,4
25113.jpg,0
25114.jpg,1
25115.jpg,0
25116.jpg,6
25117.jpg,7
25118.jpg,2
25119.jpg,9
25120.jpg,7
25121.jpg,2
25122.jpg,3
25123.jpg,9
25124.jpg,2
25125.jpg,2
25126.jpg,4
25127.jpg,3
25128.jpg,8
25129.jpg,3
25130.jpg,5
25131.jpg,4
25132.jpg,7
25133.jpg,5
25134.jpg,2
25135.jpg,8
25136.jpg,7
25137.jpg,0
25138.jpg,3
25139.jpg,2
25140.jpg,4
25141.jpg,9
25142.jpg,9
25143.jpg,4
25144.jpg,2
25145.jpg,3
25146.jpg,2
25147.jpg,0
25148.jpg,7
25149.jpg,0
25150.jpg,9
25151.jpg,1
25152.jpg,4
25153.jpg,0
25154.jpg,3
25155.jpg,4
25156.jpg,3
25157.jpg,7
25158.jpg,4
25159.jpg,9
25160.jpg,2
25161.jpg,8
25162.jpg,1
25163.jpg,6
25164.jpg,8
25165.jpg,6
25166.jpg,5
25167.jpg,7
25168.jpg,4
25169.jpg,3
25170.jpg,4
25171.jpg,9
25172.jpg,1
25173.jpg,2
25174.jpg,8
25175.jpg,3
25176.jpg,2
25177.jpg,5
25178.jpg,4
25179.jpg,6
25180.jpg,9
25181.jpg,3
25182.jpg,2
25183.jpg,1
25184.jpg,2
25185.jpg,6
25186.jpg,5
25187.jpg,9
25188.jpg,9
25189.jpg,2
25190.jpg,9
25191.jpg,0
25192.jpg,6
25193.jpg,6
25194.jpg,7
25195.jpg,1
25196.jpg,4
25197.jpg,9
25198.jpg,8
25199.jpg,4
25200.jpg,2
25201.jpg,4
25202.jpg,3
25203.jpg,4
25204.jpg,9
25205.jpg,1
25206.jpg,8
25207.jpg,5
25208.jpg,7
25209.jpg,9
25210.jpg,3
25211.jpg,6
25212.jpg,2
25213.jpg,5
25214.jpg,2
25215.jpg,9
25216.jpg,7
25217.jpg,3
25218.jpg,6
25219.jpg,5
25220.jpg,6
25221.jpg,9
25222.jpg,7
25223.jpg,8
25224.jpg,3
25225.jpg,0
25226.jpg,3
25227.jpg,6
25228.jpg,3
25229.jpg,5
25230.jpg,2
25231.jpg,6
25232.jpg,6
25233.jpg,5
25234.jpg,3
25235.jpg,7
25236.jpg,0
25237.jpg,8
25238.jpg,4
25239.jpg,8
25240.jpg,0
25241.jpg,8
25242.jpg,5
25243.jpg,4
25244.jpg,9
25245.jpg,7
25246.jpg,3
25247.jpg,3
25248.jpg,1
25249.jpg,9
25250.jpg,8
25251.jpg,3
25252.jpg,9
25253.jpg,4
25254.jpg,4
25255.jpg,0
25256.jpg,4
25257.jpg,5
25258.jpg,0
25259.jpg,4
25260.jpg,8
25261.jpg,1
25262.jpg,2
25263.jpg,9
25264.jpg,9
25265.jpg,3
25266.jpg,3
25267.jpg,4
25268.jpg,8
25269.jpg,3
25270.jpg,7
25271.jpg,7
25272.jpg,6
25273.jpg,1
25274.jpg,9
25275.jpg,1
25276.jpg,8
25277.jpg,2
25278.jpg,3
25279.jpg,3
25280.jpg,9
25281.jpg,1
25282.jpg,7
25283.jpg,7
25284.jpg,3
25285.jpg,2
25286.jpg,1
25287.jpg,9
25288.jpg,0
25289.jpg,2
25290.jpg,7
25291.jpg,6
25292.jpg,7
25293.jpg,5
25294.jpg,6
25295.jpg,1
25296.jpg,7
25297.jpg,2
25298.jpg,3
25299.jpg,1
25300.jpg,3
25301.jpg,5
25302.jpg,9
25303.jpg,2
25304.jpg,0
25305.jpg,3
25306.jpg,1
25307.jpg,4
25308.jpg,1
25309.jpg,0
25310.jpg,2
25311.jpg,3
25312.jpg,5
25313.jpg,3
25314.jpg,2
25315.jpg,1
25316.jpg,6
25317.jpg,7
25318.jpg,0
25319.jpg,5
25320.jpg,5
25321.jpg,3
25322.jpg,8
25323.jpg,8
25324.jpg,7
25325.jpg,7
25326.jpg,2
25327.jpg,7
25328.jpg,8
25329.jpg,8
25330.jpg,9
25331.jpg,9
25332.jpg,7
25333.jpg,0
25334.jpg,8
25335.jpg,3
25336.jpg,5
25337.jpg,9
25338.jpg,6
25339.jpg,4
25340.jpg,5
25341.jpg,3
25342.jpg,4
25343.jpg,6
25344.jpg,7
25345.jpg,3
25346.jpg,8
25347.jpg,5
25348.jpg,4
25349.jpg,6
25350.jpg,9
25351.jpg,6
25352.jpg,0
25353.jpg,0
25354.jpg,5
25355.jpg,7
25356.jpg,2
25357.jpg,1
25358.jpg,7
25359.jpg,7
25360.jpg,6
25361.jpg,3
25362.jpg,5
25363.jpg,1
25364.jpg,7
25365.jpg,5
25366.jpg,7
25367.jpg,8
25368.jpg,9
25369.jpg,2
25370.jpg,5
25371.jpg,5
25372.jpg,3
25373.jpg,9
25374.jpg,8
25375.jpg,9
25376.jpg,2
25377.jpg,4
25378.jpg,5
25379.jpg,0
25380.jpg,2
25381.jpg,1
25382.jpg,9
25383.jpg,3
25384.jpg,9
25385.jpg,6
25386.jpg,1
25387.jpg,6
25388.jpg,3
25389.jpg,1
25390.jpg,6
25391.jpg,7
25392.jpg,3
25393.jpg,5
25394.jpg,1
25395.jpg,4
25396.jpg,0
25397.jpg,3
25398.jpg,2
25399.jpg,4
25400.jpg,7
25401.jpg,9
25402.jpg,6
25403.jpg,5
25404.jpg,2
25405.jpg,8
25406.jpg,4
25407.jpg,8
25408.jpg,5
25409.jpg,4
25410.jpg,6
25411.jpg,3
25412.jpg,3
25413.jpg,7
25414.jpg,0
25415.jpg,4
25416.jpg,8
25417.jpg,3
25418.jpg,8
25419.jpg,2
25420.jpg,9
25421.jpg,3
25422.jpg,8
25423.jpg,1
25424.jpg,6
25425.jpg,1
25426.jpg,4
25427.jpg,7
25428.jpg,4
25429.jpg,8
25430.jpg,2
25431.jpg,5
25432.jpg,5
25433.jpg,7
25434.jpg,4
25435.jpg,0
25436.jpg,0
25437.jpg,1
25438.jpg,8
25439.jpg,0
25440.jpg,6
25441.jpg,4
25442.jpg,6
25443.jpg,2
25444.jpg,3
25445.jpg,6
25446.jpg,4
25447.jpg,1
25448.jpg,3
25449.jpg,5
25450.jpg,5
25451.jpg,1
25452.jpg,0
25453.jpg,3
25454.jpg,4
25455.jpg,8
25456.jpg,1
25457.jpg,6
25458.jpg,6
25459.jpg,7
25460.jpg,1
25461.jpg,1
25462.jpg,1
25463.jpg,9
25464.jpg,2
25465.jpg,0
25466.jpg,0
25467.jpg,3
25468.jpg,2
25469.jpg,1
25470.jpg,3
25471.jpg,3
25472.jpg,7
25473.jpg,0
25474.jpg,6
25475.jpg,5
25476.jpg,5
25477.jpg,2
25478.jpg,6
25479.jpg,6
25480.jpg,9
25481.jpg,7
25482.jpg,4
25483.jpg,0
25484.jpg,6
25485.jpg,5
25486.jpg,1
25487.jpg,4
25488.jpg,5
25489.jpg,6
25490.jpg,8
25491.jpg,8
25492.jpg,6
25493.jpg,3
25494.jpg,0
25495.jpg,9
25496.jpg,1
25497.jpg,6
25498.jpg,6
25499.jpg,5
25500.jpg,0
25501.jpg,9
25502.jpg,0
25503.jpg,4
25504.jpg,8
25505.jpg,2
25506.jpg,1
25507.jpg,9
25508.jpg,4
25509.jpg,0
25510.jpg,5
25511.jpg,7
25512.jpg,1
25513.jpg,6
25514.jpg,7
25515.jpg,4
25516.jpg,0
25517.jpg,6
25518.jpg,1
25519.jpg,4
25520.jpg,8
25521.jpg,7
25522.jpg,2
25523.jpg,3
25524.jpg,1
25525.jpg,4
25526.jpg,4
25527.jpg,5
25528.jpg,1
25529.jpg,2
25530.jpg,4
25531.jpg,6
25532.jpg,4
25533.jpg,4
25534.jpg,6
25535.jpg,1
25536.jpg,6
25537.jpg,4
25538.jpg,4
25539.jpg,7
25540.jpg,9
25541.jpg,0
25542.jpg,0
25543.jpg,7
25544.jpg,5
25545.jpg,3
25546.jpg,0
25547.jpg,7
25548.jpg,0
25549.jpg,5
25550.jpg,7
25551.jpg,7
25552.jpg,6
25553.jpg,8
25554.jpg,0
25555.jpg,3
25556.jpg,5
25557.jpg,1
25558.jpg,1
25559.jpg,1
25560.jpg,2
25561.jpg,9
25562.jpg,3
25563.jpg,2
25564.jpg,7
25565.jpg,2
25566.jpg,9
25567.jpg,7
25568.jpg,2
25569.jpg,6
25570.jpg,9
25571.jpg,0
25572.jpg,0
25573.jpg,8
25574.jpg,1
25575.jpg,5
25576.jpg,2
25577.jpg,1
25578.jpg,4
25579.jpg,7
25580.jpg,0
25581.jpg,0
25582.jpg,4
25583.jpg,1
25584.jpg,2
25585.jpg,2
25586.jpg,9
25587.jpg,4
25588.jpg,9
25589.jpg,2
25590.jpg,0
25591.jpg,5
25592.jpg,6
25593.jpg,2
25594.jpg,0
25595.jpg,3
25596.jpg,4
25597.jpg,9
25598.jpg,2
25599.jpg,7
25600.jpg,6
25601.jpg,1
25602.jpg,5
25603.jpg,3
25604.jpg,7
25605.jpg,8
25606.jpg,5
25607.jpg,8
25608.jpg,6
25609.jpg,1
25610.jpg,1
25611.jpg,2
25612.jpg,6
25613.jpg,7
25614.jpg,3
25615.jpg,8
25616.jpg,9
25617.jpg,8
25618.jpg,8
25619.jpg,8
25620.jpg,0
25621.jpg,2
25622.jpg,0
25623.jpg,0
25624.jpg,4
25625.jpg,4
25626.jpg,7
25627.jpg,4
25628.jpg,0
25629.jpg,8
25630.jpg,8
25631.jpg,6
25632.jpg,1
25633.jpg,1
25634.jpg,6
25635.jpg,8
25636.jpg,0
25637.jpg,9
25638.jpg,2
25639.jpg,2
25640.jpg,3
25641.jpg,3
25642.jpg,3
25643.jpg,4
25644.jpg,7
25645.jpg,4
25646.jpg,1
25647.jpg,7
25648.jpg,8
25649.jpg,2
25650.jpg,6
25651.jpg,6
25652.jpg,9
25653.jpg,5
25654.jpg,2
25655.jpg,1
25656.jpg,4
25657.jpg,6
25658.jpg,2
25659.jpg,3
25660.jpg,4
25661.jpg,0
25662.jpg,1
25663.jpg,4
25664.jpg,6
25665.jpg,1
25666.jpg,4
25667.jpg,4
25668.jpg,4
25669.jpg,1
25670.jpg,1
25671.jpg,8
25672.jpg,5
25673.jpg,2
25674.jpg,4
25675.jpg,6
25676.jpg,8
25677.jpg,0
25678.jpg,0
25679.jpg,7
25680.jpg,9
25681.jpg,8
25682.jpg,3
25683.jpg,4
25684.jpg,4
25685.jpg,5
25686.jpg,5
25687.jpg,9
25688.jpg,8
25689.jpg,0
25690.jpg,9
25691.jpg,7
25692.jpg,1
25693.jpg,9
25694.jpg,9
25695.jpg,2
25696.jpg,2
25697.jpg,2
25698.jpg,8
25699.jpg,8
25700.jpg,2
25701.jpg,5
25702.jpg,1
25703.jpg,4
25704.jpg,1
25705.jpg,2
25706.jpg,3
25707.jpg,0
25708.jpg,5
25709.jpg,5
25710.jpg,1
25711.jpg,1
25712.jpg,7
25713.jpg,5
25714.jpg,3
25715.jpg,4
25716.jpg,8
25717.jpg,2
25718.jpg,4
25719.jpg,6
25720.jpg,7
25721.jpg,8
25722.jpg,6
25723.jpg,4
25724.jpg,5
25725.jpg,9
25726.jpg,6
25727.jpg,8
25728.jpg,5
25729.jpg,9
25730.jpg,4
25731.jpg,2
25732.jpg,7
25733.jpg,5
25734.jpg,4
25735.jpg,0
25736.jpg,5
25737.jpg,4
25738.jpg,1
25739.jpg,3
25740.jpg,1
25741.jpg,3
25742.jpg,1
25743.jpg,8
25744.jpg,4
25745.jpg,8
25746.jpg,8
25747.jpg,5
25748.jpg,1
25749.jpg,1
25750.jpg,9
25751.jpg,2
25752.jpg,9
25753.jpg,3
25754.jpg,2
25755.jpg,0
25756.jpg,1
25757.jpg,8
25758.jpg,9
25759.jpg,8
25760.jpg,4
25761.jpg,5
25762.jpg,6
25763.jpg,9
25764.jpg,5
25765.jpg,2
25766.jpg,3
25767.jpg,0
25768.jpg,8
25769.jpg,7
25770.jpg,1
25771.jpg,6
25772.jpg,7
25773.jpg,4
25774.jpg,5
25775.jpg,5
25776.jpg,1
25777.jpg,4
25778.jpg,3
25779.jpg,1
25780.jpg,8
25781.jpg,4
25782.jpg,9
25783.jpg,1
25784.jpg,9
25785.jpg,9
25786.jpg,5
25787.jpg,6
25788.jpg,2
25789.jpg,2
25790.jpg,4
25791.jpg,7
25792.jpg,1
25793.jpg,3
25794.jpg,3
25795.jpg,8
25796.jpg,7
25797.jpg,1
25798.jpg,5
25799.jpg,3
25800.jpg,6
25801.jpg,1
25802.jpg,4
25803.jpg,8
25804.jpg,6
25805.jpg,6
25806.jpg,7
25807.jpg,3
25808.jpg,5
25809.jpg,1
25810.jpg,6
25811.jpg,8
25812.jpg,6
25813.jpg,2
25814.jpg,1
25815.jpg,5
25816.jpg,6
25817.jpg,9
25818.jpg,3
25819.jpg,3
25820.jpg,2
25821.jpg,9
25822.jpg,7
25823.jpg,6
25824.jpg,7
25825.jpg,9
25826.jpg,3
25827.jpg,0
25828.jpg,2
25829.jpg,3
25830.jpg,6
25831.jpg,0
25832.jpg,1
25833.jpg,6
25834.jpg,3
25835.jpg,8
25836.jpg,3
25837.jpg,2
25838.jpg,9
25839.jpg,0
25840.jpg,6
25841.jpg,9
25842.jpg,7
25843.jpg,8
25844.jpg,3
25845.jpg,5
25846.jpg,6
25847.jpg,2
25848.jpg,0
25849.jpg,5
25850.jpg,7
25851.jpg,0
25852.jpg,2
25853.jpg,7
25854.jpg,3
25855.jpg,1
25856.jpg,3
25857.jpg,9
25858.jpg,3
25859.jpg,7
25860.jpg,3
25861.jpg,5
25862.jpg,5
25863.jpg,0
25864.jpg,4
25865.jpg,8
25866.jpg,0
25867.jpg,1
25868.jpg,1
25869.jpg,2
25870.jpg,0
25871.jpg,0
25872.jpg,3
25873.jpg,3
25874.jpg,9
25875.jpg,6
25876.jpg,3
25877.jpg,3
25878.jpg,7
25879.jpg,6
25880.jpg,8
25881.jpg,7
25882.jpg,3
25883.jpg,1
25884.jpg,0
25885.jpg,1
25886.jpg,0
25887.jpg,0
25888.jpg,2
25889.jpg,7
25890.jpg,2
25891.jpg,1
25892.jpg,8
25893.jpg,0
25894.jpg,5
25895.jpg,2
25896.jpg,2
25897.jpg,1
25898.jpg,5
25899.jpg,2
25900.jpg,0
25901.jpg,9
25902.jpg,6
25903.jpg,1
25904.jpg,6
25905.jpg,1
25906.jpg,1
25907.jpg,2
25908.jpg,5
25909.jpg,4
25910.jpg,2
25911.jpg,8
25912.jpg,3
25913.jpg,2
25914.jpg,8
25915.jpg,5
25916.jpg,7
25917.jpg,4
25918.jpg,4
25919.jpg,4
25920.jpg,8
25921.jpg,9
25922.jpg,2
25923.jpg,0
25924.jpg,9
25925.jpg,4
25926.jpg,2
25927.jpg,8
25928.jpg,8
25929.jpg,2
25930.jpg,9
25931.jpg,0
25932.jpg,7
25933.jpg,7
25934.jpg,1
25935.jpg,8
25936.jpg,9
25937.jpg,3
25938.jpg,4
25939.jpg,5
25940.jpg,2
25941.jpg,3
25942.jpg,7
25943.jpg,5
25944.jpg,2
25945.jpg,6
25946.jpg,0
25947.jpg,4
25948.jpg,8
25949.jpg,0
25950.jpg,1
25951.jpg,8
25952.jpg,5
25953.jpg,3
25954.jpg,3
25955.jpg,8
25956.jpg,7
25957.jpg,3
25958.jpg,4
25959.jpg,0
25960.jpg,6
25961.jpg,1
25962.jpg,6
25963.jpg,4
25964.jpg,8
25965.jpg,9
25966.jpg,1
25967.jpg,3
25968.jpg,5
25969.jpg,7
25970.jpg,7
25971.jpg,6
25972.jpg,2
25973.jpg,5
25974.jpg,3
25975.jpg,2
25976.jpg,9
25977.jpg,2
25978.jpg,9
25979.jpg,7
25980.jpg,5
25981.jpg,2
25982.jpg,2
25983.jpg,6
25984.jpg,1
25985.jpg,5
25986.jpg,6
25987.jpg,5
25988.jpg,1
25989.jpg,5
25990.jpg,4
25991.jpg,6
25992.jpg,0
25993.jpg,9
25994.jpg,6
25995.jpg,2
25996.jpg,3
25997.jpg,7
25998.jpg,7
25999.jpg,7
26000.jpg,7
26001.jpg,9
26002.jpg,0
26003.jpg,6
26004.jpg,0
26005.jpg,7
26006.jpg,1
26007.jpg,4
26008.jpg,6
26009.jpg,5
26010.jpg,0
26011.jpg,0
26012.jpg,1
26013.jpg,3
26014.jpg,3
26015.jpg,0
26016.jpg,9
26017.jpg,1
26018.jpg,3
26019.jpg,1
26020.jpg,4
26021.jpg,7
26022.jpg,7
26023.jpg,1
26024.jpg,4
26025.jpg,7
26026.jpg,7
26027.jpg,8
26028.jpg,2
26029.jpg,1
26030.jpg,2
26031.jpg,7
26032.jpg,7
26033.jpg,4
26034.jpg,2
26035.jpg,3
26036.jpg,1
26037.jpg,1
26038.jpg,4
26039.jpg,7
26040.jpg,7
26041.jpg,2
26042.jpg,8
26043.jpg,5
26044.jpg,8
26045.jpg,2
26046.jpg,9
26047.jpg,5
26048.jpg,0
26049.jpg,8
26050.jpg,2
26051.jpg,9
26052.jpg,7
26053.jpg,2
26054.jpg,9
26055.jpg,9
26056.jpg,0
26057.jpg,2
26058.jpg,4
26059.jpg,6
26060.jpg,0
26061.jpg,9
26062.jpg,6
26063.jpg,1
26064.jpg,6
26065.jpg,0
26066.jpg,1
26067.jpg,6
26068.jpg,4
26069.jpg,6
26070.jpg,3
26071.jpg,8
26072.jpg,8
26073.jpg,4
26074.jpg,7
26075.jpg,0
26076.jpg,8
26077.jpg,1
26078.jpg,9
26079.jpg,5
26080.jpg,2
26081.jpg,5
26082.jpg,1
26083.jpg,1
26084.jpg,8
26085.jpg,4
26086.jpg,8
26087.jpg,1
26088.jpg,7
26089.jpg,1
26090.jpg,8
26091.jpg,7
26092.jpg,9
26093.jpg,2
26094.jpg,9
26095.jpg,7
26096.jpg,7
26097.jpg,6
26098.jpg,5
26099.jpg,2
26100.jpg,0
26101.jpg,4
26102.jpg,2
26103.jpg,0
26104.jpg,7
26105.jpg,4
26106.jpg,6
26107.jpg,9
26108.jpg,8
26109.jpg,7
26110.jpg,5
26111.jpg,2
26112.jpg,4
26113.jpg,0
26114.jpg,7
26115.jpg,0
26116.jpg,0
26117.jpg,9
26118.jpg,8
26119.jpg,3
26120.jpg,3
26121.jpg,8
26122.jpg,7
26123.jpg,2
26124.jpg,6
26125.jpg,8
26126.jpg,4
26127.jpg,8
26128.jpg,1
26129.jpg,6
26130.jpg,3
26131.jpg,3
26132.jpg,8
26133.jpg,1
26134.jpg,5
26135.jpg,4
26136.jpg,4
26137.jpg,0
26138.jpg,7
26139.jpg,4
26140.jpg,8
26141.jpg,8
26142.jpg,9
26143.jpg,9
26144.jpg,7
26145.jpg,7
26146.jpg,0
26147.jpg,8
26148.jpg,0
26149.jpg,7
26150.jpg,5
26151.jpg,4
26152.jpg,9
26153.jpg,6
26154.jpg,3
26155.jpg,4
26156.jpg,8
26157.jpg,3
26158.jpg,1
26159.jpg,8
26160.jpg,0
26161.jpg,8
26162.jpg,7
26163.jpg,9
26164.jpg,3
26165.jpg,2
26166.jpg,5
26167.jpg,8
26168.jpg,5
26169.jpg,0
26170.jpg,9
26171.jpg,7
26172.jpg,1
26173.jpg,4
26174.jpg,9
26175.jpg,7
26176.jpg,2
26177.jpg,6
26178.jpg,8
26179.jpg,4
26180.jpg,1
26181.jpg,4
26182.jpg,0
26183.jpg,7
26184.jpg,7
26185.jpg,5
26186.jpg,0
26187.jpg,7
26188.jpg,5
26189.jpg,1
26190.jpg,3
26191.jpg,0
26192.jpg,7
26193.jpg,8
26194.jpg,4
26195.jpg,4
26196.jpg,0
26197.jpg,1
26198.jpg,7
26199.jpg,5
26200.jpg,4
26201.jpg,6
26202.jpg,2
26203.jpg,9
26204.jpg,5
26205.jpg,9
26206.jpg,8
26207.jpg,2
26208.jpg,2
26209.jpg,3
26210.jpg,5
26211.jpg,1
26212.jpg,5
26213.jpg,0
26214.jpg,0
26215.jpg,2
26216.jpg,4
26217.jpg,8
26218.jpg,6
26219.jpg,0
26220.jpg,4
26221.jpg,2
26222.jpg,4
26223.jpg,1
26224.jpg,7
26225.jpg,0
26226.jpg,9
26227.jpg,7
26228.jpg,3
26229.jpg,7
26230.jpg,0
26231.jpg,3
26232.jpg,2
26233.jpg,1
26234.jpg,9
26235.jpg,0
26236.jpg,5
26237.jpg,9
26238.jpg,0
26239.jpg,8
26240.jpg,4
26241.jpg,4
26242.jpg,6
26243.jpg,3
26244.jpg,4
26245.jpg,0
26246.jpg,8
26247.jpg,5
26248.jpg,1
26249.jpg,2
26250.jpg,1
26251.jpg,7
26252.jpg,1
26253.jpg,0
26254.jpg,4
26255.jpg,9
26256.jpg,1
26257.jpg,8
26258.jpg,1
26259.jpg,8
26260.jpg,7
26261.jpg,1
26262.jpg,9
26263.jpg,4
26264.jpg,4
26265.jpg,7
26266.jpg,2
26267.jpg,9
26268.jpg,1
26269.jpg,5
26270.jpg,5
26271.jpg,3
26272.jpg,1
26273.jpg,3
26274.jpg,2
26275.jpg,1
26276.jpg,1
26277.jpg,5
26278.jpg,1
26279.jpg,2
26280.jpg,5
26281.jpg,8
26282.jpg,5
26283.jpg,6
26284.jpg,3
26285.jpg,6
26286.jpg,1
26287.jpg,6
26288.jpg,2
26289.jpg,3
26290.jpg,2
26291.jpg,5
26292.jpg,0
26293.jpg,9
26294.jpg,4
26295.jpg,3
26296.jpg,3
26297.jpg,0
26298.jpg,7
26299.jpg,1
26300.jpg,7
26301.jpg,3
26302.jpg,9
26303.jpg,2
26304.jpg,8
26305.jpg,0
26306.jpg,2
26307.jpg,9
26308.jpg,3
26309.jpg,1
26310.jpg,1
26311.jpg,5
26312.jpg,2
26313.jpg,0
26314.jpg,2
26315.jpg,8
26316.jpg,0
26317.jpg,9
26318.jpg,2
26319.jpg,2
26320.jpg,1
26321.jpg,5
26322.jpg,3
26323.jpg,4
26324.jpg,7
26325.jpg,1
26326.jpg,2
26327.jpg,2
26328.jpg,4
26329.jpg,9
26330.jpg,8
26331.jpg,1
26332.jpg,1
26333.jpg,6
26334.jpg,7
26335.jpg,3
26336.jpg,8
26337.jpg,6
26338.jpg,1
26339.jpg,3
26340.jpg,8
26341.jpg,3
26342.jpg,8
26343.jpg,9
26344.jpg,7
26345.jpg,3
26346.jpg,0
26347.jpg,9
26348.jpg,7
26349.jpg,2
26350.jpg,7
26351.jpg,5
26352.jpg,2
26353.jpg,6
26354.jpg,9
26355.jpg,7
26356.jpg,4
26357.jpg,2
26358.jpg,5
26359.jpg,9
26360.jpg,3
26361.jpg,5
26362.jpg,9
26363.jpg,3
26364.jpg,3
26365.jpg,1
26366.jpg,3
26367.jpg,6
26368.jpg,1
26369.jpg,9
26370.jpg,0
26371.jpg,0
26372.jpg,2
26373.jpg,9
26374.jpg,5
26375.jpg,0
26376.jpg,7
26377.jpg,5
26378.jpg,9
26379.jpg,2
26380.jpg,0
26381.jpg,8
26382.jpg,9
26383.jpg,4
26384.jpg,4
26385.jpg,1
26386.jpg,6
26387.jpg,6
26388.jpg,8
26389.jpg,6
26390.jpg,6
26391.jpg,0
26392.jpg,0
26393.jpg,6
26394.jpg,9
26395.jpg,8
26396.jpg,9
26397.jpg,0
26398.jpg,6
26399.jpg,7
26400.jpg,1
26401.jpg,3
26402.jpg,2
26403.jpg,5
26404.jpg,6
26405.jpg,3
26406.jpg,2
26407.jpg,9
26408.jpg,5
26409.jpg,6
26410.jpg,1
26411.jpg,3
26412.jpg,1
26413.jpg,9
26414.jpg,8
26415.jpg,2
26416.jpg,2
26417.jpg,7
26418.jpg,3
26419.jpg,5
26420.jpg,0
26421.jpg,3
26422.jpg,8
26423.jpg,0
26424.jpg,6
26425.jpg,8
26426.jpg,4
26427.jpg,3
26428.jpg,1
26429.jpg,6
26430.jpg,8
26431.jpg,5
26432.jpg,3
26433.jpg,4
26434.jpg,4
26435.jpg,8
26436.jpg,5
26437.jpg,1
26438.jpg,3
26439.jpg,2
26440.jpg,6
26441.jpg,2
26442.jpg,6
26443.jpg,8
26444.jpg,5
26445.jpg,4
26446.jpg,2
26447.jpg,9
26448.jpg,0
26449.jpg,3
26450.jpg,0
26451.jpg,6
26452.jpg,3
26453.jpg,5
26454.jpg,9
26455.jpg,6
26456.jpg,0
26457.jpg,8
26458.jpg,9
26459.jpg,5
26460.jpg,0
26461.jpg,4
26462.jpg,2
26463.jpg,4
26464.jpg,7
26465.jpg,4
26466.jpg,8
26467.jpg,7
26468.jpg,7
26469.jpg,5
26470.jpg,5
26471.jpg,1
26472.jpg,2
26473.jpg,8
26474.jpg,1
26475.jpg,6
26476.jpg,8
26477.jpg,7
26478.jpg,6
26479.jpg,8
26480.jpg,9
26481.jpg,4
26482.jpg,9
26483.jpg,8
26484.jpg,7
26485.jpg,4
26486.jpg,4
26487.jpg,0
26488.jpg,9
26489.jpg,6
26490.jpg,1
26491.jpg,9
26492.jpg,4
26493.jpg,6
26494.jpg,5
26495.jpg,3
26496.jpg,5
26497.jpg,0
26498.jpg,2
26499.jpg,6
26500.jpg,6
26501.jpg,0
26502.jpg,3
26503.jpg,4
26504.jpg,7
26505.jpg,4
26506.jpg,7
26507.jpg,6
26508.jpg,6
26509.jpg,8
26510.jpg,5
26511.jpg,0
26512.jpg,8
26513.jpg,0
26514.jpg,4
26515.jpg,4
26516.jpg,7
26517.jpg,9
26518.jpg,4
26519.jpg,9
26520.jpg,8
26521.jpg,0
26522.jpg,3
26523.jpg,9
26524.jpg,5
26525.jpg,4
26526.jpg,3
26527.jpg,4
26528.jpg,3
26529.jpg,0
26530.jpg,2
26531.jpg,0
26532.jpg,8
26533.jpg,9
26534.jpg,5
26535.jpg,9
26536.jpg,3
26537.jpg,7
26538.jpg,3
26539.jpg,6
26540.jpg,5
26541.jpg,0
26542.jpg,4
26543.jpg,1
26544.jpg,5
26545.jpg,6
26546.jpg,6
26547.jpg,3
26548.jpg,0
26549.jpg,1
26550.jpg,7
26551.jpg,9
26552.jpg,0
26553.jpg,0
26554.jpg,0
26555.jpg,1
26556.jpg,5
26557.jpg,7
26558.jpg,8
26559.jpg,0
26560.jpg,5
26561.jpg,3
26562.jpg,6
26563.jpg,1
26564.jpg,0
26565.jpg,7
26566.jpg,5
26567.jpg,0
26568.jpg,9
26569.jpg,2
26570.jpg,2
26571.jpg,2
26572.jpg,8
26573.jpg,3
26574.jpg,6
26575.jpg,1
26576.jpg,1
26577.jpg,1
26578.jpg,5
26579.jpg,0
26580.jpg,5
26581.jpg,2
26582.jpg,7
26583.jpg,3
26584.jpg,6
26585.jpg,6
26586.jpg,3
26587.jpg,4
26588.jpg,1
26589.jpg,7
26590.jpg,6
26591.jpg,9
26592.jpg,9
26593.jpg,2
26594.jpg,1
26595.jpg,9
26596.jpg,0
26597.jpg,8
26598.jpg,1
26599.jpg,9
26600.jpg,7
26601.jpg,9
26602.jpg,9
26603.jpg,6
26604.jpg,3
26605.jpg,4
26606.jpg,6
26607.jpg,8
26608.jpg,8
26609.jpg,2
26610.jpg,5
26611.jpg,6
26612.jpg,9
26613.jpg,1
26614.jpg,9
26615.jpg,4
26616.jpg,2
26617.jpg,9
26618.jpg,7
26619.jpg,3
26620.jpg,8
26621.jpg,6
26622.jpg,2
26623.jpg,5
26624.jpg,0
26625.jpg,0
26626.jpg,5
26627.jpg,3
26628.jpg,3
26629.jpg,1
26630.jpg,8
26631.jpg,9
26632.jpg,0
26633.jpg,7
26634.jpg,0
26635.jpg,3
26636.jpg,4
26637.jpg,0
26638.jpg,1
26639.jpg,6
26640.jpg,4
26641.jpg,9
26642.jpg,9
26643.jpg,5
26644.jpg,2
26645.jpg,7
26646.jpg,3
26647.jpg,0
26648.jpg,4
26649.jpg,8
26650.jpg,8
26651.jpg,8
26652.jpg,7
26653.jpg,5
26654.jpg,7
26655.jpg,9
26656.jpg,3
26657.jpg,8
26658.jpg,5
26659.jpg,4
26660.jpg,2
26661.jpg,3
26662.jpg,2
26663.jpg,6
26664.jpg,9
26665.jpg,7
26666.jpg,7
26667.jpg,7
26668.jpg,6
26669.jpg,4
26670.jpg,6
26671.jpg,2
26672.jpg,4
26673.jpg,1
26674.jpg,4
26675.jpg,6
26676.jpg,8
26677.jpg,0
26678.jpg,2
26679.jpg,1
26680.jpg,3
26681.jpg,9
26682.jpg,1
26683.jpg,2
26684.jpg,9
26685.jpg,6
26686.jpg,0
26687.jpg,6
26688.jpg,9
26689.jpg,4
26690.jpg,2
26691.jpg,2
26692.jpg,8
26693.jpg,2
26694.jpg,2
26695.jpg,2
26696.jpg,6
26697.jpg,8
26698.jpg,5
26699.jpg,9
26700.jpg,8
26701.jpg,5
26702.jpg,4
26703.jpg,3
26704.jpg,0
26705.jpg,3
26706.jpg,7
26707.jpg,9
26708.jpg,9
26709.jpg,4
26710.jpg,1
26711.jpg,1
26712.jpg,2
26713.jpg,6
26714.jpg,3
26715.jpg,2
26716.jpg,8
26717.jpg,9
26718.jpg,9
26719.jpg,7
26720.jpg,9
26721.jpg,0
26722.jpg,3
26723.jpg,1
26724.jpg,8
26725.jpg,9
26726.jpg,1
26727.jpg,8
26728.jpg,9
26729.jpg,8
26730.jpg,8
26731.jpg,3
26732.jpg,2
26733.jpg,0
26734.jpg,0
26735.jpg,9
26736.jpg,1
26737.jpg,9
26738.jpg,8
26739.jpg,2
26740.jpg,3
26741.jpg,5
26742.jpg,2
26743.jpg,2
26744.jpg,9
26745.jpg,1
26746.jpg,3
26747.jpg,2
26748.jpg,5
26749.jpg,4
26750.jpg,7
26751.jpg,3
26752.jpg,0
26753.jpg,1
26754.jpg,3
26755.jpg,1
26756.jpg,6
26757.jpg,2
26758.jpg,3
26759.jpg,3
26760.jpg,6
26761.jpg,2
26762.jpg,6
26763.jpg,0
26764.jpg,7
26765.jpg,1
26766.jpg,1
26767.jpg,5
26768.jpg,6
26769.jpg,9
26770.jpg,1
26771.jpg,5
26772.jpg,4
26773.jpg,9
26774.jpg,1
26775.jpg,8
26776.jpg,0
26777.jpg,1
26778.jpg,6
26779.jpg,8
26780.jpg,3
26781.jpg,5
26782.jpg,6
26783.jpg,2
26784.jpg,6
26785.jpg,0
26786.jpg,2
26787.jpg,3
26788.jpg,7
26789.jpg,6
26790.jpg,2
26791.jpg,3
26792.jpg,8
26793.jpg,0
26794.jpg,6
26795.jpg,5
26796.jpg,3
26797.jpg,5
26798.jpg,5
26799.jpg,5
26800.jpg,1
26801.jpg,0
26802.jpg,4
26803.jpg,9
26804.jpg,2
26805.jpg,3
26806.jpg,4
26807.jpg,2
26808.jpg,3
26809.jpg,9
26810.jpg,1
26811.jpg,7
26812.jpg,5
26813.jpg,1
26814.jpg,3
26815.jpg,7
26816.jpg,8
26817.jpg,3
26818.jpg,9
26819.jpg,2
26820.jpg,8
26821.jpg,9
26822.jpg,6
26823.jpg,5
26824.jpg,7
26825.jpg,0
26826.jpg,7
26827.jpg,3
26828.jpg,7
26829.jpg,1
26830.jpg,8
26831.jpg,0
26832.jpg,8
26833.jpg,2
26834.jpg,1
26835.jpg,5
26836.jpg,0
26837.jpg,3
26838.jpg,0
26839.jpg,7
26840.jpg,0
26841.jpg,6
26842.jpg,4
26843.jpg,7
26844.jpg,6
26845.jpg,4
26846.jpg,8
26847.jpg,8
26848.jpg,1
26849.jpg,9
26850.jpg,1
26851.jpg,3
26852.jpg,5
26853.jpg,1
26854.jpg,7
26855.jpg,1
26856.jpg,8
26857.jpg,4
26858.jpg,4
26859.jpg,5
26860.jpg,8
26861.jpg,8
26862.jpg,6
26863.jpg,6
26864.jpg,3
26865.jpg,4
26866.jpg,0
26867.jpg,2
26868.jpg,7
26869.jpg,3
26870.jpg,7
26871.jpg,3
26872.jpg,3
26873.jpg,5
26874.jpg,6
26875.jpg,2
26876.jpg,7
26877.jpg,7
26878.jpg,4
26879.jpg,7
26880.jpg,4
26881.jpg,7
26882.jpg,1
26883.jpg,6
26884.jpg,9
26885.jpg,9
26886.jpg,5
26887.jpg,6
26888.jpg,4
26889.jpg,4
26890.jpg,4
26891.jpg,4
26892.jpg,0
26893.jpg,4
26894.jpg,0
26895.jpg,2
26896.jpg,5
26897.jpg,4
26898.jpg,8
26899.jpg,5
26900.jpg,2
26901.jpg,9
26902.jpg,8
26903.jpg,0
26904.jpg,3
26905.jpg,4
26906.jpg,2
26907.jpg,3
26908.jpg,4
26909.jpg,9
26910.jpg,9
26911.jpg,9
26912.jpg,0
26913.jpg,6
26914.jpg,7
26915.jpg,6
26916.jpg,6
26917.jpg,9
26918.jpg,0
26919.jpg,2
26920.jpg,0
26921.jpg,7
26922.jpg,4
26923.jpg,9
26924.jpg,4
26925.jpg,1
26926.jpg,4
26927.jpg,6
26928.jpg,3
26929.jpg,1
26930.jpg,8
26931.jpg,5
26932.jpg,3
26933.jpg,5
26934.jpg,5
26935.jpg,5
26936.jpg,4
26937.jpg,1
26938.jpg,1
26939.jpg,0
26940.jpg,6
26941.jpg,7
26942.jpg,8
26943.jpg,9
26944.jpg,7
26945.jpg,6
26946.jpg,3
26947.jpg,1
26948.jpg,4
26949.jpg,5
26950.jpg,3
26951.jpg,4
26952.jpg,0
26953.jpg,1
26954.jpg,0
26955.jpg,5
26956.jpg,1
26957.jpg,5
26958.jpg,1
26959.jpg,4
26960.jpg,6
26961.jpg,4
26962.jpg,1
26963.jpg,0
26964.jpg,1
26965.jpg,0
26966.jpg,9
26967.jpg,4
26968.jpg,4
26969.jpg,5
26970.jpg,6
26971.jpg,3
26972.jpg,7
26973.jpg,9
26974.jpg,2
26975.jpg,9
26976.jpg,5
26977.jpg,9
26978.jpg,8
26979.jpg,5
26980.jpg,2
26981.jpg,1
26982.jpg,6
26983.jpg,3
26984.jpg,9
26985.jpg,1
26986.jpg,1
26987.jpg,3
26988.jpg,8
26989.jpg,1
26990.jpg,1
26991.jpg,8
26992.jpg,1
26993.jpg,9
26994.jpg,4
26995.jpg,7
26996.jpg,7
26997.jpg,1
26998.jpg,6
26999.jpg,9
27000.jpg,6
27001.jpg,7
27002.jpg,1
27003.jpg,3
27004.jpg,8
27005.jpg,7
27006.jpg,5
27007.jpg,8
27008.jpg,1
27009.jpg,5
27010.jpg,8
27011.jpg,0
27012.jpg,8
27013.jpg,8
27014.jpg,1
27015.jpg,0
27016.jpg,2
27017.jpg,1
27018.jpg,3
27019.jpg,6
27020.jpg,8
27021.jpg,9
27022.jpg,8
27023.jpg,7
27024.jpg,3
27025.jpg,6
27026.jpg,0
27027.jpg,5
27028.jpg,8
27029.jpg,6
27030.jpg,1
27031.jpg,1
27032.jpg,1
27033.jpg,4
27034.jpg,8
27035.jpg,6
27036.jpg,3
27037.jpg,7
27038.jpg,4
27039.jpg,4
27040.jpg,7
27041.jpg,3
27042.jpg,9
27043.jpg,2
27044.jpg,4
27045.jpg,4
27046.jpg,3
27047.jpg,3
27048.jpg,8
27049.jpg,4
27050.jpg,7
27051.jpg,3
27052.jpg,9
27053.jpg,3
27054.jpg,0
27055.jpg,5
27056.jpg,0
27057.jpg,2
27058.jpg,3
27059.jpg,7
27060.jpg,6
27061.jpg,9
27062.jpg,3
27063.jpg,8
27064.jpg,2
27065.jpg,5
27066.jpg,8
27067.jpg,3
27068.jpg,9
27069.jpg,7
27070.jpg,2
27071.jpg,0
27072.jpg,6
27073.jpg,8
27074.jpg,3
27075.jpg,6
27076.jpg,0
27077.jpg,4
27078.jpg,4
27079.jpg,5
27080.jpg,0
27081.jpg,7
27082.jpg,0
27083.jpg,4
27084.jpg,0
27085.jpg,2
27086.jpg,2
27087.jpg,6
27088.jpg,0
27089.jpg,2
27090.jpg,9
27091.jpg,1
27092.jpg,2
27093.jpg,0
27094.jpg,5
27095.jpg,7
27096.jpg,3
27097.jpg,9
27098.jpg,3
27099.jpg,9
27100.jpg,0
27101.jpg,0
27102.jpg,5
27103.jpg,0
27104.jpg,3
27105.jpg,6
27106.jpg,1
27107.jpg,0
27108.jpg,9
27109.jpg,9
27110.jpg,7
27111.jpg,1
27112.jpg,1
27113.jpg,7
27114.jpg,2
27115.jpg,0
27116.jpg,8
27117.jpg,2
27118.jpg,6
27119.jpg,7
27120.jpg,8
27121.jpg,5
27122.jpg,2
27123.jpg,4
27124.jpg,3
27125.jpg,8
27126.jpg,1
27127.jpg,2
27128.jpg,1
27129.jpg,7
27130.jpg,8
27131.jpg,4
27132.jpg,6
27133.jpg,0
27134.jpg,2
27135.jpg,1
27136.jpg,1
27137.jpg,3
27138.jpg,2
27139.jpg,9
27140.jpg,0
27141.jpg,5
27142.jpg,9
27143.jpg,6
27144.jpg,3
27145.jpg,4
27146.jpg,4
27147.jpg,4
27148.jpg,5
27149.jpg,8
27150.jpg,4
27151.jpg,6
27152.jpg,5
27153.jpg,6
27154.jpg,0
27155.jpg,3
27156.jpg,0
27157.jpg,7
27158.jpg,9
27159.jpg,7
27160.jpg,7
27161.jpg,4
27162.jpg,8
27163.jpg,9
27164.jpg,3
27165.jpg,5
27166.jpg,0
27167.jpg,8
27168.jpg,8
27169.jpg,1
27170.jpg,8
27171.jpg,9
27172.jpg,6
27173.jpg,6
27174.jpg,0
27175.jpg,5
27176.jpg,9
27177.jpg,7
27178.jpg,0
27179.jpg,4
27180.jpg,8
27181.jpg,7
27182.jpg,7
27183.jpg,0
27184.jpg,3
27185.jpg,2
27186.jpg,5
27187.jpg,9
27188.jpg,2
27189.jpg,5
27190.jpg,5
27191.jpg,6
27192.jpg,9
27193.jpg,4
27194.jpg,2
27195.jpg,3
27196.jpg,0
27197.jpg,4
27198.jpg,7
27199.jpg,4
27200.jpg,0
27201.jpg,9
27202.jpg,7
27203.jpg,0
27204.jpg,6
27205.jpg,1
27206.jpg,2
27207.jpg,2
27208.jpg,6
27209.jpg,1
27210.jpg,8
27211.jpg,4
27212.jpg,2
27213.jpg,9
27214.jpg,3
27215.jpg,9
27216.jpg,9
27217.jpg,2
27218.jpg,9
27219.jpg,1
27220.jpg,8
27221.jpg,0
27222.jpg,0
27223.jpg,1
27224.jpg,0
27225.jpg,8
27226.jpg,0
27227.jpg,2
27228.jpg,9
27229.jpg,9
27230.jpg,7
27231.jpg,6
27232.jpg,0
27233.jpg,0
27234.jpg,6
27235.jpg,6
27236.jpg,5
27237.jpg,0
27238.jpg,6
27239.jpg,2
27240.jpg,9
27241.jpg,9
27242.jpg,7
27243.jpg,3
27244.jpg,1
27245.jpg,6
27246.jpg,8
27247.jpg,0
27248.jpg,6
27249.jpg,2
27250.jpg,8
27251.jpg,3
27252.jpg,8
27253.jpg,0
27254.jpg,7
27255.jpg,1
27256.jpg,7
27257.jpg,0
27258.jpg,9
27259.jpg,5
27260.jpg,4
27261.jpg,9
27262.jpg,2
27263.jpg,9
27264.jpg,9
27265.jpg,5
27266.jpg,4
27267.jpg,2
27268.jpg,1
27269.jpg,1
27270.jpg,9
27271.jpg,8
27272.jpg,6
27273.jpg,2
27274.jpg,1
27275.jpg,1
27276.jpg,9
27277.jpg,8
27278.jpg,5
27279.jpg,1
27280.jpg,9
27281.jpg,8
27282.jpg,6
27283.jpg,6
27284.jpg,1
27285.jpg,6
27286.jpg,4
27287.jpg,6
27288.jpg,4
27289.jpg,9
27290.jpg,8
27291.jpg,2
27292.jpg,3
27293.jpg,5
27294.jpg,1
27295.jpg,6
27296.jpg,9
27297.jpg,5
27298.jpg,7
27299.jpg,4
27300.jpg,3
27301.jpg,6
27302.jpg,2
27303.jpg,0
27304.jpg,2
27305.jpg,5
27306.jpg,5
27307.jpg,4
27308.jpg,2
27309.jpg,1
27310.jpg,6
27311.jpg,0
27312.jpg,1
27313.jpg,9
27314.jpg,7
27315.jpg,5
27316.jpg,0
27317.jpg,6
27318.jpg,8
27319.jpg,1
27320.jpg,2
27321.jpg,3
27322.jpg,3
27323.jpg,4
27324.jpg,7
27325.jpg,2
27326.jpg,6
27327.jpg,8
27328.jpg,0
27329.jpg,2
27330.jpg,8
27331.jpg,1
27332.jpg,5
27333.jpg,3
27334.jpg,1
27335.jpg,8
27336.jpg,9
27337.jpg,3
27338.jpg,4
27339.jpg,2
27340.jpg,3
27341.jpg,9
27342.jpg,6
27343.jpg,5
27344.jpg,2
27345.jpg,8
27346.jpg,5
27347.jpg,2
27348.jpg,8
27349.jpg,0
27350.jpg,4
27351.jpg,6
27352.jpg,0
27353.jpg,0
27354.jpg,5
27355.jpg,0
27356.jpg,9
27357.jpg,0
27358.jpg,5
27359.jpg,9
27360.jpg,8
27361.jpg,1
27362.jpg,2
27363.jpg,2
27364.jpg,7
27365.jpg,3
27366.jpg,1
27367.jpg,9
27368.jpg,5
27369.jpg,3
27370.jpg,6
27371.jpg,9
27372.jpg,6
27373.jpg,2
27374.jpg,7
27375.jpg,5
27376.jpg,5
27377.jpg,7
27378.jpg,7
27379.jpg,2
27380.jpg,2
27381.jpg,3
27382.jpg,2
27383.jpg,0
27384.jpg,1
27385.jpg,3
27386.jpg,8
27387.jpg,0
27388.jpg,5
27389.jpg,6
27390.jpg,8
27391.jpg,3
27392.jpg,5
27393.jpg,9
27394.jpg,8
27395.jpg,0
27396.jpg,0
27397.jpg,1
27398.jpg,7
27399.jpg,5
27400.jpg,5
27401.jpg,3
27402.jpg,4
27403.jpg,2
27404.jpg,9
27405.jpg,8
27406.jpg,9
27407.jpg,2
27408.jpg,7
27409.jpg,1
27410.jpg,3
27411.jpg,7
27412.jpg,4
27413.jpg,3
27414.jpg,3
27415.jpg,2
27416.jpg,8
27417.jpg,6
27418.jpg,8
27419.jpg,2
27420.jpg,4
27421.jpg,2
27422.jpg,0
27423.jpg,8
27424.jpg,6
27425.jpg,5
27426.jpg,6
27427.jpg,6
27428.jpg,9
27429.jpg,9
27430.jpg,3
27431.jpg,5
27432.jpg,0
27433.jpg,9
27434.jpg,9
27435.jpg,9
27436.jpg,7
27437.jpg,4
27438.jpg,0
27439.jpg,7
27440.jpg,3
27441.jpg,3
27442.jpg,8
27443.jpg,7
27444.jpg,8
27445.jpg,5
27446.jpg,3
27447.jpg,9
27448.jpg,6
27449.jpg,3
27450.jpg,4
27451.jpg,3
27452.jpg,9
27453.jpg,0
27454.jpg,1
27455.jpg,3
27456.jpg,0
27457.jpg,1
27458.jpg,0
27459.jpg,8
27460.jpg,1
27461.jpg,1
27462.jpg,7
27463.jpg,7
27464.jpg,7
27465.jpg,0
27466.jpg,9
27467.jpg,7
27468.jpg,9
27469.jpg,7
27470.jpg,9
27471.jpg,1
27472.jpg,7
27473.jpg,7
27474.jpg,1
27475.jpg,1
27476.jpg,6
27477.jpg,7
27478.jpg,3
27479.jpg,1
27480.jpg,6
27481.jpg,2
27482.jpg,8
27483.jpg,4
27484.jpg,6
27485.jpg,0
27486.jpg,0
27487.jpg,2
27488.jpg,0
27489.jpg,7
27490.jpg,0
27491.jpg,6
27492.jpg,1
27493.jpg,5
27494.jpg,7
27495.jpg,5
27496.jpg,3
27497.jpg,3
27498.jpg,4
27499.jpg,7
27500.jpg,4
27501.jpg,5
27502.jpg,7
27503.jpg,7
27504.jpg,2
27505.jpg,3
27506.jpg,2
27507.jpg,4
27508.jpg,5
27509.jpg,0
27510.jpg,4
27511.jpg,0
27512.jpg,2
27513.jpg,4
27514.jpg,0
27515.jpg,1
27516.jpg,8
27517.jpg,0
27518.jpg,5
27519.jpg,8
27520.jpg,0
27521.jpg,7
27522.jpg,2
27523.jpg,6
27524.jpg,7
27525.jpg,0
27526.jpg,9
27527.jpg,5
27528.jpg,5
27529.jpg,3
27530.jpg,3
27531.jpg,8
27532.jpg,7
27533.jpg,8
27534.jpg,1
27535.jpg,9
27536.jpg,6
27537.jpg,7
27538.jpg,2
27539.jpg,1
27540.jpg,3
27541.jpg,3
27542.jpg,7
27543.jpg,3
27544.jpg,9
27545.jpg,3
27546.jpg,4
27547.jpg,5
27548.jpg,1
27549.jpg,7
27550.jpg,4
27551.jpg,9
27552.jpg,4
27553.jpg,1
27554.jpg,6
27555.jpg,6
27556.jpg,4
27557.jpg,3
27558.jpg,1
27559.jpg,2
27560.jpg,8
27561.jpg,2
27562.jpg,6
27563.jpg,7
27564.jpg,7
27565.jpg,3
27566.jpg,6
27567.jpg,3
27568.jpg,0
27569.jpg,7
27570.jpg,4
27571.jpg,2
27572.jpg,3
27573.jpg,0
27574.jpg,6
27575.jpg,7
27576.jpg,4
27577.jpg,6
27578.jpg,3
27579.jpg,9
27580.jpg,1
27581.jpg,7
27582.jpg,2
27583.jpg,6
27584.jpg,4
27585.jpg,4
27586.jpg,1
27587.jpg,7
27588.jpg,8
27589.jpg,7
27590.jpg,9
27591.jpg,5
27592.jpg,8
27593.jpg,1
27594.jpg,4
27595.jpg,5
27596.jpg,6
27597.jpg,6
27598.jpg,2
27599.jpg,5
27600.jpg,9
27601.jpg,8
27602.jpg,6
27603.jpg,6
27604.jpg,6
27605.jpg,7
27606.jpg,1
27607.jpg,9
27608.jpg,4
27609.jpg,1
27610.jpg,8
27611.jpg,5
27612.jpg,5
27613.jpg,4
27614.jpg,3
27615.jpg,3
27616.jpg,7
27617.jpg,8
27618.jpg,7
27619.jpg,5
27620.jpg,0
27621.jpg,1
27622.jpg,7
27623.jpg,4
27624.jpg,8
27625.jpg,8
27626.jpg,1
27627.jpg,7
27628.jpg,8
27629.jpg,9
27630.jpg,8
27631.jpg,3
27632.jpg,4
27633.jpg,0
27634.jpg,4
27635.jpg,4
27636.jpg,7
27637.jpg,8
27638.jpg,5
27639.jpg,9
27640.jpg,7
27641.jpg,3
27642.jpg,5
27643.jpg,7
27644.jpg,3
27645.jpg,5
27646.jpg,3
27647.jpg,1
27648.jpg,7
27649.jpg,7
27650.jpg,3
27651.jpg,2
27652.jpg,7
27653.jpg,8
27654.jpg,8
27655.jpg,3
27656.jpg,5
27657.jpg,2
27658.jpg,3
27659.jpg,5
27660.jpg,3
27661.jpg,3
27662.jpg,1
27663.jpg,6
27664.jpg,3
27665.jpg,5
27666.jpg,1
27667.jpg,4
27668.jpg,7
27669.jpg,2
27670.jpg,5
27671.jpg,4
27672.jpg,3
27673.jpg,1
27674.jpg,4
27675.jpg,6
27676.jpg,6
27677.jpg,0
27678.jpg,7
27679.jpg,9
27680.jpg,6
27681.jpg,4
27682.jpg,2
27683.jpg,8
27684.jpg,6
27685.jpg,8
27686.jpg,4
27687.jpg,9
27688.jpg,6
27689.jpg,2
27690.jpg,2
27691.jpg,6
27692.jpg,0
27693.jpg,2
27694.jpg,1
27695.jpg,2
27696.jpg,8
27697.jpg,6
27698.jpg,3
27699.jpg,3
27700.jpg,1
27701.jpg,1
27702.jpg,2
27703.jpg,9
27704.jpg,9
27705.jpg,8
27706.jpg,9
27707.jpg,4
27708.jpg,5
27709.jpg,9
27710.jpg,5
27711.jpg,5
27712.jpg,2
27713.jpg,4
27714.jpg,7
27715.jpg,6
27716.jpg,9
27717.jpg,0
27718.jpg,1
27719.jpg,4
27720.jpg,7
27721.jpg,5
27722.jpg,1
27723.jpg,6
27724.jpg,6
27725.jpg,4
27726.jpg,1
27727.jpg,4
27728.jpg,4
27729.jpg,8
27730.jpg,8
27731.jpg,9
27732.jpg,1
27733.jpg,5
27734.jpg,1
27735.jpg,2
27736.jpg,8
27737.jpg,7
27738.jpg,6
27739.jpg,2
27740.jpg,5
27741.jpg,2
27742.jpg,6
27743.jpg,0
27744.jpg,6
27745.jpg,2
27746.jpg,1
27747.jpg,9
27748.jpg,6
27749.jpg,2
27750.jpg,1
27751.jpg,6
27752.jpg,1
27753.jpg,8
27754.jpg,7
27755.jpg,1
27756.jpg,5
27757.jpg,2
27758.jpg,8
27759.jpg,6
27760.jpg,1
27761.jpg,2
27762.jpg,0
27763.jpg,0
27764.jpg,0
27765.jpg,9
27766.jpg,6
27767.jpg,2
27768.jpg,3
27769.jpg,2
27770.jpg,4
27771.jpg,1
27772.jpg,1
27773.jpg,5
27774.jpg,2
27775.jpg,7
27776.jpg,6
27777.jpg,4
27778.jpg,5
27779.jpg,2
27780.jpg,5
27781.jpg,1
27782.jpg,7
27783.jpg,8
27784.jpg,9
27785.jpg,3
27786.jpg,2
27787.jpg,4
27788.jpg,6
27789.jpg,8
27790.jpg,6
27791.jpg,4
27792.jpg,0
27793.jpg,6
27794.jpg,5
27795.jpg,5
27796.jpg,6
27797.jpg,5
27798.jpg,9
27799.jpg,8
27800.jpg,4
27801.jpg,4
27802.jpg,1
27803.jpg,3
27804.jpg,7
27805.jpg,7
27806.jpg,8
27807.jpg,7
27808.jpg,2
27809.jpg,5
27810.jpg,6
27811.jpg,5
27812.jpg,7
27813.jpg,8
27814.jpg,3
27815.jpg,1
27816.jpg,9
27817.jpg,2
27818.jpg,2
27819.jpg,4
27820.jpg,8
27821.jpg,3
27822.jpg,7
27823.jpg,4
27824.jpg,8
27825.jpg,5
27826.jpg,2
27827.jpg,9
27828.jpg,3
27829.jpg,0
27830.jpg,5
27831.jpg,3
27832.jpg,2
27833.jpg,5
27834.jpg,2
27835.jpg,3
27836.jpg,3
27837.jpg,7
27838.jpg,0
27839.jpg,4
27840.jpg,7
27841.jpg,3
27842.jpg,0
27843.jpg,1
27844.jpg,2
27845.jpg,4
27846.jpg,9
27847.jpg,6
27848.jpg,7
27849.jpg,9
27850.jpg,2
27851.jpg,2
27852.jpg,4
27853.jpg,8
27854.jpg,8
27855.jpg,5
27856.jpg,1
27857.jpg,6
27858.jpg,6
27859.jpg,2
27860.jpg,1
27861.jpg,1
27862.jpg,0
27863.jpg,3
27864.jpg,3
27865.jpg,0
27866.jpg,0
27867.jpg,1
27868.jpg,5
27869.jpg,9
27870.jpg,4
27871.jpg,5
27872.jpg,7
27873.jpg,6
27874.jpg,8
27875.jpg,9
27876.jpg,7
27877.jpg,4
27878.jpg,4
27879.jpg,3
27880.jpg,5
27881.jpg,8
27882.jpg,5
27883.jpg,2
27884.jpg,0
27885.jpg,9
27886.jpg,7
27887.jpg,2
27888.jpg,9
27889.jpg,5
27890.jpg,8
27891.jpg,8
27892.jpg,2
27893.jpg,1
27894.jpg,8
27895.jpg,9
27896.jpg,9
27897.jpg,3
27898.jpg,5
27899.jpg,8
27900.jpg,2
27901.jpg,1
27902.jpg,2
27903.jpg,9
27904.jpg,3
27905.jpg,9
27906.jpg,9
27907.jpg,9
27908.jpg,6
27909.jpg,3
27910.jpg,7
27911.jpg,7
27912.jpg,3
27913.jpg,7
27914.jpg,4
27915.jpg,2
27916.jpg,5
27917.jpg,0
27918.jpg,9
27919.jpg,3
27920.jpg,3
27921.jpg,5
27922.jpg,8
27923.jpg,8
27924.jpg,1
27925.jpg,6
27926.jpg,3
27927.jpg,9
27928.jpg,9
27929.jpg,7
27930.jpg,3
27931.jpg,5
27932.jpg,0
27933.jpg,8
27934.jpg,5
27935.jpg,8
27936.jpg,6
27937.jpg,4
27938.jpg,6
27939.jpg,3
27940.jpg,6
27941.jpg,9
27942.jpg,7
27943.jpg,7
27944.jpg,7
27945.jpg,9
27946.jpg,7
27947.jpg,0
27948.jpg,0
27949.jpg,2
27950.jpg,1
27951.jpg,7
27952.jpg,6
27953.jpg,4
27954.jpg,2
27955.jpg,2
27956.jpg,7
27957.jpg,6
27958.jpg,4
27959.jpg,0
27960.jpg,6
27961.jpg,9
27962.jpg,8
27963.jpg,0
27964.jpg,1
27965.jpg,0
27966.jpg,6
27967.jpg,4
27968.jpg,9
27969.jpg,0
27970.jpg,1
27971.jpg,5
27972.jpg,2
27973.jpg,9
27974.jpg,9
27975.jpg,9
27976.jpg,0
27977.jpg,9
27978.jpg,3
27979.jpg,7
27980.jpg,2
27981.jpg,2
27982.jpg,9
27983.jpg,0
27984.jpg,1
27985.jpg,7
27986.jpg,1
27987.jpg,9
27988.jpg,6
27989.jpg,7
27990.jpg,9
27991.jpg,9
27992.jpg,4
27993.jpg,7
27994.jpg,0
27995.jpg,1
27996.jpg,6
27997.jpg,7
27998.jpg,0
27999.jpg,6
28000.jpg,9
28001.jpg,5
28002.jpg,6
28003.jpg,5
28004.jpg,5
28005.jpg,6
28006.jpg,3
28007.jpg,1
28008.jpg,4
28009.jpg,0
28010.jpg,7
28011.jpg,4
28012.jpg,0
28013.jpg,0
28014.jpg,4
28015.jpg,3
28016.jpg,5
28017.jpg,7
28018.jpg,0
28019.jpg,9
28020.jpg,9
28021.jpg,6
28022.jpg,7
28023.jpg,7
28024.jpg,6
28025.jpg,6
28026.jpg,2
28027.jpg,2
28028.jpg,4
28029.jpg,6
28030.jpg,9
28031.jpg,7
28032.jpg,4
28033.jpg,6
28034.jpg,4
28035.jpg,1
28036.jpg,8
28037.jpg,7
28038.jpg,5
28039.jpg,6
28040.jpg,2
28041.jpg,7
28042.jpg,4
28043.jpg,4
28044.jpg,4
28045.jpg,8
28046.jpg,6
28047.jpg,0
28048.jpg,1
28049.jpg,2
28050.jpg,6
28051.jpg,7
28052.jpg,4
28053.jpg,2
28054.jpg,4
28055.jpg,8
28056.jpg,4
28057.jpg,1
28058.jpg,7
28059.jpg,5
28060.jpg,4
28061.jpg,5
28062.jpg,1
28063.jpg,1
28064.jpg,5
28065.jpg,4
28066.jpg,1
28067.jpg,8
28068.jpg,9
28069.jpg,1
28070.jpg,6
28071.jpg,9
28072.jpg,3
28073.jpg,0
28074.jpg,5
28075.jpg,2
28076.jpg,8
28077.jpg,5
28078.jpg,1
28079.jpg,7
28080.jpg,0
28081.jpg,8
28082.jpg,5
28083.jpg,5
28084.jpg,2
28085.jpg,6
28086.jpg,2
28087.jpg,5
28088.jpg,2
28089.jpg,3
28090.jpg,6
28091.jpg,7
28092.jpg,2
28093.jpg,1
28094.jpg,9
28095.jpg,7
28096.jpg,5
28097.jpg,1
28098.jpg,6
28099.jpg,4
28100.jpg,0
28101.jpg,2
28102.jpg,0
28103.jpg,6
28104.jpg,8
28105.jpg,0
28106.jpg,0
28107.jpg,8
28108.jpg,7
28109.jpg,3
28110.jpg,4
28111.jpg,3
28112.jpg,8
28113.jpg,9
28114.jpg,4
28115.jpg,4
28116.jpg,9
28117.jpg,1
28118.jpg,8
28119.jpg,3
28120.jpg,9
28121.jpg,5
28122.jpg,8
28123.jpg,1
28124.jpg,7
28125.jpg,8
28126.jpg,6
28127.jpg,3
28128.jpg,5
28129.jpg,6
28130.jpg,4
28131.jpg,5
28132.jpg,8
28133.jpg,0
28134.jpg,1
28135.jpg,4
28136.jpg,4
28137.jpg,5
28138.jpg,2
28139.jpg,7
28140.jpg,8
28141.jpg,8
28142.jpg,4
28143.jpg,2
28144.jpg,7
28145.jpg,8
28146.jpg,2
28147.jpg,3
28148.jpg,3
28149.jpg,2
28150.jpg,5
28151.jpg,5
28152.jpg,7
28153.jpg,8
28154.jpg,8
28155.jpg,4
28156.jpg,5
28157.jpg,3
28158.jpg,6
28159.jpg,8
28160.jpg,1
28161.jpg,4
28162.jpg,2
28163.jpg,2
28164.jpg,2
28165.jpg,7
28166.jpg,9
28167.jpg,5
28168.jpg,8
28169.jpg,3
28170.jpg,5
28171.jpg,8
28172.jpg,6
28173.jpg,6
28174.jpg,5
28175.jpg,9
28176.jpg,5
28177.jpg,8
28178.jpg,1
28179.jpg,6
28180.jpg,3
28181.jpg,1
28182.jpg,8
28183.jpg,9
28184.jpg,2
28185.jpg,4
28186.jpg,3
28187.jpg,3
28188.jpg,3
28189.jpg,5
28190.jpg,8
28191.jpg,2
28192.jpg,0
28193.jpg,8
28194.jpg,5
28195.jpg,7
28196.jpg,4
28197.jpg,4
28198.jpg,2
28199.jpg,5
28200.jpg,0
28201.jpg,8
28202.jpg,5
28203.jpg,0
28204.jpg,2
28205.jpg,9
28206.jpg,1
28207.jpg,4
28208.jpg,6
28209.jpg,9
28210.jpg,2
28211.jpg,0
28212.jpg,5
28213.jpg,9
28214.jpg,0
28215.jpg,0
28216.jpg,3
28217.jpg,6
28218.jpg,0
28219.jpg,7
28220.jpg,8
28221.jpg,8
28222.jpg,3
28223.jpg,1
28224.jpg,6
28225.jpg,2
28226.jpg,9
28227.jpg,7
28228.jpg,1
28229.jpg,5
28230.jpg,5
28231.jpg,0
28232.jpg,8
28233.jpg,3
28234.jpg,2
28235.jpg,9
28236.jpg,8
28237.jpg,5
28238.jpg,1
28239.jpg,2
28240.jpg,3
28241.jpg,2
28242.jpg,2
28243.jpg,5
28244.jpg,9
28245.jpg,5
28246.jpg,1
28247.jpg,1
28248.jpg,2
28249.jpg,0
28250.jpg,6
28251.jpg,4
28252.jpg,9
28253.jpg,8
28254.jpg,6
28255.jpg,7
28256.jpg,6
28257.jpg,6
28258.jpg,7
28259.jpg,3
28260.jpg,9
28261.jpg,6
28262.jpg,5
28263.jpg,1
28264.jpg,4
28265.jpg,6
28266.jpg,8
28267.jpg,5
28268.jpg,7
28269.jpg,2
28270.jpg,6
28271.jpg,0
28272.jpg,4
28273.jpg,0
28274.jpg,8
28275.jpg,2
28276.jpg,1
28277.jpg,5
28278.jpg,5
28279.jpg,4
28280.jpg,5
28281.jpg,5
28282.jpg,6
28283.jpg,3
28284.jpg,6
28285.jpg,2
28286.jpg,3
28287.jpg,2
28288.jpg,5
28289.jpg,4
28290.jpg,4
28291.jpg,0
28292.jpg,7
28293.jpg,4
28294.jpg,5
28295.jpg,8
28296.jpg,2
28297.jpg,9
28298.jpg,0
28299.jpg,0
28300.jpg,4
28301.jpg,9
28302.jpg,0
28303.jpg,1
28304.jpg,4
28305.jpg,8
28306.jpg,0
28307.jpg,8
28308.jpg,6
28309.jpg,6
28310.jpg,9
28311.jpg,1
28312.jpg,8
28313.jpg,7
28314.jpg,4
28315.jpg,0
28316.jpg,1
28317.jpg,5
28318.jpg,5
28319.jpg,5
28320.jpg,4
28321.jpg,1
28322.jpg,2
28323.jpg,7
28324.jpg,3
28325.jpg,6
28326.jpg,7
28327.jpg,8
28328.jpg,2
28329.jpg,3
28330.jpg,6
28331.jpg,1
28332.jpg,1
28333.jpg,1
28334.jpg,6
28335.jpg,3
28336.jpg,6
28337.jpg,9
28338.jpg,6
28339.jpg,7
28340.jpg,4
28341.jpg,4
28342.jpg,6
28343.jpg,9
28344.jpg,9
28345.jpg,1
28346.jpg,5
28347.jpg,5
28348.jpg,3
28349.jpg,8
28350.jpg,7
28351.jpg,6
28352.jpg,7
28353.jpg,6
28354.jpg,1
28355.jpg,9
28356.jpg,3
28357.jpg,9
28358.jpg,0
28359.jpg,6
28360.jpg,2
28361.jpg,9
28362.jpg,3
28363.jpg,4
28364.jpg,2
28365.jpg,4
28366.jpg,3
28367.jpg,8
28368.jpg,0
28369.jpg,9
28370.jpg,6
28371.jpg,3
28372.jpg,2
28373.jpg,3
28374.jpg,4
28375.jpg,2
28376.jpg,2
28377.jpg,1
28378.jpg,8
28379.jpg,8
28380.jpg,6
28381.jpg,0
28382.jpg,8
28383.jpg,0
28384.jpg,4
28385.jpg,2
28386.jpg,0
28387.jpg,3
28388.jpg,1
28389.jpg,3
28390.jpg,0
28391.jpg,0
28392.jpg,9
28393.jpg,3
28394.jpg,9
28395.jpg,8
28396.jpg,6
28397.jpg,8
28398.jpg,4
28399.jpg,5
28400.jpg,3
28401.jpg,7
28402.jpg,0
28403.jpg,4
28404.jpg,4
28405.jpg,7
28406.jpg,0
28407.jpg,6
28408.jpg,3
28409.jpg,4
28410.jpg,3
28411.jpg,7
28412.jpg,3
28413.jpg,1
28414.jpg,3
28415.jpg,1
28416.jpg,5
28417.jpg,7
28418.jpg,4
28419.jpg,2
28420.jpg,6
28421.jpg,8
28422.jpg,3
28423.jpg,9
28424.jpg,0
28425.jpg,1
28426.jpg,6
28427.jpg,5
28428.jpg,7
28429.jpg,9
28430.jpg,9
28431.jpg,7
28432.jpg,8
28433.jpg,6
28434.jpg,4
28435.jpg,7
28436.jpg,0
28437.jpg,4
28438.jpg,1
28439.jpg,9
28440.jpg,5
28441.jpg,5
28442.jpg,3
28443.jpg,7
28444.jpg,8
28445.jpg,0
28446.jpg,3
28447.jpg,7
28448.jpg,7
28449.jpg,3
28450.jpg,4
28451.jpg,0
28452.jpg,3
28453.jpg,9
28454.jpg,6
28455.jpg,4
28456.jpg,1
28457.jpg,2
28458.jpg,1
28459.jpg,5
28460.jpg,2
28461.jpg,8
28462.jpg,3
28463.jpg,5
28464.jpg,2
28465.jpg,4
28466.jpg,2
28467.jpg,9
28468.jpg,7
28469.jpg,3
28470.jpg,5
28471.jpg,1
28472.jpg,5
28473.jpg,4
28474.jpg,3
28475.jpg,5
28476.jpg,4
28477.jpg,2
28478.jpg,5
28479.jpg,3
28480.jpg,1
28481.jpg,7
28482.jpg,3
28483.jpg,1
28484.jpg,7
28485.jpg,2
28486.jpg,3
28487.jpg,3
28488.jpg,9
28489.jpg,2
28490.jpg,4
28491.jpg,7
28492.jpg,8
28493.jpg,4
28494.jpg,6
28495.jpg,1
28496.jpg,2
28497.jpg,3
28498.jpg,9
28499.jpg,3
28500.jpg,7
28501.jpg,8
28502.jpg,4
28503.jpg,2
28504.jpg,7
28505.jpg,0
28506.jpg,3
28507.jpg,4
28508.jpg,0
28509.jpg,6
28510.jpg,2
28511.jpg,5
28512.jpg,4
28513.jpg,9
28514.jpg,8
28515.jpg,8
28516.jpg,5
28517.jpg,7
28518.jpg,1
28519.jpg,7
28520.jpg,3
28521.jpg,5
28522.jpg,8
28523.jpg,4
28524.jpg,7
28525.jpg,0
28526.jpg,1
28527.jpg,1
28528.jpg,7
28529.jpg,2
28530.jpg,8
28531.jpg,3
28532.jpg,6
28533.jpg,6
28534.jpg,7
28535.jpg,8
28536.jpg,4
28537.jpg,7
28538.jpg,0
28539.jpg,9
28540.jpg,6
28541.jpg,5
28542.jpg,6
28543.jpg,6
28544.jpg,4
28545.jpg,0
28546.jpg,8
28547.jpg,9
28548.jpg,8
28549.jpg,7
28550.jpg,4
28551.jpg,1
28552.jpg,5
28553.jpg,4
28554.jpg,6
28555.jpg,1
28556.jpg,7
28557.jpg,9
28558.jpg,8
28559.jpg,4
28560.jpg,4
28561.jpg,8
28562.jpg,1
28563.jpg,5
28564.jpg,2
28565.jpg,8
28566.jpg,4
28567.jpg,9
28568.jpg,5
28569.jpg,5
28570.jpg,3
28571.jpg,6
28572.jpg,0
28573.jpg,2
28574.jpg,5
28575.jpg,5
28576.jpg,5
28577.jpg,7
28578.jpg,0
28579.jpg,7
28580.jpg,9
28581.jpg,5
28582.jpg,3
28583.jpg,1
28584.jpg,3
28585.jpg,6
28586.jpg,2
28587.jpg,5
28588.jpg,2
28589.jpg,7
28590.jpg,7
28591.jpg,0
28592.jpg,4
28593.jpg,8
28594.jpg,1
28595.jpg,6
28596.jpg,6
28597.jpg,6
28598.jpg,5
28599.jpg,0
28600.jpg,5
28601.jpg,7
28602.jpg,4
28603.jpg,0
28604.jpg,6
28605.jpg,0
28606.jpg,4
28607.jpg,8
28608.jpg,5
28609.jpg,8
28610.jpg,6
28611.jpg,6
28612.jpg,2
28613.jpg,5
28614.jpg,0
28615.jpg,6
28616.jpg,8
28617.jpg,8
28618.jpg,6
28619.jpg,3
28620.jpg,7
28621.jpg,6
28622.jpg,4
28623.jpg,8
28624.jpg,0
28625.jpg,1
28626.jpg,5
28627.jpg,4
28628.jpg,4
28629.jpg,5
28630.jpg,0
28631.jpg,8
28632.jpg,5
28633.jpg,4
28634.jpg,5
28635.jpg,2
28636.jpg,7
28637.jpg,4
28638.jpg,3
28639.jpg,1
28640.jpg,9
28641.jpg,7
28642.jpg,9
28643.jpg,5
28644.jpg,8
28645.jpg,8
28646.jpg,2
28647.jpg,3
28648.jpg,9
28649.jpg,1
28650.jpg,2
28651.jpg,3
28652.jpg,2
28653.jpg,6
28654.jpg,1
28655.jpg,6
28656.jpg,6
28657.jpg,0
28658.jpg,4
28659.jpg,0
28660.jpg,8
28661.jpg,2
28662.jpg,3
28663.jpg,3
28664.jpg,4
28665.jpg,6
28666.jpg,9
28667.jpg,7
28668.jpg,9
28669.jpg,4
28670.jpg,1
28671.jpg,1
28672.jpg,8
28673.jpg,3
28674.jpg,2
28675.jpg,8
28676.jpg,6
28677.jpg,0
28678.jpg,2
28679.jpg,3
28680.jpg,0
28681.jpg,9
28682.jpg,6
28683.jpg,1
28684.jpg,3
28685.jpg,5
28686.jpg,7
28687.jpg,5
28688.jpg,7
28689.jpg,9
28690.jpg,4
28691.jpg,8
28692.jpg,9
28693.jpg,8
28694.jpg,0
28695.jpg,7
28696.jpg,1
28697.jpg,0
28698.jpg,1
28699.jpg,4
28700.jpg,8
28701.jpg,7
28702.jpg,1
28703.jpg,9
28704.jpg,0
28705.jpg,4
28706.jpg,0
28707.jpg,8
28708.jpg,5
28709.jpg,8
28710.jpg,0
28711.jpg,7
28712.jpg,7
28713.jpg,0
28714.jpg,5
28715.jpg,9
28716.jpg,1
28717.jpg,2
28718.jpg,8
28719.jpg,1
28720.jpg,2
28721.jpg,5
28722.jpg,6
28723.jpg,7
28724.jpg,6
28725.jpg,8
28726.jpg,8
28727.jpg,2
28728.jpg,8
28729.jpg,5
28730.jpg,4
28731.jpg,5
28732.jpg,5
28733.jpg,2
28734.jpg,4
28735.jpg,0
28736.jpg,6
28737.jpg,0
28738.jpg,4
28739.jpg,4
28740.jpg,9
28741.jpg,8
28742.jpg,6
28743.jpg,5
28744.jpg,1
28745.jpg,0
28746.jpg,2
28747.jpg,2
28748.jpg,5
28749.jpg,9
28750.jpg,9
28751.jpg,7
28752.jpg,1
28753.jpg,2
28754.jpg,1
28755.jpg,3
28756.jpg,2
28757.jpg,2
28758.jpg,5
28759.jpg,9
28760.jpg,9
28761.jpg,9
28762.jpg,5
28763.jpg,0
28764.jpg,5
28765.jpg,0
28766.jpg,4
28767.jpg,0
28768.jpg,0
28769.jpg,3
28770.jpg,5
28771.jpg,3
28772.jpg,5
28773.jpg,5
28774.jpg,8
28775.jpg,7
28776.jpg,1
28777.jpg,8
28778.jpg,9
28779.jpg,9
28780.jpg,3
28781.jpg,7
28782.jpg,0
28783.jpg,8
28784.jpg,1
28785.jpg,9
28786.jpg,9
28787.jpg,3
28788.jpg,2
28789.jpg,9
28790.jpg,2
28791.jpg,7
28792.jpg,9
28793.jpg,7
28794.jpg,6
28795.jpg,8
28796.jpg,9
28797.jpg,8
28798.jpg,3
28799.jpg,5
28800.jpg,9
28801.jpg,6
28802.jpg,7
28803.jpg,0
28804.jpg,7
28805.jpg,9
28806.jpg,8
28807.jpg,4
28808.jpg,0
28809.jpg,6
28810.jpg,1
28811.jpg,4
28812.jpg,8
28813.jpg,4
28814.jpg,3
28815.jpg,5
28816.jpg,6
28817.jpg,9
28818.jpg,4
28819.jpg,2
28820.jpg,6
28821.jpg,4
28822.jpg,8
28823.jpg,7
28824.jpg,4
28825.jpg,1
28826.jpg,6
28827.jpg,8
28828.jpg,7
28829.jpg,4
28830.jpg,5
28831.jpg,0
28832.jpg,1
28833.jpg,3
28834.jpg,4
28835.jpg,7
28836.jpg,4
28837.jpg,2
28838.jpg,3
28839.jpg,0
28840.jpg,8
28841.jpg,4
28842.jpg,8
28843.jpg,7
28844.jpg,1
28845.jpg,5
28846.jpg,9
28847.jpg,0
28848.jpg,8
28849.jpg,0
28850.jpg,9
28851.jpg,6
28852.jpg,5
28853.jpg,8
28854.jpg,0
28855.jpg,2
28856.jpg,5
28857.jpg,0
28858.jpg,3
28859.jpg,1
28860.jpg,9
28861.jpg,0
28862.jpg,3
28863.jpg,2
28864.jpg,0
28865.jpg,3
28866.jpg,6
28867.jpg,3
28868.jpg,6
28869.jpg,7
28870.jpg,6
28871.jpg,6
28872.jpg,2
28873.jpg,5
28874.jpg,7
28875.jpg,4
28876.jpg,4
28877.jpg,9
28878.jpg,9
28879.jpg,1
28880.jpg,2
28881.jpg,7
28882.jpg,2
28883.jpg,5
28884.jpg,6
28885.jpg,1
28886.jpg,2
28887.jpg,3
28888.jpg,2
28889.jpg,3
28890.jpg,1
28891.jpg,4
28892.jpg,8
28893.jpg,0
28894.jpg,5
28895.jpg,6
28896.jpg,3
28897.jpg,8
28898.jpg,9
28899.jpg,9
28900.jpg,0
28901.jpg,2
28902.jpg,1
28903.jpg,6
28904.jpg,6
28905.jpg,0
28906.jpg,0
28907.jpg,1
28908.jpg,1
28909.jpg,6
28910.jpg,6
28911.jpg,7
28912.jpg,4
28913.jpg,5
28914.jpg,7
28915.jpg,5
28916.jpg,7
28917.jpg,8
28918.jpg,4
28919.jpg,5
28920.jpg,0
28921.jpg,5
28922.jpg,7
28923.jpg,7
28924.jpg,6
28925.jpg,0
28926.jpg,1
28927.jpg,1
28928.jpg,5
28929.jpg,9
28930.jpg,9
28931.jpg,4
28932.jpg,1
28933.jpg,8
28934.jpg,5
28935.jpg,0
28936.jpg,6
28937.jpg,9
28938.jpg,7
28939.jpg,5
28940.jpg,0
28941.jpg,7
28942.jpg,3
28943.jpg,9
28944.jpg,6
28945.jpg,5
28946.jpg,5
28947.jpg,9
28948.jpg,2
28949.jpg,3
28950.jpg,8
28951.jpg,0
28952.jpg,2
28953.jpg,0
28954.jpg,3
28955.jpg,0
28956.jpg,7
28957.jpg,9
28958.jpg,5
28959.jpg,8
28960.jpg,3
28961.jpg,1
28962.jpg,5
28963.jpg,9
28964.jpg,2
28965.jpg,6
28966.jpg,5
28967.jpg,9
28968.jpg,9
28969.jpg,3
28970.jpg,3
28971.jpg,5
28972.jpg,7
28973.jpg,7
28974.jpg,6
28975.jpg,7
28976.jpg,6
28977.jpg,4
28978.jpg,6
28979.jpg,0
28980.jpg,8
28981.jpg,5
28982.jpg,9
28983.jpg,5
28984.jpg,4
28985.jpg,5
28986.jpg,5
28987.jpg,2
28988.jpg,6
28989.jpg,9
28990.jpg,6
28991.jpg,8
28992.jpg,6
28993.jpg,3
28994.jpg,1
28995.jpg,2
28996.jpg,8
28997.jpg,7
28998.jpg,3
28999.jpg,0
29000.jpg,6
29001.jpg,2
29002.jpg,1
29003.jpg,5
29004.jpg,0
29005.jpg,3
29006.jpg,4
29007.jpg,5
29008.jpg,7
29009.jpg,0
29010.jpg,7
29011.jpg,0
29012.jpg,5
29013.jpg,6
29014.jpg,4
29015.jpg,0
29016.jpg,8
29017.jpg,0
29018.jpg,1
29019.jpg,6
29020.jpg,8
29021.jpg,5
29022.jpg,5
29023.jpg,5
29024.jpg,5
29025.jpg,3
29026.jpg,7
29027.jpg,0
29028.jpg,8
29029.jpg,5
29030.jpg,0
29031.jpg,1
29032.jpg,4
29033.jpg,4
29034.jpg,9
29035.jpg,8
29036.jpg,8
29037.jpg,7
29038.jpg,6
29039.jpg,2
29040.jpg,6
29041.jpg,0
29042.jpg,5
29043.jpg,4
29044.jpg,2
29045.jpg,4
29046.jpg,1
29047.jpg,4
29048.jpg,9
29049.jpg,3
29050.jpg,9
29051.jpg,8
29052.jpg,2
29053.jpg,9
29054.jpg,1
29055.jpg,9
29056.jpg,2
29057.jpg,2
29058.jpg,7
29059.jpg,4
29060.jpg,3
29061.jpg,3
29062.jpg,7
29063.jpg,1
29064.jpg,7
29065.jpg,0
29066.jpg,0
29067.jpg,0
29068.jpg,3
29069.jpg,8
29070.jpg,2
29071.jpg,5
29072.jpg,9
29073.jpg,9
29074.jpg,7
29075.jpg,3
29076.jpg,9
29077.jpg,6
29078.jpg,9
29079.jpg,1
29080.jpg,3
29081.jpg,8
29082.jpg,0
29083.jpg,5
29084.jpg,0
29085.jpg,7
29086.jpg,9
29087.jpg,6
29088.jpg,3
29089.jpg,7
29090.jpg,8
29091.jpg,2
29092.jpg,6
29093.jpg,3
29094.jpg,0
29095.jpg,1
29096.jpg,5
29097.jpg,8
29098.jpg,4
29099.jpg,3
29100.jpg,9
29101.jpg,3
29102.jpg,8
29103.jpg,0
29104.jpg,0
29105.jpg,5
29106.jpg,0
29107.jpg,6
29108.jpg,2
29109.jpg,6
29110.jpg,2
29111.jpg,9
29112.jpg,4
29113.jpg,3
29114.jpg,9
29115.jpg,0
29116.jpg,0
29117.jpg,3
29118.jpg,4
29119.jpg,7
29120.jpg,9
29121.jpg,7
29122.jpg,9
29123.jpg,8
29124.jpg,8
29125.jpg,1
29126.jpg,3
29127.jpg,0
29128.jpg,6
29129.jpg,8
29130.jpg,2
29131.jpg,8
29132.jpg,8
29133.jpg,8
29134.jpg,4
29135.jpg,6
29136.jpg,4
29137.jpg,2
29138.jpg,6
29139.jpg,6
29140.jpg,3
29141.jpg,8
29142.jpg,4
29143.jpg,1
29144.jpg,1
29145.jpg,4
29146.jpg,9
29147.jpg,8
29148.jpg,6
29149.jpg,8
29150.jpg,5
29151.jpg,3
29152.jpg,8
29153.jpg,2
29154.jpg,5
29155.jpg,7
29156.jpg,5
29157.jpg,2
29158.jpg,2
29159.jpg,7
29160.jpg,5
29161.jpg,4
29162.jpg,7
29163.jpg,2
29164.jpg,1
29165.jpg,1
29166.jpg,1
29167.jpg,8
29168.jpg,4
29169.jpg,5
29170.jpg,4
29171.jpg,8
29172.jpg,8
29173.jpg,0
29174.jpg,9
29175.jpg,8
29176.jpg,5
29177.jpg,5
29178.jpg,4
29179.jpg,7
29180.jpg,4
29181.jpg,1
29182.jpg,5
29183.jpg,3
29184.jpg,6
29185.jpg,1
29186.jpg,8
29187.jpg,3
29188.jpg,0
29189.jpg,6
29190.jpg,9
29191.jpg,5
29192.jpg,7
29193.jpg,9
29194.jpg,4
29195.jpg,8
29196.jpg,0
29197.jpg,4
29198.jpg,7
29199.jpg,9
29200.jpg,7
29201.jpg,5
29202.jpg,1
29203.jpg,9
29204.jpg,2
29205.jpg,2
29206.jpg,7
29207.jpg,2
29208.jpg,4
29209.jpg,5
29210.jpg,0
29211.jpg,5
29212.jpg,7
29213.jpg,2
29214.jpg,8
29215.jpg,4
29216.jpg,0
29217.jpg,2
29218.jpg,2
29219.jpg,8
29220.jpg,2
29221.jpg,3
29222.jpg,5
29223.jpg,2
29224.jpg,2
29225.jpg,2
29226.jpg,1
29227.jpg,8
29228.jpg,6
29229.jpg,3
29230.jpg,6
29231.jpg,2
29232.jpg,0
29233.jpg,6
29234.jpg,3
29235.jpg,7
29236.jpg,2
29237.jpg,0
29238.jpg,8
29239.jpg,6
29240.jpg,5
29241.jpg,2
29242.jpg,1
29243.jpg,9
29244.jpg,7
29245.jpg,3
29246.jpg,3
29247.jpg,7
29248.jpg,9
29249.jpg,3
29250.jpg,7
29251.jpg,8
29252.jpg,5
29253.jpg,8
29254.jpg,8
29255.jpg,3
29256.jpg,4
29257.jpg,2
29258.jpg,2
29259.jpg,7
29260.jpg,9
29261.jpg,4
29262.jpg,4
29263.jpg,7
29264.jpg,4
29265.jpg,1
29266.jpg,9
29267.jpg,2
29268.jpg,6
29269.jpg,8
29270.jpg,2
29271.jpg,5
29272.jpg,6
29273.jpg,0
29274.jpg,5
29275.jpg,6
29276.jpg,3
29277.jpg,0
29278.jpg,7
29279.jpg,9
29280.jpg,2
29281.jpg,6
29282.jpg,0
29283.jpg,8
29284.jpg,4
29285.jpg,4
29286.jpg,0
29287.jpg,2
29288.jpg,7
29289.jpg,9
29290.jpg,9
29291.jpg,3
29292.jpg,1
29293.jpg,5
29294.jpg,0
29295.jpg,2
29296.jpg,2
29297.jpg,8
29298.jpg,2
29299.jpg,9
29300.jpg,7
29301.jpg,1
29302.jpg,9
29303.jpg,6
29304.jpg,7
29305.jpg,0
29306.jpg,7
29307.jpg,4
29308.jpg,6
29309.jpg,8
29310.jpg,1
29311.jpg,9
29312.jpg,3
29313.jpg,1
29314.jpg,8
29315.jpg,4
29316.jpg,5
29317.jpg,0
29318.jpg,0
29319.jpg,5
29320.jpg,5
29321.jpg,7
29322.jpg,6
29323.jpg,9
29324.jpg,1
29325.jpg,7
29326.jpg,7
29327.jpg,3
29328.jpg,2
29329.jpg,0
29330.jpg,2
29331.jpg,4
29332.jpg,0
29333.jpg,9
29334.jpg,5
29335.jpg,5
29336.jpg,8
29337.jpg,2
29338.jpg,5
29339.jpg,0
29340.jpg,4
29341.jpg,1
29342.jpg,8
29343.jpg,2
29344.jpg,3
29345.jpg,4
29346.jpg,7
29347.jpg,0
29348.jpg,7
29349.jpg,7
29350.jpg,5
29351.jpg,1
29352.jpg,3
29353.jpg,9
29354.jpg,1
29355.jpg,9
29356.jpg,9
29357.jpg,8
29358.jpg,4
29359.jpg,2
29360.jpg,4
29361.jpg,7
29362.jpg,5
29363.jpg,1
29364.jpg,2
29365.jpg,9
29366.jpg,6
29367.jpg,9
29368.jpg,5
29369.jpg,9
29370.jpg,0
29371.jpg,0
29372.jpg,7
29373.jpg,2
29374.jpg,8
29375.jpg,3
29376.jpg,2
29377.jpg,9
29378.jpg,4
29379.jpg,8
29380.jpg,9
29381.jpg,3
29382.jpg,1
29383.jpg,7
29384.jpg,2
29385.jpg,4
29386.jpg,0
29387.jpg,3
29388.jpg,3
29389.jpg,7
29390.jpg,0
29391.jpg,7
29392.jpg,2
29393.jpg,7
29394.jpg,7
29395.jpg,0
29396.jpg,7
29397.jpg,5
29398.jpg,8
29399.jpg,1
29400.jpg,4
29401.jpg,5
29402.jpg,8
29403.jpg,6
29404.jpg,5
29405.jpg,1
29406.jpg,4
29407.jpg,4
29408.jpg,7
29409.jpg,0
29410.jpg,9
29411.jpg,9
29412.jpg,3
29413.jpg,8
29414.jpg,3
29415.jpg,8
29416.jpg,8
29417.jpg,7
29418.jpg,7
29419.jpg,6
29420.jpg,6
29421.jpg,6
29422.jpg,3
29423.jpg,5
29424.jpg,9
29425.jpg,2
29426.jpg,4
29427.jpg,3
29428.jpg,2
29429.jpg,9
29430.jpg,6
29431.jpg,7
29432.jpg,9
29433.jpg,3
29434.jpg,5
29435.jpg,2
29436.jpg,7
29437.jpg,5
29438.jpg,0
29439.jpg,2
29440.jpg,2
29441.jpg,4
29442.jpg,9
29443.jpg,7
29444.jpg,0
29445.jpg,0
29446.jpg,1
29447.jpg,3
29448.jpg,1
29449.jpg,3
29450.jpg,1
29451.jpg,6
29452.jpg,4
29453.jpg,2
29454.jpg,1
29455.jpg,3
29456.jpg,6
29457.jpg,1
29458.jpg,4
29459.jpg,5
29460.jpg,4
29461.jpg,7
29462.jpg,4
29463.jpg,2
29464.jpg,8
29465.jpg,3
29466.jpg,7
29467.jpg,7
29468.jpg,3
29469.jpg,9
29470.jpg,9
29471.jpg,4
29472.jpg,8
29473.jpg,2
29474.jpg,9
29475.jpg,4
29476.jpg,5
29477.jpg,6
29478.jpg,7
29479.jpg,8
29480.jpg,0
29481.jpg,1
29482.jpg,6
29483.jpg,5
29484.jpg,1
29485.jpg,1
29486.jpg,9
29487.jpg,5
29488.jpg,9
29489.jpg,6
29490.jpg,1
29491.jpg,5
29492.jpg,0
29493.jpg,0
29494.jpg,4
29495.jpg,6
29496.jpg,3
29497.jpg,3
29498.jpg,9
29499.jpg,1
29500.jpg,1
29501.jpg,6
29502.jpg,8
29503.jpg,0
29504.jpg,2
29505.jpg,9
29506.jpg,5
29507.jpg,7
29508.jpg,6
29509.jpg,8
29510.jpg,4
29511.jpg,6
29512.jpg,4
29513.jpg,8
29514.jpg,3
29515.jpg,5
29516.jpg,4
29517.jpg,9
29518.jpg,3
29519.jpg,7
29520.jpg,4
29521.jpg,4
29522.jpg,1
29523.jpg,9
29524.jpg,5
29525.jpg,9
29526.jpg,1
29527.jpg,0
29528.jpg,4
29529.jpg,0
29530.jpg,8
29531.jpg,8
29532.jpg,4
29533.jpg,1
29534.jpg,9
29535.jpg,7
29536.jpg,2
29537.jpg,5
29538.jpg,9
29539.jpg,1
29540.jpg,5
29541.jpg,0
29542.jpg,7
29543.jpg,4
29544.jpg,3
29545.jpg,6
29546.jpg,1
29547.jpg,8
29548.jpg,4
29549.jpg,9
29550.jpg,1
29551.jpg,2
29552.jpg,6
29553.jpg,7
29554.jpg,0
29555.jpg,7
29556.jpg,6
29557.jpg,8
29558.jpg,2
29559.jpg,6
29560.jpg,7
29561.jpg,5
29562.jpg,6
29563.jpg,9
29564.jpg,1
29565.jpg,1
29566.jpg,3
29567.jpg,8
29568.jpg,4
29569.jpg,4
29570.jpg,1
29571.jpg,1
29572.jpg,1
29573.jpg,0
29574.jpg,1
29575.jpg,1
29576.jpg,2
29577.jpg,3
29578.jpg,3
29579.jpg,2
29580.jpg,3
29581.jpg,1
29582.jpg,7
29583.jpg,5
29584.jpg,4
29585.jpg,4
29586.jpg,6
29587.jpg,8
29588.jpg,6
29589.jpg,3
29590.jpg,9
29591.jpg,7
29592.jpg,8
29593.jpg,9
29594.jpg,1
29595.jpg,5
29596.jpg,5
29597.jpg,9
29598.jpg,1
29599.jpg,7
29600.jpg,7
29601.jpg,9
29602.jpg,5
29603.jpg,8
29604.jpg,6
29605.jpg,8
29606.jpg,5
29607.jpg,3
29608.jpg,6
29609.jpg,1
29610.jpg,5
29611.jpg,2
29612.jpg,5
29613.jpg,3
29614.jpg,4
29615.jpg,2
29616.jpg,1
29617.jpg,3
29618.jpg,8
29619.jpg,1
29620.jpg,9
29621.jpg,8
29622.jpg,8
29623.jpg,5
29624.jpg,5
29625.jpg,9
29626.jpg,1
29627.jpg,4
29628.jpg,1
29629.jpg,7
29630.jpg,0
29631.jpg,3
29632.jpg,0
29633.jpg,0
29634.jpg,0
29635.jpg,5
29636.jpg,7
29637.jpg,2
29638.jpg,7
29639.jpg,0
29640.jpg,9
29641.jpg,6
29642.jpg,7
29643.jpg,4
29644.jpg,0
29645.jpg,6
29646.jpg,6
29647.jpg,3
29648.jpg,8
29649.jpg,3
29650.jpg,4
29651.jpg,7
29652.jpg,5
29653.jpg,6
29654.jpg,4
29655.jpg,2
29656.jpg,8
29657.jpg,4
29658.jpg,8
29659.jpg,9
29660.jpg,9
29661.jpg,9
29662.jpg,0
29663.jpg,5
29664.jpg,0
29665.jpg,6
29666.jpg,8
29667.jpg,1
29668.jpg,1
29669.jpg,9
29670.jpg,9
29671.jpg,9
29672.jpg,2
29673.jpg,3
29674.jpg,9
29675.jpg,6
29676.jpg,6
29677.jpg,0
29678.jpg,1
29679.jpg,9
29680.jpg,9
29681.jpg,3
29682.jpg,0
29683.jpg,5
29684.jpg,4
29685.jpg,6
29686.jpg,2
29687.jpg,9
29688.jpg,9
29689.jpg,4
29690.jpg,5
29691.jpg,7
29692.jpg,6
29693.jpg,5
29694.jpg,2
29695.jpg,2
29696.jpg,8
29697.jpg,0
29698.jpg,5
29699.jpg,1
29700.jpg,2
29701.jpg,6
29702.jpg,4
29703.jpg,9
29704.jpg,4
29705.jpg,6
29706.jpg,8
29707.jpg,6
29708.jpg,5
29709.jpg,9
29710.jpg,1
29711.jpg,4
29712.jpg,7
29713.jpg,8
29714.jpg,2
29715.jpg,6
29716.jpg,0
29717.jpg,3
29718.jpg,8
29719.jpg,9
29720.jpg,8
29721.jpg,4
29722.jpg,9
29723.jpg,5
29724.jpg,9
29725.jpg,8
29726.jpg,3
29727.jpg,3
29728.jpg,0
29729.jpg,2
29730.jpg,0
29731.jpg,6
29732.jpg,6
29733.jpg,8
29734.jpg,2
29735.jpg,5
29736.jpg,1
29737.jpg,2
29738.jpg,3
29739.jpg,7
29740.jpg,0
29741.jpg,0
29742.jpg,4
29743.jpg,2
29744.jpg,7
29745.jpg,1
29746.jpg,4
29747.jpg,7
29748.jpg,8
29749.jpg,0
29750.jpg,3
29751.jpg,9
29752.jpg,3
29753.jpg,0
29754.jpg,5
29755.jpg,7
29756.jpg,5
29757.jpg,5
29758.jpg,4
29759.jpg,7
29760.jpg,1
29761.jpg,0
29762.jpg,6
29763.jpg,6
29764.jpg,1
29765.jpg,1
29766.jpg,9
29767.jpg,6
29768.jpg,8
29769.jpg,1
29770.jpg,6
29771.jpg,3
29772.jpg,7
29773.jpg,1
29774.jpg,4
29775.jpg,8
29776.jpg,9
29777.jpg,7
29778.jpg,0
29779.jpg,7
29780.jpg,3
29781.jpg,3
29782.jpg,3
29783.jpg,1
29784.jpg,4
29785.jpg,2
29786.jpg,5
29787.jpg,3
29788.jpg,8
29789.jpg,2
29790.jpg,4
29791.jpg,7
29792.jpg,1
29793.jpg,1
29794.jpg,7
29795.jpg,3
29796.jpg,9
29797.jpg,4
29798.jpg,6
29799.jpg,3
29800.jpg,5
29801.jpg,9
29802.jpg,7
29803.jpg,4
29804.jpg,0
29805.jpg,9
29806.jpg,2
29807.jpg,0
29808.jpg,3
29809.jpg,5
29810.jpg,1
29811.jpg,2
29812.jpg,0
29813.jpg,4
29814.jpg,0
29815.jpg,2
29816.jpg,7
29817.jpg,8
29818.jpg,0
29819.jpg,5
29820.jpg,3
29821.jpg,7
29822.jpg,4
29823.jpg,6
29824.jpg,9
29825.jpg,5
29826.jpg,9
29827.jpg,3
29828.jpg,0
29829.jpg,8
29830.jpg,3
29831.jpg,9
29832.jpg,7
29833.jpg,4
29834.jpg,6
29835.jpg,5
29836.jpg,8
29837.jpg,3
29838.jpg,3
29839.jpg,3
29840.jpg,9
29841.jpg,9
29842.jpg,9
29843.jpg,8
29844.jpg,7
29845.jpg,2
29846.jpg,4
29847.jpg,3
29848.jpg,4
29849.jpg,7
29850.jpg,7
29851.jpg,8
29852.jpg,4
29853.jpg,3
29854.jpg,8
29855.jpg,6
29856.jpg,5
29857.jpg,4
29858.jpg,0
29859.jpg,0
29860.jpg,0
29861.jpg,5
29862.jpg,1
29863.jpg,5
29864.jpg,3
29865.jpg,1
29866.jpg,1
29867.jpg,1
29868.jpg,2
29869.jpg,1
29870.jpg,6
29871.jpg,3
29872.jpg,3
29873.jpg,9
29874.jpg,2
29875.jpg,3
29876.jpg,9
29877.jpg,6
29878.jpg,0
29879.jpg,7
29880.jpg,1
29881.jpg,3
29882.jpg,4
29883.jpg,7
29884.jpg,0
29885.jpg,4
29886.jpg,1
29887.jpg,8
29888.jpg,2
29889.jpg,5
29890.jpg,1
29891.jpg,9
29892.jpg,5
29893.jpg,9
29894.jpg,0
29895.jpg,3
29896.jpg,5
29897.jpg,4
29898.jpg,1
29899.jpg,2
29900.jpg,5
29901.jpg,2
29902.jpg,3
29903.jpg,4
29904.jpg,0
29905.jpg,7
29906.jpg,4
29907.jpg,6
29908.jpg,5
29909.jpg,7
29910.jpg,8
29911.jpg,1
29912.jpg,4
29913.jpg,3
29914.jpg,2
29915.jpg,2
29916.jpg,2
29917.jpg,4
29918.jpg,2
29919.jpg,9
29920.jpg,3
29921.jpg,8
29922.jpg,3
29923.jpg,9
29924.jpg,6
29925.jpg,5
29926.jpg,6
29927.jpg,6
29928.jpg,0
29929.jpg,3
29930.jpg,1
29931.jpg,7
29932.jpg,2
29933.jpg,5
29934.jpg,9
29935.jpg,1
29936.jpg,4
29937.jpg,8
29938.jpg,5
29939.jpg,1
29940.jpg,7
29941.jpg,6
29942.jpg,0
29943.jpg,4
29944.jpg,2
29945.jpg,0
29946.jpg,1
29947.jpg,1
29948.jpg,8
29949.jpg,6
29950.jpg,2
29951.jpg,7
29952.jpg,4
29953.jpg,9
29954.jpg,8
29955.jpg,6
29956.jpg,7
29957.jpg,4
29958.jpg,5
29959.jpg,6
29960.jpg,7
29961.jpg,0
29962.jpg,7
29963.jpg,2
29964.jpg,2
29965.jpg,5
29966.jpg,6
29967.jpg,6
29968.jpg,7
29969.jpg,2
29970.jpg,6
29971.jpg,1
29972.jpg,5
29973.jpg,7
29974.jpg,0
29975.jpg,8
29976.jpg,9
29977.jpg,2
29978.jpg,7
29979.jpg,8
29980.jpg,4
29981.jpg,2
29982.jpg,0
29983.jpg,1
29984.jpg,6
29985.jpg,2
29986.jpg,7
29987.jpg,8
29988.jpg,0
29989.jpg,1
29990.jpg,4
29991.jpg,8
29992.jpg,9
29993.jpg,5
29994.jpg,3
29995.jpg,8
29996.jpg,8
29997.jpg,7
29998.jpg,2
29999.jpg,5
30000.jpg,1
30001.jpg,8
30002.jpg,5
30003.jpg,1
30004.jpg,5
30005.jpg,7
30006.jpg,4
30007.jpg,3
30008.jpg,8
30009.jpg,2
30010.jpg,7
30011.jpg,2
30012.jpg,0
30013.jpg,1
30014.jpg,5
30015.jpg,9
30016.jpg,6
30017.jpg,2
30018.jpg,0
30019.jpg,8
30020.jpg,2
30021.jpg,7
30022.jpg,0
30023.jpg,4
30024.jpg,1
30025.jpg,7
30026.jpg,7
30027.jpg,4
30028.jpg,4
30029.jpg,9
30030.jpg,9
30031.jpg,6
30032.jpg,2
30033.jpg,4
30034.jpg,1
30035.jpg,6
30036.jpg,4
30037.jpg,9
30038.jpg,6
30039.jpg,6
30040.jpg,9
30041.jpg,6
30042.jpg,9
30043.jpg,9
30044.jpg,5
30045.jpg,7
30046.jpg,1
30047.jpg,6
30048.jpg,8
30049.jpg,2
30050.jpg,9
30051.jpg,5
30052.jpg,9
30053.jpg,5
30054.jpg,3
30055.jpg,7
30056.jpg,1
30057.jpg,3
30058.jpg,3
30059.jpg,9
30060.jpg,1
30061.jpg,7
30062.jpg,8
30063.jpg,9
30064.jpg,7
30065.jpg,4
30066.jpg,3
30067.jpg,4
30068.jpg,9
30069.jpg,5
30070.jpg,8
30071.jpg,4
30072.jpg,9
30073.jpg,3
30074.jpg,6
30075.jpg,1
30076.jpg,1
30077.jpg,4
30078.jpg,3
30079.jpg,9
30080.jpg,9
30081.jpg,1
30082.jpg,9
30083.jpg,9
30084.jpg,2
30085.jpg,4
30086.jpg,3
30087.jpg,2
30088.jpg,4
30089.jpg,7
30090.jpg,1
30091.jpg,5
30092.jpg,1
30093.jpg,8
30094.jpg,6
30095.jpg,3
30096.jpg,6
30097.jpg,3
30098.jpg,4
30099.jpg,4
30100.jpg,9
30101.jpg,9
30102.jpg,9
30103.jpg,7
30104.jpg,0
30105.jpg,5
30106.jpg,7
30107.jpg,7
30108.jpg,4
30109.jpg,8
30110.jpg,8
30111.jpg,4
30112.jpg,2
30113.jpg,0
30114.jpg,5
30115.jpg,2
30116.jpg,4
30117.jpg,9
30118.jpg,1
30119.jpg,7
30120.jpg,7
30121.jpg,4
30122.jpg,8
30123.jpg,8
30124.jpg,8
30125.jpg,0
30126.jpg,2
30127.jpg,3
30128.jpg,6
30129.jpg,3
30130.jpg,9
30131.jpg,0
30132.jpg,8
30133.jpg,2
30134.jpg,2
30135.jpg,4
30136.jpg,8
30137.jpg,8
30138.jpg,1
30139.jpg,8
30140.jpg,5
30141.jpg,7
30142.jpg,6
30143.jpg,0
30144.jpg,9
30145.jpg,1
30146.jpg,4
30147.jpg,8
30148.jpg,2
30149.jpg,1
30150.jpg,0
30151.jpg,5
30152.jpg,1
30153.jpg,6
30154.jpg,5
30155.jpg,3
30156.jpg,4
30157.jpg,9
30158.jpg,9
30159.jpg,0
30160.jpg,3
30161.jpg,5
30162.jpg,4
30163.jpg,2
30164.jpg,6
30165.jpg,3
30166.jpg,9
30167.jpg,4
30168.jpg,9
30169.jpg,8
30170.jpg,6
30171.jpg,4
30172.jpg,1
30173.jpg,1
30174.jpg,9
30175.jpg,8
30176.jpg,2
30177.jpg,2
30178.jpg,1
30179.jpg,8
30180.jpg,5
30181.jpg,9
30182.jpg,7
30183.jpg,8
30184.jpg,1
30185.jpg,1
30186.jpg,4
30187.jpg,2
30188.jpg,4
30189.jpg,2
30190.jpg,0
30191.jpg,8
30192.jpg,8
30193.jpg,0
30194.jpg,0
30195.jpg,4
30196.jpg,3
30197.jpg,0
30198.jpg,7
30199.jpg,7
30200.jpg,6
30201.jpg,1
30202.jpg,6
30203.jpg,7
30204.jpg,1
30205.jpg,5
30206.jpg,6
30207.jpg,1
30208.jpg,7
30209.jpg,2
30210.jpg,4
30211.jpg,0
30212.jpg,2
30213.jpg,2
30214.jpg,5
30215.jpg,9
30216.jpg,3
30217.jpg,2
30218.jpg,1
30219.jpg,4
30220.jpg,1
30221.jpg,2
30222.jpg,9
30223.jpg,8
30224.jpg,5
30225.jpg,2
30226.jpg,3
30227.jpg,3
30228.jpg,4
30229.jpg,9
30230.jpg,7
30231.jpg,2
30232.jpg,3
30233.jpg,9
30234.jpg,7
30235.jpg,6
30236.jpg,2
30237.jpg,9
30238.jpg,7
30239.jpg,5
30240.jpg,4
30241.jpg,0
30242.jpg,8
30243.jpg,7
30244.jpg,2
30245.jpg,0
30246.jpg,3
30247.jpg,5
30248.jpg,1
30249.jpg,3
30250.jpg,1
30251.jpg,7
30252.jpg,8
30253.jpg,7
30254.jpg,9
30255.jpg,8
30256.jpg,2
30257.jpg,9
30258.jpg,1
30259.jpg,4
30260.jpg,8
30261.jpg,6
30262.jpg,7
30263.jpg,3
30264.jpg,6
30265.jpg,9
30266.jpg,7
30267.jpg,9
30268.jpg,4
30269.jpg,5
30270.jpg,8
30271.jpg,0
30272.jpg,5
30273.jpg,6
30274.jpg,6
30275.jpg,0
30276.jpg,8
30277.jpg,4
30278.jpg,6
30279.jpg,1
30280.jpg,4
30281.jpg,2
30282.jpg,2
30283.jpg,1
30284.jpg,8
30285.jpg,4
30286.jpg,4
30287.jpg,0
30288.jpg,2
30289.jpg,4
30290.jpg,1
30291.jpg,9
30292.jpg,8
30293.jpg,9
30294.jpg,0
30295.jpg,7
30296.jpg,1
30297.jpg,1
30298.jpg,6
30299.jpg,4
30300.jpg,7
30301.jpg,4
30302.jpg,6
30303.jpg,9
30304.jpg,3
30305.jpg,2
30306.jpg,7
30307.jpg,3
30308.jpg,7
30309.jpg,4
30310.jpg,5
30311.jpg,1
30312.jpg,9
30313.jpg,6
30314.jpg,3
30315.jpg,9
30316.jpg,6
30317.jpg,0
30318.jpg,7
30319.jpg,0
30320.jpg,0
30321.jpg,0
30322.jpg,6
30323.jpg,6
30324.jpg,9
30325.jpg,7
30326.jpg,3
30327.jpg,2
30328.jpg,0
30329.jpg,6
30330.jpg,7
30331.jpg,5
30332.jpg,0
30333.jpg,2
30334.jpg,0
30335.jpg,3
30336.jpg,8
30337.jpg,6
30338.jpg,9
30339.jpg,9
30340.jpg,7
30341.jpg,1
30342.jpg,2
30343.jpg,0
30344.jpg,8
30345.jpg,8
30346.jpg,0
30347.jpg,8
30348.jpg,2
30349.jpg,0
30350.jpg,9
30351.jpg,5
30352.jpg,1
30353.jpg,3
30354.jpg,3
30355.jpg,0
30356.jpg,7
30357.jpg,6
30358.jpg,1
30359.jpg,0
30360.jpg,7
30361.jpg,9
30362.jpg,3
30363.jpg,1
30364.jpg,6
30365.jpg,3
30366.jpg,5
30367.jpg,1
30368.jpg,8
30369.jpg,3
30370.jpg,3
30371.jpg,2
30372.jpg,2
30373.jpg,5
30374.jpg,7
30375.jpg,4
30376.jpg,8
30377.jpg,4
30378.jpg,3
30379.jpg,0
30380.jpg,5
30381.jpg,9
30382.jpg,5
30383.jpg,4
30384.jpg,3
30385.jpg,2
30386.jpg,1
30387.jpg,9
30388.jpg,2
30389.jpg,8
30390.jpg,7
30391.jpg,8
30392.jpg,2
30393.jpg,9
30394.jpg,1
30395.jpg,8
30396.jpg,6
30397.jpg,4
30398.jpg,2
30399.jpg,3
30400.jpg,3
30401.jpg,0
30402.jpg,8
30403.jpg,2
30404.jpg,3
30405.jpg,5
30406.jpg,7
30407.jpg,1
30408.jpg,8
30409.jpg,8
30410.jpg,1
30411.jpg,0
30412.jpg,9
30413.jpg,9
30414.jpg,9
30415.jpg,8
30416.jpg,7
30417.jpg,5
30418.jpg,0
30419.jpg,5
30420.jpg,0
30421.jpg,5
30422.jpg,1
30423.jpg,1
30424.jpg,4
30425.jpg,6
30426.jpg,7
30427.jpg,1
30428.jpg,2
30429.jpg,8
30430.jpg,5
30431.jpg,1
30432.jpg,0
30433.jpg,3
30434.jpg,5
30435.jpg,8
30436.jpg,6
30437.jpg,6
30438.jpg,6
30439.jpg,7
30440.jpg,7
30441.jpg,4
30442.jpg,0
30443.jpg,5
30444.jpg,2
30445.jpg,8
30446.jpg,3
30447.jpg,7
30448.jpg,0
30449.jpg,1
30450.jpg,9
30451.jpg,9
30452.jpg,2
30453.jpg,1
30454.jpg,7
30455.jpg,6
30456.jpg,5
30457.jpg,3
30458.jpg,8
30459.jpg,3
30460.jpg,0
30461.jpg,7
30462.jpg,6
30463.jpg,2
30464.jpg,7
30465.jpg,7
30466.jpg,6
30467.jpg,5
30468.jpg,6
30469.jpg,4
30470.jpg,8
30471.jpg,5
30472.jpg,1
30473.jpg,4
30474.jpg,9
30475.jpg,1
30476.jpg,0
30477.jpg,5
30478.jpg,7
30479.jpg,0
30480.jpg,2
30481.jpg,5
30482.jpg,0
30483.jpg,8
30484.jpg,1
30485.jpg,0
30486.jpg,4
30487.jpg,2
30488.jpg,2
30489.jpg,5
30490.jpg,5
30491.jpg,8
30492.jpg,0
30493.jpg,8
30494.jpg,9
30495.jpg,8
30496.jpg,4
30497.jpg,7
30498.jpg,6
30499.jpg,4
30500.jpg,8
30501.jpg,6
30502.jpg,7
30503.jpg,5
30504.jpg,0
30505.jpg,1
30506.jpg,3
30507.jpg,9
30508.jpg,9
30509.jpg,1
30510.jpg,4
30511.jpg,3
30512.jpg,8
30513.jpg,6
30514.jpg,6
30515.jpg,2
30516.jpg,0
30517.jpg,7
30518.jpg,1
30519.jpg,6
30520.jpg,1
30521.jpg,6
30522.jpg,4
30523.jpg,4
30524.jpg,8
30525.jpg,0
30526.jpg,0
30527.jpg,2
30528.jpg,5
30529.jpg,4
30530.jpg,4
30531.jpg,4
30532.jpg,3
30533.jpg,7
30534.jpg,2
30535.jpg,0
30536.jpg,5
30537.jpg,1
30538.jpg,5
30539.jpg,7
30540.jpg,9
30541.jpg,7
30542.jpg,0
30543.jpg,5
30544.jpg,6
30545.jpg,2
30546.jpg,3
30547.jpg,8
30548.jpg,0
30549.jpg,6
30550.jpg,4
30551.jpg,6
30552.jpg,8
30553.jpg,4
30554.jpg,1
30555.jpg,5
30556.jpg,0
30557.jpg,6
30558.jpg,3
30559.jpg,9
30560.jpg,4
30561.jpg,5
30562.jpg,4
30563.jpg,7
30564.jpg,9
30565.jpg,6
30566.jpg,2
30567.jpg,7
30568.jpg,6
30569.jpg,1
30570.jpg,7
30571.jpg,8
30572.jpg,5
30573.jpg,1
30574.jpg,9
30575.jpg,8
30576.jpg,1
30577.jpg,3
30578.jpg,8
30579.jpg,7
30580.jpg,4
30581.jpg,8
30582.jpg,1
30583.jpg,2
30584.jpg,3
30585.jpg,7
30586.jpg,0
30587.jpg,3
30588.jpg,4
30589.jpg,0
30590.jpg,0
30591.jpg,4
30592.jpg,8
30593.jpg,4
30594.jpg,1
30595.jpg,1
30596.jpg,9
30597.jpg,4
30598.jpg,8
30599.jpg,9
30600.jpg,5
30601.jpg,8
30602.jpg,1
30603.jpg,3
30604.jpg,7
30605.jpg,9
30606.jpg,8
30607.jpg,0
30608.jpg,5
30609.jpg,8
30610.jpg,4
30611.jpg,3
30612.jpg,0
30613.jpg,6
30614.jpg,8
30615.jpg,1
30616.jpg,5
30617.jpg,6
30618.jpg,0
30619.jpg,0
30620.jpg,5
30621.jpg,0
30622.jpg,9
30623.jpg,2
30624.jpg,3
30625.jpg,2
30626.jpg,7
30627.jpg,6
30628.jpg,6
30629.jpg,4
30630.jpg,7
30631.jpg,4
30632.jpg,5
30633.jpg,1
30634.jpg,3
30635.jpg,0
30636.jpg,8
30637.jpg,7
30638.jpg,9
30639.jpg,0
30640.jpg,6
30641.jpg,8
30642.jpg,4
30643.jpg,3
30644.jpg,0
30645.jpg,8
30646.jpg,7
30647.jpg,4
30648.jpg,0
30649.jpg,0
30650.jpg,4
30651.jpg,3
30652.jpg,0
30653.jpg,6
30654.jpg,0
30655.jpg,1
30656.jpg,1
30657.jpg,5
30658.jpg,4
30659.jpg,7
30660.jpg,4
30661.jpg,2
30662.jpg,5
30663.jpg,4
30664.jpg,6
30665.jpg,4
30666.jpg,6
30667.jpg,8
30668.jpg,3
30669.jpg,8
30670.jpg,3
30671.jpg,8
30672.jpg,7
30673.jpg,6
30674.jpg,4
30675.jpg,6
30676.jpg,9
30677.jpg,6
30678.jpg,1
30679.jpg,0
30680.jpg,0
30681.jpg,5
30682.jpg,4
30683.jpg,8
30684.jpg,7
30685.jpg,6
30686.jpg,5
30687.jpg,2
30688.jpg,5
30689.jpg,7
30690.jpg,3
30691.jpg,8
30692.jpg,7
30693.jpg,9
30694.jpg,7
30695.jpg,8
30696.jpg,6
30697.jpg,5
30698.jpg,9
30699.jpg,9
30700.jpg,8
30701.jpg,2
30702.jpg,8
30703.jpg,0
30704.jpg,2
30705.jpg,4
30706.jpg,2
30707.jpg,4
30708.jpg,0
30709.jpg,7
30710.jpg,6
30711.jpg,9
30712.jpg,3
30713.jpg,1
30714.jpg,2
30715.jpg,6
30716.jpg,2
30717.jpg,5
30718.jpg,4
30719.jpg,9
30720.jpg,2
30721.jpg,5
30722.jpg,9
30723.jpg,7
30724.jpg,9
30725.jpg,6
30726.jpg,3
30727.jpg,2
30728.jpg,8
30729.jpg,9
30730.jpg,7
30731.jpg,7
30732.jpg,3
30733.jpg,0
30734.jpg,9
30735.jpg,9
30736.jpg,2
30737.jpg,3
30738.jpg,8
30739.jpg,4
30740.jpg,0
30741.jpg,0
30742.jpg,9
30743.jpg,7
30744.jpg,7
30745.jpg,4
30746.jpg,0
30747.jpg,0
30748.jpg,6
30749.jpg,1
30750.jpg,9
30751.jpg,1
30752.jpg,0
30753.jpg,9
30754.jpg,5
30755.jpg,6
30756.jpg,3
30757.jpg,4
30758.jpg,1
30759.jpg,1
30760.jpg,6
30761.jpg,0
30762.jpg,1
30763.jpg,5
30764.jpg,3
30765.jpg,5
30766.jpg,9
30767.jpg,6
30768.jpg,0
30769.jpg,4
30770.jpg,4
30771.jpg,5
30772.jpg,5
30773.jpg,5
30774.jpg,9
30775.jpg,3
30776.jpg,5
30777.jpg,9
30778.jpg,8
30779.jpg,5
30780.jpg,8
30781.jpg,9
30782.jpg,6
30783.jpg,5
30784.jpg,8
30785.jpg,8
30786.jpg,2
30787.jpg,2
30788.jpg,3
30789.jpg,8
30790.jpg,9
30791.jpg,2
30792.jpg,3
30793.jpg,4
30794.jpg,4
30795.jpg,9
30796.jpg,0
30797.jpg,6
30798.jpg,4
30799.jpg,5
30800.jpg,5
30801.jpg,9
30802.jpg,0
30803.jpg,4
30804.jpg,6
30805.jpg,8
30806.jpg,0
30807.jpg,0
30808.jpg,1
30809.jpg,3
30810.jpg,9
30811.jpg,6
30812.jpg,9
30813.jpg,5
30814.jpg,1
30815.jpg,1
30816.jpg,7
30817.jpg,7
30818.jpg,0
30819.jpg,9
30820.jpg,7
30821.jpg,7
30822.jpg,1
30823.jpg,6
30824.jpg,6
30825.jpg,9
30826.jpg,3
30827.jpg,4
30828.jpg,2
30829.jpg,7
30830.jpg,0
30831.jpg,5
30832.jpg,2
30833.jpg,9
30834.jpg,7
30835.jpg,4
30836.jpg,6
30837.jpg,7
30838.jpg,1
30839.jpg,3
30840.jpg,4
30841.jpg,2
30842.jpg,4
30843.jpg,0
30844.jpg,4
30845.jpg,9
30846.jpg,4
30847.jpg,3
30848.jpg,4
30849.jpg,2
30850.jpg,6
30851.jpg,0
30852.jpg,3
30853.jpg,7
30854.jpg,4
30855.jpg,9
30856.jpg,6
30857.jpg,5
30858.jpg,9
30859.jpg,7
30860.jpg,2
30861.jpg,0
30862.jpg,4
30863.jpg,3
30864.jpg,8
30865.jpg,2
30866.jpg,7
30867.jpg,0
30868.jpg,5
30869.jpg,3
30870.jpg,3
30871.jpg,5
30872.jpg,0
30873.jpg,0
30874.jpg,6
30875.jpg,9
30876.jpg,0
30877.jpg,3
30878.jpg,5
30879.jpg,6
30880.jpg,1
30881.jpg,8
30882.jpg,6
30883.jpg,8
30884.jpg,6
30885.jpg,9
30886.jpg,8
30887.jpg,5
30888.jpg,3
30889.jpg,5
30890.jpg,0
30891.jpg,3
30892.jpg,7
30893.jpg,7
30894.jpg,6
30895.jpg,9
30896.jpg,0
30897.jpg,7
30898.jpg,9
30899.jpg,8
30900.jpg,2
30901.jpg,7
30902.jpg,9
30903.jpg,9
30904.jpg,5
30905.jpg,5
30906.jpg,0
30907.jpg,3
30908.jpg,2
30909.jpg,6
30910.jpg,0
30911.jpg,2
30912.jpg,7
30913.jpg,8
30914.jpg,3
30915.jpg,9
30916.jpg,7
30917.jpg,2
30918.jpg,2
30919.jpg,8
30920.jpg,6
30921.jpg,6
30922.jpg,3
30923.jpg,9
30924.jpg,2
30925.jpg,8
30926.jpg,8
30927.jpg,6
30928.jpg,0
30929.jpg,6
30930.jpg,7
30931.jpg,9
30932.jpg,5
30933.jpg,4
30934.jpg,5
30935.jpg,1
30936.jpg,1
30937.jpg,4
30938.jpg,5
30939.jpg,8
30940.jpg,5
30941.jpg,2
30942.jpg,7
30943.jpg,4
30944.jpg,5
30945.jpg,0
30946.jpg,6
30947.jpg,8
30948.jpg,9
30949.jpg,4
30950.jpg,3
30951.jpg,5
30952.jpg,6
30953.jpg,1
30954.jpg,3
30955.jpg,7
30956.jpg,0
30957.jpg,5
30958.jpg,1
30959.jpg,6
30960.jpg,2
30961.jpg,2
30962.jpg,4
30963.jpg,8
30964.jpg,1
30965.jpg,2
30966.jpg,2
30967.jpg,1
30968.jpg,2
30969.jpg,5
30970.jpg,9
30971.jpg,1
30972.jpg,1
30973.jpg,3
30974.jpg,4
30975.jpg,2
30976.jpg,9
30977.jpg,7
30978.jpg,0
30979.jpg,8
30980.jpg,2
30981.jpg,4
30982.jpg,6
30983.jpg,8
30984.jpg,0
30985.jpg,3
30986.jpg,7
30987.jpg,1
30988.jpg,8
30989.jpg,5
30990.jpg,8
30991.jpg,6
30992.jpg,5
30993.jpg,6
30994.jpg,2
30995.jpg,2
30996.jpg,3
30997.jpg,5
30998.jpg,7
30999.jpg,7
31000.jpg,7
31001.jpg,7
31002.jpg,8
31003.jpg,4
31004.jpg,6
31005.jpg,4
31006.jpg,1
31007.jpg,2
31008.jpg,8
31009.jpg,6
31010.jpg,1
31011.jpg,9
31012.jpg,3
31013.jpg,3
31014.jpg,2
31015.jpg,1
31016.jpg,3
31017.jpg,1
31018.jpg,2
31019.jpg,0
31020.jpg,3
31021.jpg,3
31022.jpg,5
31023.jpg,4
31024.jpg,2
31025.jpg,5
31026.jpg,1
31027.jpg,3
31028.jpg,8
31029.jpg,6
31030.jpg,0
31031.jpg,4
31032.jpg,1
31033.jpg,4
31034.jpg,5
31035.jpg,3
31036.jpg,0
31037.jpg,5
31038.jpg,0
31039.jpg,7
31040.jpg,0
31041.jpg,8
31042.jpg,8
31043.jpg,4
31044.jpg,9
31045.jpg,6
31046.jpg,5
31047.jpg,8
31048.jpg,8
31049.jpg,6
31050.jpg,7
31051.jpg,1
31052.jpg,7
31053.jpg,3
31054.jpg,9
31055.jpg,0
31056.jpg,4
31057.jpg,3
31058.jpg,4
31059.jpg,8
31060.jpg,3
31061.jpg,1
31062.jpg,5
31063.jpg,1
31064.jpg,6
31065.jpg,7
31066.jpg,3
31067.jpg,1
31068.jpg,0
31069.jpg,5
31070.jpg,8
31071.jpg,2
31072.jpg,1
31073.jpg,0
31074.jpg,6
31075.jpg,1
31076.jpg,7
31077.jpg,4
31078.jpg,8
31079.jpg,9
31080.jpg,2
31081.jpg,5
31082.jpg,5
31083.jpg,8
31084.jpg,2
31085.jpg,2
31086.jpg,4
31087.jpg,1
31088.jpg,6
31089.jpg,9
31090.jpg,6
31091.jpg,1
31092.jpg,1
31093.jpg,4
31094.jpg,5
31095.jpg,7
31096.jpg,5
31097.jpg,4
31098.jpg,5
31099.jpg,5
31100.jpg,4
31101.jpg,4
31102.jpg,3
31103.jpg,4
31104.jpg,2
31105.jpg,1
31106.jpg,6
31107.jpg,4
31108.jpg,3
31109.jpg,8
31110.jpg,1
31111.jpg,7
31112.jpg,8
31113.jpg,5
31114.jpg,1
31115.jpg,5
31116.jpg,3
31117.jpg,3
31118.jpg,0
31119.jpg,5
31120.jpg,4
31121.jpg,0
31122.jpg,8
31123.jpg,7
31124.jpg,0
31125.jpg,2
31126.jpg,9
31127.jpg,4
31128.jpg,9
31129.jpg,7
31130.jpg,5
31131.jpg,0
31132.jpg,8
31133.jpg,1
31134.jpg,3
31135.jpg,9
31136.jpg,4
31137.jpg,3
31138.jpg,1
31139.jpg,5
31140.jpg,6
31141.jpg,5
31142.jpg,6
31143.jpg,2
31144.jpg,3
31145.jpg,2
31146.jpg,0
31147.jpg,1
31148.jpg,4
31149.jpg,9
31150.jpg,7
31151.jpg,0
31152.jpg,0
31153.jpg,1
31154.jpg,3
31155.jpg,1
31156.jpg,9
31157.jpg,2
31158.jpg,3
31159.jpg,3
31160.jpg,6
31161.jpg,9
31162.jpg,4
31163.jpg,8
31164.jpg,0
31165.jpg,8
31166.jpg,9
31167.jpg,0
31168.jpg,3
31169.jpg,9
31170.jpg,1
31171.jpg,4
31172.jpg,8
31173.jpg,9
31174.jpg,2
31175.jpg,5
31176.jpg,5
31177.jpg,6
31178.jpg,4
31179.jpg,0
31180.jpg,7
31181.jpg,9
31182.jpg,3
31183.jpg,9
31184.jpg,6
31185.jpg,7
31186.jpg,4
31187.jpg,8
31188.jpg,6
31189.jpg,1
31190.jpg,5
31191.jpg,4
31192.jpg,1
31193.jpg,4
31194.jpg,2
31195.jpg,7
31196.jpg,6
31197.jpg,7
31198.jpg,2
31199.jpg,2
31200.jpg,0
31201.jpg,8
31202.jpg,4
31203.jpg,6
31204.jpg,9
31205.jpg,7
31206.jpg,5
31207.jpg,8
31208.jpg,2
31209.jpg,1
31210.jpg,5
31211.jpg,2
31212.jpg,0
31213.jpg,3
31214.jpg,2
31215.jpg,1
31216.jpg,4
31217.jpg,1
31218.jpg,8
31219.jpg,4
31220.jpg,0
31221.jpg,5
31222.jpg,0
31223.jpg,2
31224.jpg,8
31225.jpg,8
31226.jpg,9
31227.jpg,7
31228.jpg,9
31229.jpg,3
31230.jpg,1
31231.jpg,2
31232.jpg,5
31233.jpg,0
31234.jpg,0
31235.jpg,0
31236.jpg,2
31237.jpg,4
31238.jpg,0
31239.jpg,7
31240.jpg,8
31241.jpg,1
31242.jpg,0
31243.jpg,0
31244.jpg,9
31245.jpg,9
31246.jpg,4
31247.jpg,8
31248.jpg,1
31249.jpg,4
31250.jpg,8
31251.jpg,8
31252.jpg,4
31253.jpg,8
31254.jpg,1
31255.jpg,2
31256.jpg,8
31257.jpg,1
31258.jpg,0
31259.jpg,1
31260.jpg,6
31261.jpg,9
31262.jpg,1
31263.jpg,4
31264.jpg,8
31265.jpg,4
31266.jpg,0
31267.jpg,9
31268.jpg,4
31269.jpg,3
31270.jpg,4
31271.jpg,3
31272.jpg,6
31273.jpg,2
31274.jpg,0
31275.jpg,6
31276.jpg,9
31277.jpg,0
31278.jpg,9
31279.jpg,1
31280.jpg,9
31281.jpg,8
31282.jpg,9
31283.jpg,4
31284.jpg,9
31285.jpg,3
31286.jpg,4
31287.jpg,6
31288.jpg,8
31289.jpg,1
31290.jpg,6
31291.jpg,1
31292.jpg,8
31293.jpg,6
31294.jpg,4
31295.jpg,2
31296.jpg,1
31297.jpg,6
31298.jpg,8
31299.jpg,2
31300.jpg,0
31301.jpg,4
31302.jpg,4
31303.jpg,6
31304.jpg,7
31305.jpg,4
31306.jpg,3
31307.jpg,1
31308.jpg,2
31309.jpg,6
31310.jpg,9
31311.jpg,6
31312.jpg,2
31313.jpg,9
31314.jpg,8
31315.jpg,8
31316.jpg,9
31317.jpg,7
31318.jpg,5
31319.jpg,7
31320.jpg,6
31321.jpg,2
31322.jpg,1
31323.jpg,3
31324.jpg,0
31325.jpg,2
31326.jpg,6
31327.jpg,6
31328.jpg,6
31329.jpg,9
31330.jpg,3
31331.jpg,6
31332.jpg,7
31333.jpg,2
31334.jpg,3
31335.jpg,8
31336.jpg,1
31337.jpg,4
31338.jpg,1
31339.jpg,5
31340.jpg,5
31341.jpg,6
31342.jpg,2
31343.jpg,3
31344.jpg,7
31345.jpg,0
31346.jpg,2
31347.jpg,7
31348.jpg,9
31349.jpg,3
31350.jpg,6
31351.jpg,3
31352.jpg,0
31353.jpg,3
31354.jpg,9
31355.jpg,0
31356.jpg,1
31357.jpg,9
31358.jpg,5
31359.jpg,9
31360.jpg,5
31361.jpg,9
31362.jpg,2
31363.jpg,9
31364.jpg,3
31365.jpg,5
31366.jpg,8
31367.jpg,5
31368.jpg,1
31369.jpg,3
31370.jpg,7
31371.jpg,5
31372.jpg,3
31373.jpg,8
31374.jpg,6
31375.jpg,8
31376.jpg,5
31377.jpg,4
31378.jpg,1
31379.jpg,6
31380.jpg,4
31381.jpg,7
31382.jpg,4
31383.jpg,9
31384.jpg,3
31385.jpg,2
31386.jpg,9
31387.jpg,6
31388.jpg,4
31389.jpg,3
31390.jpg,7
31391.jpg,9
31392.jpg,1
31393.jpg,7
31394.jpg,3
31395.jpg,9
31396.jpg,9
31397.jpg,7
31398.jpg,1
31399.jpg,6
31400.jpg,5
31401.jpg,2
31402.jpg,4
31403.jpg,8
31404.jpg,1
31405.jpg,2
31406.jpg,5
31407.jpg,2
31408.jpg,9
31409.jpg,9
31410.jpg,0
31411.jpg,2
31412.jpg,3
31413.jpg,8
31414.jpg,0
31415.jpg,9
31416.jpg,7
31417.jpg,4
31418.jpg,7
31419.jpg,9
31420.jpg,5
31421.jpg,3
31422.jpg,2
31423.jpg,2
31424.jpg,8
31425.jpg,5
31426.jpg,7
31427.jpg,9
31428.jpg,3
31429.jpg,8
31430.jpg,7
31431.jpg,6
31432.jpg,0
31433.jpg,1
31434.jpg,8
31435.jpg,0
31436.jpg,9
31437.jpg,7
31438.jpg,7
31439.jpg,1
31440.jpg,8
31441.jpg,4
31442.jpg,5
31443.jpg,6
31444.jpg,6
31445.jpg,1
31446.jpg,3
31447.jpg,8
31448.jpg,6
31449.jpg,7
31450.jpg,8
31451.jpg,4
31452.jpg,0
31453.jpg,4
31454.jpg,2
31455.jpg,1
31456.jpg,0
31457.jpg,0
31458.jpg,2
31459.jpg,2
31460.jpg,0
31461.jpg,3
31462.jpg,7
31463.jpg,1
31464.jpg,6
31465.jpg,8
31466.jpg,6
31467.jpg,0
31468.jpg,9
31469.jpg,2
31470.jpg,2
31471.jpg,1
31472.jpg,1
31473.jpg,7
31474.jpg,2
31475.jpg,5
31476.jpg,6
31477.jpg,9
31478.jpg,3
31479.jpg,7
31480.jpg,5
31481.jpg,2
31482.jpg,4
31483.jpg,4
31484.jpg,0
31485.jpg,8
31486.jpg,3
31487.jpg,6
31488.jpg,2
31489.jpg,1
31490.jpg,0
31491.jpg,6
31492.jpg,7
31493.jpg,3
31494.jpg,9
31495.jpg,9
31496.jpg,7
31497.jpg,3
31498.jpg,2
31499.jpg,5
31500.jpg,4
31501.jpg,5
31502.jpg,1
31503.jpg,9
31504.jpg,9
31505.jpg,9
31506.jpg,7
31507.jpg,8
31508.jpg,9
31509.jpg,8
31510.jpg,0
31511.jpg,3
31512.jpg,2
31513.jpg,3
31514.jpg,3
31515.jpg,6
31516.jpg,6
31517.jpg,7
31518.jpg,4
31519.jpg,1
31520.jpg,1
31521.jpg,3
31522.jpg,4
31523.jpg,4
31524.jpg,0
31525.jpg,1
31526.jpg,7
31527.jpg,3
31528.jpg,6
31529.jpg,1
31530.jpg,4
31531.jpg,5
31532.jpg,1
31533.jpg,6
31534.jpg,6
31535.jpg,9
31536.jpg,3
31537.jpg,6
31538.jpg,2
31539.jpg,9
31540.jpg,3
31541.jpg,9
31542.jpg,2
31543.jpg,8
31544.jpg,9
31545.jpg,3
31546.jpg,0
31547.jpg,4
31548.jpg,2
31549.jpg,6
31550.jpg,1
31551.jpg,2
31552.jpg,6
31553.jpg,6
31554.jpg,4
31555.jpg,8
31556.jpg,2
31557.jpg,0
31558.jpg,6
31559.jpg,5
31560.jpg,9
31561.jpg,6
31562.jpg,2
31563.jpg,1
31564.jpg,5
31565.jpg,5
31566.jpg,5
31567.jpg,8
31568.jpg,1
31569.jpg,3
31570.jpg,8
31571.jpg,9
31572.jpg,8
31573.jpg,4
31574.jpg,0
31575.jpg,7
31576.jpg,1
31577.jpg,2
31578.jpg,3
31579.jpg,1
31580.jpg,9
31581.jpg,3
31582.jpg,4
31583.jpg,5
31584.jpg,7
31585.jpg,8
31586.jpg,1
31587.jpg,5
31588.jpg,0
31589.jpg,3
31590.jpg,4
31591.jpg,2
31592.jpg,9
31593.jpg,6
31594.jpg,3
31595.jpg,4
31596.jpg,7
31597.jpg,3
31598.jpg,8
31599.jpg,2
31600.jpg,0
31601.jpg,3
31602.jpg,1
31603.jpg,6
31604.jpg,2
31605.jpg,9
31606.jpg,0
31607.jpg,1
31608.jpg,4
31609.jpg,0
31610.jpg,4
31611.jpg,9
31612.jpg,8
31613.jpg,0
31614.jpg,9
31615.jpg,8
31616.jpg,8
31617.jpg,1
31618.jpg,4
31619.jpg,2
31620.jpg,7
31621.jpg,6
31622.jpg,6
31623.jpg,4
31624.jpg,7
31625.jpg,4
31626.jpg,7
31627.jpg,1
31628.jpg,0
31629.jpg,8
31630.jpg,9
31631.jpg,9
31632.jpg,6
31633.jpg,9
31634.jpg,9
31635.jpg,4
31636.jpg,0
31637.jpg,1
31638.jpg,5
31639.jpg,3
31640.jpg,9
31641.jpg,6
31642.jpg,4
31643.jpg,1
31644.jpg,2
31645.jpg,6
31646.jpg,5
31647.jpg,8
31648.jpg,4
31649.jpg,4
31650.jpg,6
31651.jpg,0
31652.jpg,6
31653.jpg,1
31654.jpg,1
31655.jpg,7
31656.jpg,6
31657.jpg,4
31658.jpg,3
31659.jpg,4
31660.jpg,7
31661.jpg,2
31662.jpg,2
31663.jpg,1
31664.jpg,0
31665.jpg,4
31666.jpg,1
31667.jpg,2
31668.jpg,6
31669.jpg,4
31670.jpg,7
31671.jpg,6
31672.jpg,6
31673.jpg,3
31674.jpg,8
31675.jpg,4
31676.jpg,8
31677.jpg,0
31678.jpg,8
31679.jpg,7
31680.jpg,5
31681.jpg,2
31682.jpg,0
31683.jpg,9
31684.jpg,6
31685.jpg,8
31686.jpg,1
31687.jpg,5
31688.jpg,4
31689.jpg,8
31690.jpg,1
31691.jpg,4
31692.jpg,5
31693.jpg,7
31694.jpg,3
31695.jpg,1
31696.jpg,0
31697.jpg,5
31698.jpg,9
31699.jpg,4
31700.jpg,7
31701.jpg,1
31702.jpg,0
31703.jpg,5
31704.jpg,7
31705.jpg,3
31706.jpg,1
31707.jpg,6
31708.jpg,5
31709.jpg,6
31710.jpg,1
31711.jpg,4
31712.jpg,8
31713.jpg,3
31714.jpg,8
31715.jpg,3
31716.jpg,2
31717.jpg,7
31718.jpg,5
31719.jpg,3
31720.jpg,5
31721.jpg,2
31722.jpg,6
31723.jpg,1
31724.jpg,7
31725.jpg,3
31726.jpg,4
31727.jpg,8
31728.jpg,5
31729.jpg,7
31730.jpg,8
31731.jpg,0
31732.jpg,8
31733.jpg,1
31734.jpg,3
31735.jpg,7
31736.jpg,1
31737.jpg,4
31738.jpg,3
31739.jpg,1
31740.jpg,0
31741.jpg,0
31742.jpg,1
31743.jpg,5
31744.jpg,8
31745.jpg,0
31746.jpg,9
31747.jpg,3
31748.jpg,1
31749.jpg,6
31750.jpg,4
31751.jpg,0
31752.jpg,5
31753.jpg,8
31754.jpg,7
31755.jpg,7
31756.jpg,0
31757.jpg,8
31758.jpg,7
31759.jpg,5
31760.jpg,1
31761.jpg,8
31762.jpg,0
31763.jpg,2
31764.jpg,2
31765.jpg,9
31766.jpg,4
31767.jpg,2
31768.jpg,1
31769.jpg,8
31770.jpg,4
31771.jpg,9
31772.jpg,0
31773.jpg,8
31774.jpg,0
31775.jpg,2
31776.jpg,9
31777.jpg,4
31778.jpg,6
31779.jpg,8
31780.jpg,7
31781.jpg,7
31782.jpg,3
31783.jpg,7
31784.jpg,7
31785.jpg,6
31786.jpg,9
31787.jpg,9
31788.jpg,4
31789.jpg,5
31790.jpg,2
31791.jpg,7
31792.jpg,0
31793.jpg,5
31794.jpg,1
31795.jpg,7
31796.jpg,6
31797.jpg,0
31798.jpg,5
31799.jpg,6
31800.jpg,0
31801.jpg,6
31802.jpg,2
31803.jpg,7
31804.jpg,4
31805.jpg,7
31806.jpg,0
31807.jpg,1
31808.jpg,8
31809.jpg,6
31810.jpg,4
31811.jpg,9
31812.jpg,5
31813.jpg,9
31814.jpg,4
31815.jpg,3
31816.jpg,7
31817.jpg,5
31818.jpg,0
31819.jpg,4
31820.jpg,4
31821.jpg,0
31822.jpg,4
31823.jpg,4
31824.jpg,4
31825.jpg,4
31826.jpg,3
31827.jpg,3
31828.jpg,5
31829.jpg,8
31830.jpg,6
31831.jpg,3
31832.jpg,5
31833.jpg,8
31834.jpg,2
31835.jpg,8
31836.jpg,4
31837.jpg,1
31838.jpg,7
31839.jpg,4
31840.jpg,9
31841.jpg,7
31842.jpg,0
31843.jpg,7
31844.jpg,1
31845.jpg,3
31846.jpg,7
31847.jpg,1
31848.jpg,0
31849.jpg,1
31850.jpg,7
31851.jpg,0
31852.jpg,4
31853.jpg,3
31854.jpg,7
31855.jpg,0
31856.jpg,2
31857.jpg,1
31858.jpg,0
31859.jpg,1
31860.jpg,2
31861.jpg,1
31862.jpg,1
31863.jpg,0
31864.jpg,8
31865.jpg,2
31866.jpg,3
31867.jpg,8
31868.jpg,0
31869.jpg,1
31870.jpg,6
31871.jpg,3
31872.jpg,3
31873.jpg,6
31874.jpg,3
31875.jpg,5
31876.jpg,9
31877.jpg,7
31878.jpg,4
31879.jpg,0
31880.jpg,0
31881.jpg,7
31882.jpg,0
31883.jpg,7
31884.jpg,2
31885.jpg,9
31886.jpg,5
31887.jpg,6
31888.jpg,1
31889.jpg,8
31890.jpg,2
31891.jpg,2
31892.jpg,3
31893.jpg,8
31894.jpg,2
31895.jpg,9
31896.jpg,1
31897.jpg,4
31898.jpg,7
31899.jpg,9
31900.jpg,0
31901.jpg,9
31902.jpg,8
31903.jpg,3
31904.jpg,9
31905.jpg,9
31906.jpg,9
31907.jpg,0
31908.jpg,1
31909.jpg,6
31910.jpg,3
31911.jpg,1
31912.jpg,2
31913.jpg,8
31914.jpg,3
31915.jpg,5
31916.jpg,6
31917.jpg,3
31918.jpg,3
31919.jpg,4
31920.jpg,9
31921.jpg,6
31922.jpg,1
31923.jpg,6
31924.jpg,6
31925.jpg,2
31926.jpg,9
31927.jpg,4
31928.jpg,5
31929.jpg,0
31930.jpg,2
31931.jpg,4
31932.jpg,0
31933.jpg,2
31934.jpg,4
31935.jpg,8
31936.jpg,6
31937.jpg,3
31938.jpg,5
31939.jpg,2
31940.jpg,6
31941.jpg,8
31942.jpg,5
31943.jpg,8
31944.jpg,3
31945.jpg,3
31946.jpg,1
31947.jpg,2
31948.jpg,1
31949.jpg,7
31950.jpg,8
31951.jpg,3
31952.jpg,3
31953.jpg,4
31954.jpg,8
31955.jpg,4
31956.jpg,7
31957.jpg,8
31958.jpg,4
31959.jpg,7
31960.jpg,0
31961.jpg,4
31962.jpg,8
31963.jpg,1
31964.jpg,1
31965.jpg,6
31966.jpg,1
31967.jpg,9
31968.jpg,7
31969.jpg,6
31970.jpg,2
31971.jpg,0
31972.jpg,2
31973.jpg,7
31974.jpg,7
31975.jpg,0
31976.jpg,9
31977.jpg,9
31978.jpg,1
31979.jpg,1
31980.jpg,8
31981.jpg,6
31982.jpg,4
31983.jpg,6
31984.jpg,1
31985.jpg,7
31986.jpg,1
31987.jpg,4
31988.jpg,8
31989.jpg,3
31990.jpg,2
31991.jpg,2
31992.jpg,3
31993.jpg,3
31994.jpg,9
31995.jpg,2
31996.jpg,9
31997.jpg,5
31998.jpg,3
31999.jpg,2
32000.jpg,9
32001.jpg,5
32002.jpg,8
32003.jpg,7
32004.jpg,8
32005.jpg,5
32006.jpg,8
32007.jpg,1
32008.jpg,3
32009.jpg,6
32010.jpg,0
32011.jpg,3
32012.jpg,3
32013.jpg,6
32014.jpg,2
32015.jpg,6
32016.jpg,5
32017.jpg,8
32018.jpg,7
32019.jpg,0
32020.jpg,2
32021.jpg,3
32022.jpg,4
32023.jpg,3
32024.jpg,8
32025.jpg,9
32026.jpg,0
32027.jpg,6
32028.jpg,3
32029.jpg,3
32030.jpg,4
32031.jpg,1
32032.jpg,8
32033.jpg,5
32034.jpg,7
32035.jpg,4
32036.jpg,4
32037.jpg,3
32038.jpg,5
32039.jpg,0
32040.jpg,4
32041.jpg,5
32042.jpg,9
32043.jpg,2
32044.jpg,0
32045.jpg,2
32046.jpg,6
32047.jpg,9
32048.jpg,8
32049.jpg,6
32050.jpg,8
32051.jpg,7
32052.jpg,7
32053.jpg,1
32054.jpg,5
32055.jpg,9
32056.jpg,3
32057.jpg,0
32058.jpg,9
32059.jpg,4
32060.jpg,1
32061.jpg,7
32062.jpg,2
32063.jpg,7
32064.jpg,5
32065.jpg,1
32066.jpg,8
32067.jpg,6
32068.jpg,8
32069.jpg,0
32070.jpg,4
32071.jpg,3
32072.jpg,4
32073.jpg,0
32074.jpg,3
32075.jpg,7
32076.jpg,5
32077.jpg,6
32078.jpg,7
32079.jpg,6
32080.jpg,4
32081.jpg,1
32082.jpg,7
32083.jpg,0
32084.jpg,3
32085.jpg,1
32086.jpg,3
32087.jpg,4
32088.jpg,5
32089.jpg,5
32090.jpg,2
32091.jpg,2
32092.jpg,5
32093.jpg,6
32094.jpg,2
32095.jpg,7
32096.jpg,4
32097.jpg,7
32098.jpg,2
32099.jpg,6
32100.jpg,5
32101.jpg,9
32102.jpg,9
32103.jpg,0
32104.jpg,4
32105.jpg,0
32106.jpg,9
32107.jpg,2
32108.jpg,6
32109.jpg,4
32110.jpg,0
32111.jpg,5
32112.jpg,2
32113.jpg,1
32114.jpg,7
32115.jpg,5
32116.jpg,1
32117.jpg,7
32118.jpg,7
32119.jpg,1
32120.jpg,2
32121.jpg,1
32122.jpg,3
32123.jpg,9
32124.jpg,1
32125.jpg,7
32126.jpg,7
32127.jpg,9
32128.jpg,9
32129.jpg,3
32130.jpg,1
32131.jpg,3
32132.jpg,2
32133.jpg,3
32134.jpg,3
32135.jpg,8
32136.jpg,6
32137.jpg,7
32138.jpg,4
32139.jpg,9
32140.jpg,9
32141.jpg,3
32142.jpg,4
32143.jpg,1
32144.jpg,2
32145.jpg,6
32146.jpg,4
32147.jpg,2
32148.jpg,0
32149.jpg,9
32150.jpg,1
32151.jpg,0
32152.jpg,5
32153.jpg,3
32154.jpg,9
32155.jpg,2
32156.jpg,6
32157.jpg,9
32158.jpg,2
32159.jpg,9
32160.jpg,4
32161.jpg,8
32162.jpg,8
32163.jpg,1
32164.jpg,4
32165.jpg,0
32166.jpg,0
32167.jpg,6
32168.jpg,2
32169.jpg,6
32170.jpg,5
32171.jpg,1
32172.jpg,2
32173.jpg,9
32174.jpg,5
32175.jpg,0
32176.jpg,3
32177.jpg,5
32178.jpg,5
32179.jpg,0
32180.jpg,2
32181.jpg,2
32182.jpg,8
32183.jpg,0
32184.jpg,7
32185.jpg,2
32186.jpg,6
32187.jpg,3
32188.jpg,1
32189.jpg,3
32190.jpg,0
32191.jpg,9
32192.jpg,3
32193.jpg,2
32194.jpg,5
32195.jpg,3
32196.jpg,6
32197.jpg,2
32198.jpg,3
32199.jpg,0
32200.jpg,2
32201.jpg,0
32202.jpg,8
32203.jpg,8
32204.jpg,0
32205.jpg,0
32206.jpg,3
32207.jpg,8
32208.jpg,9
32209.jpg,6
32210.jpg,1
32211.jpg,1
32212.jpg,5
32213.jpg,9
32214.jpg,9
32215.jpg,8
32216.jpg,4
32217.jpg,2
32218.jpg,5
32219.jpg,4
32220.jpg,8
32221.jpg,1
32222.jpg,5
32223.jpg,3
32224.jpg,9
32225.jpg,4
32226.jpg,0
32227.jpg,2
32228.jpg,1
32229.jpg,4
32230.jpg,2
32231.jpg,0
32232.jpg,6
32233.jpg,3
32234.jpg,2
32235.jpg,0
32236.jpg,8
32237.jpg,1
32238.jpg,7
32239.jpg,1
32240.jpg,5
32241.jpg,0
32242.jpg,5
32243.jpg,5
32244.jpg,9
32245.jpg,8
32246.jpg,9
32247.jpg,8
32248.jpg,0
32249.jpg,8
32250.jpg,6
32251.jpg,7
32252.jpg,3
32253.jpg,9
32254.jpg,8
32255.jpg,7
32256.jpg,5
32257.jpg,6
32258.jpg,3
32259.jpg,7
32260.jpg,1
32261.jpg,6
32262.jpg,9
32263.jpg,9
32264.jpg,9
32265.jpg,8
32266.jpg,8
32267.jpg,2
32268.jpg,7
32269.jpg,2
32270.jpg,8
32271.jpg,2
32272.jpg,0
32273.jpg,5
32274.jpg,5
32275.jpg,8
32276.jpg,1
32277.jpg,4
32278.jpg,9
32279.jpg,9
32280.jpg,8
32281.jpg,1
32282.jpg,1
32283.jpg,0
32284.jpg,7
32285.jpg,4
32286.jpg,5
32287.jpg,1
32288.jpg,0
32289.jpg,9
32290.jpg,7
32291.jpg,6
32292.jpg,1
32293.jpg,5
32294.jpg,1
32295.jpg,9
32296.jpg,4
32297.jpg,6
32298.jpg,0
32299.jpg,7
32300.jpg,8
32301.jpg,0
32302.jpg,2
32303.jpg,4
32304.jpg,7
32305.jpg,1
32306.jpg,9
32307.jpg,1
32308.jpg,6
32309.jpg,0
32310.jpg,4
32311.jpg,6
32312.jpg,4
32313.jpg,4
32314.jpg,4
32315.jpg,4
32316.jpg,8
32317.jpg,5
32318.jpg,1
32319.jpg,4
32320.jpg,0
32321.jpg,3
32322.jpg,7
32323.jpg,5
32324.jpg,8
32325.jpg,8
32326.jpg,9
32327.jpg,6
32328.jpg,2
32329.jpg,2
32330.jpg,7
32331.jpg,8
32332.jpg,0
32333.jpg,8
32334.jpg,6
32335.jpg,1
32336.jpg,3
32337.jpg,5
32338.jpg,7
32339.jpg,7
32340.jpg,6
32341.jpg,1
32342.jpg,4
32343.jpg,9
32344.jpg,5
32345.jpg,2
32346.jpg,9
32347.jpg,1
32348.jpg,5
32349.jpg,9
32350.jpg,4
32351.jpg,3
32352.jpg,1
32353.jpg,7
32354.jpg,3
32355.jpg,7
32356.jpg,5
32357.jpg,3
32358.jpg,6
32359.jpg,8
32360.jpg,7
32361.jpg,0
32362.jpg,9
32363.jpg,5
32364.jpg,0
32365.jpg,3
32366.jpg,7
32367.jpg,8
32368.jpg,7
32369.jpg,9
32370.jpg,3
32371.jpg,8
32372.jpg,0
32373.jpg,3
32374.jpg,6
32375.jpg,4
32376.jpg,0
32377.jpg,5
32378.jpg,7
32379.jpg,0
32380.jpg,6
32381.jpg,7
32382.jpg,3
32383.jpg,4
32384.jpg,5
32385.jpg,9
32386.jpg,7
32387.jpg,9
32388.jpg,8
32389.jpg,8
32390.jpg,7
32391.jpg,6
32392.jpg,1
32393.jpg,5
32394.jpg,2
32395.jpg,9
32396.jpg,5
32397.jpg,5
32398.jpg,4
32399.jpg,0
32400.jpg,0
32401.jpg,4
32402.jpg,1
32403.jpg,4
32404.jpg,6
32405.jpg,5
32406.jpg,9
32407.jpg,9
32408.jpg,3
32409.jpg,5
32410.jpg,1
32411.jpg,3
32412.jpg,2
32413.jpg,1
32414.jpg,9
32415.jpg,6
32416.jpg,6
32417.jpg,3
32418.jpg,4
32419.jpg,4
32420.jpg,9
32421.jpg,7
32422.jpg,9
32423.jpg,7
32424.jpg,1
32425.jpg,1
32426.jpg,7
32427.jpg,2
32428.jpg,2
32429.jpg,8
32430.jpg,2
32431.jpg,4
32432.jpg,5
32433.jpg,3
32434.jpg,4
32435.jpg,0
32436.jpg,6
32437.jpg,1
32438.jpg,1
32439.jpg,0
32440.jpg,7
32441.jpg,9
32442.jpg,4
32443.jpg,1
32444.jpg,6
32445.jpg,3
32446.jpg,0
32447.jpg,6
32448.jpg,1
32449.jpg,8
32450.jpg,2
32451.jpg,5
32452.jpg,9
32453.jpg,7
32454.jpg,9
32455.jpg,3
32456.jpg,0
32457.jpg,7
32458.jpg,9
32459.jpg,6
32460.jpg,6
32461.jpg,5
32462.jpg,9
32463.jpg,7
32464.jpg,1
32465.jpg,0
32466.jpg,7
32467.jpg,8
32468.jpg,2
32469.jpg,8
32470.jpg,7
32471.jpg,9
32472.jpg,2
32473.jpg,9
32474.jpg,3
32475.jpg,1
32476.jpg,0
32477.jpg,8
32478.jpg,7
32479.jpg,3
32480.jpg,2
32481.jpg,3
32482.jpg,3
32483.jpg,2
32484.jpg,6
32485.jpg,7
32486.jpg,4
32487.jpg,4
32488.jpg,8
32489.jpg,2
32490.jpg,1
32491.jpg,5
32492.jpg,3
32493.jpg,0
32494.jpg,5
32495.jpg,9
32496.jpg,3
32497.jpg,8
32498.jpg,1
32499.jpg,8
32500.jpg,7
32501.jpg,3
32502.jpg,8
32503.jpg,5
32504.jpg,3
32505.jpg,5
32506.jpg,8
32507.jpg,1
32508.jpg,3
32509.jpg,6
32510.jpg,6
32511.jpg,5
32512.jpg,4
32513.jpg,5
32514.jpg,7
32515.jpg,8
32516.jpg,4
32517.jpg,0
32518.jpg,5
32519.jpg,0
32520.jpg,5
32521.jpg,8
32522.jpg,3
32523.jpg,2
32524.jpg,5
32525.jpg,6
32526.jpg,4
32527.jpg,6
32528.jpg,5
32529.jpg,6
32530.jpg,5
32531.jpg,1
32532.jpg,2
32533.jpg,5
32534.jpg,8
32535.jpg,4
32536.jpg,2
32537.jpg,5
32538.jpg,5
32539.jpg,1
32540.jpg,6
32541.jpg,3
32542.jpg,2
32543.jpg,0
32544.jpg,4
32545.jpg,3
32546.jpg,7
32547.jpg,3
32548.jpg,3
32549.jpg,5
32550.jpg,7
32551.jpg,3
32552.jpg,6
32553.jpg,4
32554.jpg,9
32555.jpg,7
32556.jpg,9
32557.jpg,8
32558.jpg,3
32559.jpg,0
32560.jpg,9
32561.jpg,9
32562.jpg,6
32563.jpg,0
32564.jpg,2
32565.jpg,6
32566.jpg,0
32567.jpg,6
32568.jpg,2
32569.jpg,0
32570.jpg,4
32571.jpg,8
32572.jpg,0
32573.jpg,0
32574.jpg,8
32575.jpg,4
32576.jpg,0
32577.jpg,6
32578.jpg,5
32579.jpg,8
32580.jpg,5
32581.jpg,2
32582.jpg,5
32583.jpg,8
32584.jpg,6
32585.jpg,3
32586.jpg,9
32587.jpg,0
32588.jpg,2
32589.jpg,0
32590.jpg,3
32591.jpg,9
32592.jpg,6
32593.jpg,7
32594.jpg,2
32595.jpg,7
32596.jpg,7
32597.jpg,0
32598.jpg,7
32599.jpg,9
32600.jpg,2
32601.jpg,2
32602.jpg,2
32603.jpg,4
32604.jpg,3
32605.jpg,2
32606.jpg,1
32607.jpg,8
32608.jpg,7
32609.jpg,8
32610.jpg,6
32611.jpg,8
32612.jpg,7
32613.jpg,5
32614.jpg,6
32615.jpg,2
32616.jpg,6
32617.jpg,8
32618.jpg,0
32619.jpg,6
32620.jpg,5
32621.jpg,0
32622.jpg,0
32623.jpg,5
32624.jpg,9
32625.jpg,1
32626.jpg,7
32627.jpg,9
32628.jpg,0
32629.jpg,4
32630.jpg,0
32631.jpg,4
32632.jpg,9
32633.jpg,3
32634.jpg,7
32635.jpg,5
32636.jpg,4
32637.jpg,1
32638.jpg,9
32639.jpg,2
32640.jpg,4
32641.jpg,6
32642.jpg,5
32643.jpg,4
32644.jpg,0
32645.jpg,5
32646.jpg,3
32647.jpg,3
32648.jpg,2
32649.jpg,0
32650.jpg,3
32651.jpg,7
32652.jpg,1
32653.jpg,4
32654.jpg,3
32655.jpg,1
32656.jpg,4
32657.jpg,3
32658.jpg,1
32659.jpg,7
32660.jpg,6
32661.jpg,2
32662.jpg,4
32663.jpg,1
32664.jpg,4
32665.jpg,4
32666.jpg,1
32667.jpg,9
32668.jpg,7
32669.jpg,1
32670.jpg,3
32671.jpg,6
32672.jpg,9
32673.jpg,1
32674.jpg,0
32675.jpg,4
32676.jpg,8
32677.jpg,8
32678.jpg,0
32679.jpg,6
32680.jpg,7
32681.jpg,9
32682.jpg,3
32683.jpg,8
32684.jpg,1
32685.jpg,7
32686.jpg,5
32687.jpg,2
32688.jpg,0
32689.jpg,9
32690.jpg,6
32691.jpg,5
32692.jpg,8
32693.jpg,8
32694.jpg,2
32695.jpg,4
32696.jpg,2
32697.jpg,1
32698.jpg,5
32699.jpg,8
32700.jpg,4
32701.jpg,8
32702.jpg,4
32703.jpg,9
32704.jpg,9
32705.jpg,8
32706.jpg,2
32707.jpg,1
32708.jpg,3
32709.jpg,1
32710.jpg,1
32711.jpg,0
32712.jpg,6
32713.jpg,8
32714.jpg,9
32715.jpg,1
32716.jpg,4
32717.jpg,2
32718.jpg,4
32719.jpg,7
32720.jpg,8
32721.jpg,5
32722.jpg,0
32723.jpg,6
32724.jpg,6
32725.jpg,4
32726.jpg,1
32727.jpg,9
32728.jpg,5
32729.jpg,4
32730.jpg,8
32731.jpg,5
32732.jpg,6
32733.jpg,9
32734.jpg,1
32735.jpg,1
32736.jpg,3
32737.jpg,3
32738.jpg,3
32739.jpg,9
32740.jpg,3
32741.jpg,9
32742.jpg,6
32743.jpg,2
32744.jpg,3
32745.jpg,5
32746.jpg,2
32747.jpg,7
32748.jpg,6
32749.jpg,8
32750.jpg,4
32751.jpg,7
32752.jpg,3
32753.jpg,1
32754.jpg,0
32755.jpg,0
32756.jpg,6
32757.jpg,3
32758.jpg,1
32759.jpg,0
32760.jpg,4
32761.jpg,1
32762.jpg,6
32763.jpg,8
32764.jpg,9
32765.jpg,2
32766.jpg,3
32767.jpg,9
32768.jpg,8
32769.jpg,4
32770.jpg,8
32771.jpg,7
32772.jpg,5
32773.jpg,3
32774.jpg,2
32775.jpg,2
32776.jpg,5
32777.jpg,6
32778.jpg,6
32779.jpg,3
32780.jpg,6
32781.jpg,8
32782.jpg,5
32783.jpg,3
32784.jpg,0
32785.jpg,1
32786.jpg,0
32787.jpg,3
32788.jpg,7
32789.jpg,3
32790.jpg,6
32791.jpg,6
32792.jpg,2
32793.jpg,1
32794.jpg,8
32795.jpg,4
32796.jpg,0
32797.jpg,0
32798.jpg,5
32799.jpg,8
32800.jpg,3
32801.jpg,3
32802.jpg,1
32803.jpg,2
32804.jpg,0
32805.jpg,1
32806.jpg,3
32807.jpg,8
32808.jpg,0
32809.jpg,4
32810.jpg,8
32811.jpg,4
32812.jpg,7
32813.jpg,5
32814.jpg,7
32815.jpg,2
32816.jpg,7
32817.jpg,5
32818.jpg,5
32819.jpg,6
32820.jpg,5
32821.jpg,2
32822.jpg,8
32823.jpg,1
32824.jpg,9
32825.jpg,3
32826.jpg,8
32827.jpg,3
32828.jpg,5
32829.jpg,0
32830.jpg,4
32831.jpg,7
32832.jpg,2
32833.jpg,1
32834.jpg,1
32835.jpg,8
32836.jpg,6
32837.jpg,3
32838.jpg,5
32839.jpg,2
32840.jpg,8
32841.jpg,9
32842.jpg,8
32843.jpg,9
32844.jpg,0
32845.jpg,3
32846.jpg,5
32847.jpg,8
32848.jpg,2
32849.jpg,4
32850.jpg,6
32851.jpg,9
32852.jpg,0
32853.jpg,3
32854.jpg,2
32855.jpg,9
32856.jpg,2
32857.jpg,9
32858.jpg,6
32859.jpg,6
32860.jpg,1
32861.jpg,2
32862.jpg,5
32863.jpg,4
32864.jpg,8
32865.jpg,3
32866.jpg,5
32867.jpg,0
32868.jpg,7
32869.jpg,0
32870.jpg,8
32871.jpg,4
32872.jpg,6
32873.jpg,6
32874.jpg,7
32875.jpg,9
32876.jpg,6
32877.jpg,1
32878.jpg,0
32879.jpg,1
32880.jpg,3
32881.jpg,6
32882.jpg,3
32883.jpg,0
32884.jpg,8
32885.jpg,9
32886.jpg,7
32887.jpg,7
32888.jpg,6
32889.jpg,2
32890.jpg,9
32891.jpg,2
32892.jpg,0
32893.jpg,6
32894.jpg,2
32895.jpg,7
32896.jpg,6
32897.jpg,8
32898.jpg,8
32899.jpg,1
32900.jpg,9
32901.jpg,6
32902.jpg,5
32903.jpg,4
32904.jpg,4
32905.jpg,9
32906.jpg,6
32907.jpg,4
32908.jpg,0
32909.jpg,7
32910.jpg,4
32911.jpg,9
32912.jpg,1
32913.jpg,1
32914.jpg,3
32915.jpg,4
32916.jpg,1
32917.jpg,8
32918.jpg,1
32919.jpg,5
32920.jpg,3
32921.jpg,1
32922.jpg,8
32923.jpg,6
32924.jpg,5
32925.jpg,1
32926.jpg,8
32927.jpg,1
32928.jpg,2
32929.jpg,0
32930.jpg,3
32931.jpg,0
32932.jpg,5
32933.jpg,8
32934.jpg,0
32935.jpg,1
32936.jpg,7
32937.jpg,5
32938.jpg,4
32939.jpg,7
32940.jpg,5
32941.jpg,9
32942.jpg,2
32943.jpg,5
32944.jpg,8
32945.jpg,0
32946.jpg,5
32947.jpg,2
32948.jpg,6
32949.jpg,3
32950.jpg,5
32951.jpg,7
32952.jpg,0
32953.jpg,3
32954.jpg,1
32955.jpg,7
32956.jpg,6
32957.jpg,8
32958.jpg,1
32959.jpg,7
32960.jpg,6
32961.jpg,5
32962.jpg,7
32963.jpg,8
32964.jpg,7
32965.jpg,8
32966.jpg,5
32967.jpg,4
32968.jpg,6
32969.jpg,4
32970.jpg,3
32971.jpg,9
32972.jpg,0
32973.jpg,9
32974.jpg,4
32975.jpg,6
32976.jpg,1
32977.jpg,4
32978.jpg,1
32979.jpg,4
32980.jpg,6
32981.jpg,9
32982.jpg,4
32983.jpg,4
32984.jpg,0
32985.jpg,4
32986.jpg,2
32987.jpg,5
32988.jpg,2
32989.jpg,5
32990.jpg,2
32991.jpg,1
32992.jpg,0
32993.jpg,2
32994.jpg,9
32995.jpg,2
32996.jpg,7
32997.jpg,3
32998.jpg,0
32999.jpg,3
33000.jpg,5
33001.jpg,8
33002.jpg,0
33003.jpg,8
33004.jpg,6
33005.jpg,5
33006.jpg,1
33007.jpg,8
33008.jpg,9
33009.jpg,5
33010.jpg,2
33011.jpg,5
33012.jpg,0
33013.jpg,3
33014.jpg,8
33015.jpg,1
33016.jpg,9
33017.jpg,3
33018.jpg,3
33019.jpg,2
33020.jpg,1
33021.jpg,6
33022.jpg,6
33023.jpg,6
33024.jpg,4
33025.jpg,5
33026.jpg,6
33027.jpg,6
33028.jpg,6
33029.jpg,8
33030.jpg,4
33031.jpg,4
33032.jpg,4
33033.jpg,4
33034.jpg,3
33035.jpg,8
33036.jpg,7
33037.jpg,0
33038.jpg,5
33039.jpg,9
33040.jpg,3
33041.jpg,2
33042.jpg,9
33043.jpg,3
33044.jpg,4
33045.jpg,0
33046.jpg,8
33047.jpg,8
33048.jpg,8
33049.jpg,4
33050.jpg,1
33051.jpg,7
33052.jpg,3
33053.jpg,5
33054.jpg,0
33055.jpg,4
33056.jpg,5
33057.jpg,2
33058.jpg,5
33059.jpg,2
33060.jpg,7
33061.jpg,1
33062.jpg,9
33063.jpg,5
33064.jpg,1
33065.jpg,3
33066.jpg,7
33067.jpg,9
33068.jpg,1
33069.jpg,6
33070.jpg,6
33071.jpg,5
33072.jpg,3
33073.jpg,0
33074.jpg,6
33075.jpg,5
33076.jpg,0
33077.jpg,0
33078.jpg,2
33079.jpg,7
33080.jpg,2
33081.jpg,9
33082.jpg,2
33083.jpg,7
33084.jpg,3
33085.jpg,1
33086.jpg,8
33087.jpg,5
33088.jpg,5
33089.jpg,1
33090.jpg,4
33091.jpg,7
33092.jpg,0
33093.jpg,5
33094.jpg,7
33095.jpg,2
33096.jpg,8
33097.jpg,4
33098.jpg,1
33099.jpg,2
33100.jpg,8
33101.jpg,8
33102.jpg,1
33103.jpg,5
33104.jpg,9
33105.jpg,3
33106.jpg,2
33107.jpg,5
33108.jpg,9
33109.jpg,8
33110.jpg,3
33111.jpg,6
33112.jpg,9
33113.jpg,8
33114.jpg,6
33115.jpg,5
33116.jpg,2
33117.jpg,6
33118.jpg,2
33119.jpg,8
33120.jpg,5
33121.jpg,9
33122.jpg,2
33123.jpg,3
33124.jpg,7
33125.jpg,0
33126.jpg,3
33127.jpg,2
33128.jpg,7
33129.jpg,5
33130.jpg,7
33131.jpg,9
33132.jpg,1
33133.jpg,5
33134.jpg,2
33135.jpg,2
33136.jpg,8
33137.jpg,9
33138.jpg,0
33139.jpg,4
33140.jpg,5
33141.jpg,9
33142.jpg,5
33143.jpg,6
33144.jpg,7
33145.jpg,1
33146.jpg,4
33147.jpg,4
33148.jpg,1
33149.jpg,8
33150.jpg,7
33151.jpg,4
33152.jpg,7
33153.jpg,5
33154.jpg,2
33155.jpg,6
33156.jpg,5
33157.jpg,6
33158.jpg,7
33159.jpg,8
33160.jpg,0
33161.jpg,8
33162.jpg,2
33163.jpg,7
33164.jpg,1
33165.jpg,9
33166.jpg,6
33167.jpg,1
33168.jpg,7
33169.jpg,9
33170.jpg,4
33171.jpg,9
33172.jpg,4
33173.jpg,2
33174.jpg,6
33175.jpg,8
33176.jpg,9
33177.jpg,2
33178.jpg,1
33179.jpg,2
33180.jpg,4
33181.jpg,5
33182.jpg,6
33183.jpg,8
33184.jpg,0
33185.jpg,7
33186.jpg,1
33187.jpg,3
33188.jpg,4
33189.jpg,5
33190.jpg,2
33191.jpg,8
33192.jpg,2
33193.jpg,7
33194.jpg,0
33195.jpg,1
33196.jpg,4
33197.jpg,9
33198.jpg,8
33199.jpg,9
33200.jpg,9
33201.jpg,6
33202.jpg,4
33203.jpg,4
33204.jpg,3
33205.jpg,1
33206.jpg,1
33207.jpg,1
33208.jpg,5
33209.jpg,5
33210.jpg,6
33211.jpg,0
33212.jpg,8
33213.jpg,5
33214.jpg,1
33215.jpg,7
33216.jpg,2
33217.jpg,1
33218.jpg,9
33219.jpg,0
33220.jpg,0
33221.jpg,5
33222.jpg,4
33223.jpg,7
33224.jpg,4
33225.jpg,5
33226.jpg,9
33227.jpg,7
33228.jpg,4
33229.jpg,7
33230.jpg,7
33231.jpg,4
33232.jpg,1
33233.jpg,3
33234.jpg,4
33235.jpg,1
33236.jpg,6
33237.jpg,3
33238.jpg,4
33239.jpg,4
33240.jpg,1
33241.jpg,4
33242.jpg,7
33243.jpg,3
33244.jpg,2
33245.jpg,0
33246.jpg,7
33247.jpg,7
33248.jpg,5
33249.jpg,5
33250.jpg,6
33251.jpg,1
33252.jpg,0
33253.jpg,0
33254.jpg,3
33255.jpg,7
33256.jpg,7
33257.jpg,3
33258.jpg,6
33259.jpg,5
33260.jpg,7
33261.jpg,2
33262.jpg,3
33263.jpg,2
33264.jpg,6
33265.jpg,9
33266.jpg,0
33267.jpg,1
33268.jpg,6
33269.jpg,6
33270.jpg,7
33271.jpg,9
33272.jpg,7
33273.jpg,5
33274.jpg,1
33275.jpg,5
33276.jpg,4
33277.jpg,0
33278.jpg,8
33279.jpg,0
33280.jpg,1
33281.jpg,9
33282.jpg,9
33283.jpg,3
33284.jpg,6
33285.jpg,2
33286.jpg,2
33287.jpg,2
33288.jpg,0
33289.jpg,0
33290.jpg,1
33291.jpg,8
33292.jpg,0
33293.jpg,7
33294.jpg,4
33295.jpg,3
33296.jpg,4
33297.jpg,1
33298.jpg,6
33299.jpg,4
33300.jpg,2
33301.jpg,0
33302.jpg,6
33303.jpg,0
33304.jpg,4
33305.jpg,7
33306.jpg,4
33307.jpg,5
33308.jpg,6
33309.jpg,7
33310.jpg,9
33311.jpg,9
33312.jpg,2
33313.jpg,3
33314.jpg,2
33315.jpg,5
33316.jpg,7
33317.jpg,1
33318.jpg,3
33319.jpg,2
33320.jpg,7
33321.jpg,5
33322.jpg,7
33323.jpg,5
33324.jpg,0
33325.jpg,9
33326.jpg,9
33327.jpg,4
33328.jpg,3
33329.jpg,9
33330.jpg,5
33331.jpg,2
33332.jpg,9
33333.jpg,9
33334.jpg,8
33335.jpg,4
33336.jpg,3
33337.jpg,4
33338.jpg,5
33339.jpg,3
33340.jpg,5
33341.jpg,9
33342.jpg,0
33343.jpg,7
33344.jpg,8
33345.jpg,5
33346.jpg,9
33347.jpg,5
33348.jpg,8
33349.jpg,3
33350.jpg,8
33351.jpg,4
33352.jpg,3
33353.jpg,6
33354.jpg,9
33355.jpg,7
33356.jpg,1
33357.jpg,8
33358.jpg,7
33359.jpg,1
33360.jpg,7
33361.jpg,2
33362.jpg,8
33363.jpg,0
33364.jpg,4
33365.jpg,2
33366.jpg,5
33367.jpg,2
33368.jpg,0
33369.jpg,1
33370.jpg,7
33371.jpg,1
33372.jpg,1
33373.jpg,6
33374.jpg,4
33375.jpg,0
33376.jpg,9
33377.jpg,9
33378.jpg,0
33379.jpg,6
33380.jpg,6
33381.jpg,8
33382.jpg,3
33383.jpg,8
33384.jpg,9
33385.jpg,3
33386.jpg,4
33387.jpg,5
33388.jpg,6
33389.jpg,6
33390.jpg,6
33391.jpg,4
33392.jpg,6
33393.jpg,7
33394.jpg,1
33395.jpg,5
33396.jpg,7
33397.jpg,5
33398.jpg,1
33399.jpg,5
33400.jpg,8
33401.jpg,9
33402.jpg,3
33403.jpg,0
33404.jpg,5
33405.jpg,9
33406.jpg,9
33407.jpg,6
33408.jpg,8
33409.jpg,8
33410.jpg,4
33411.jpg,3
33412.jpg,5
33413.jpg,1
33414.jpg,6
33415.jpg,6
33416.jpg,1
33417.jpg,1
33418.jpg,5
33419.jpg,9
33420.jpg,4
33421.jpg,2
33422.jpg,2
33423.jpg,8
33424.jpg,6
33425.jpg,5
33426.jpg,6
33427.jpg,0
33428.jpg,3
33429.jpg,8
33430.jpg,3
33431.jpg,6
33432.jpg,8
33433.jpg,5
33434.jpg,6
33435.jpg,7
33436.jpg,7
33437.jpg,9
33438.jpg,3
33439.jpg,6
33440.jpg,3
33441.jpg,2
33442.jpg,0
33443.jpg,2
33444.jpg,8
33445.jpg,7
33446.jpg,5
33447.jpg,1
33448.jpg,4
33449.jpg,7
33450.jpg,2
33451.jpg,0
33452.jpg,6
33453.jpg,1
33454.jpg,0
33455.jpg,5
33456.jpg,3
33457.jpg,1
33458.jpg,0
33459.jpg,6
33460.jpg,4
33461.jpg,6
33462.jpg,3
33463.jpg,7
33464.jpg,3
33465.jpg,2
33466.jpg,5
33467.jpg,5
33468.jpg,5
33469.jpg,2
33470.jpg,4
33471.jpg,8
33472.jpg,3
33473.jpg,4
33474.jpg,9
33475.jpg,0
33476.jpg,2
33477.jpg,6
33478.jpg,2
33479.jpg,0
33480.jpg,1
33481.jpg,6
33482.jpg,6
33483.jpg,0
33484.jpg,2
33485.jpg,8
33486.jpg,4
33487.jpg,3
33488.jpg,6
33489.jpg,8
33490.jpg,3
33491.jpg,7
33492.jpg,8
33493.jpg,3
33494.jpg,4
33495.jpg,5
33496.jpg,9
33497.jpg,3
33498.jpg,7
33499.jpg,4
33500.jpg,3
33501.jpg,6
33502.jpg,4
33503.jpg,2
33504.jpg,0
33505.jpg,8
33506.jpg,4
33507.jpg,2
33508.jpg,0
33509.jpg,4
33510.jpg,7
33511.jpg,9
33512.jpg,7
33513.jpg,2
33514.jpg,1
33515.jpg,7
33516.jpg,4
33517.jpg,4
33518.jpg,1
33519.jpg,1
33520.jpg,1
33521.jpg,6
33522.jpg,9
33523.jpg,2
33524.jpg,4
33525.jpg,0
33526.jpg,5
33527.jpg,2
33528.jpg,7
33529.jpg,4
33530.jpg,7
33531.jpg,7
33532.jpg,7
33533.jpg,3
33534.jpg,8
33535.jpg,5
33536.jpg,7
33537.jpg,7
33538.jpg,6
33539.jpg,9
33540.jpg,8
33541.jpg,2
33542.jpg,0
33543.jpg,5
33544.jpg,7
33545.jpg,2
33546.jpg,6
33547.jpg,1
33548.jpg,0
33549.jpg,4
33550.jpg,4
33551.jpg,3
33552.jpg,9
33553.jpg,4
33554.jpg,3
33555.jpg,1
33556.jpg,7
33557.jpg,4
33558.jpg,9
33559.jpg,9
33560.jpg,9
33561.jpg,6
33562.jpg,3
33563.jpg,4
33564.jpg,0
33565.jpg,3
33566.jpg,9
33567.jpg,4
33568.jpg,7
33569.jpg,2
33570.jpg,2
33571.jpg,2
33572.jpg,2
33573.jpg,3
33574.jpg,2
33575.jpg,4
33576.jpg,3
33577.jpg,6
33578.jpg,9
33579.jpg,7
33580.jpg,7
33581.jpg,6
33582.jpg,4
33583.jpg,1
33584.jpg,4
33585.jpg,1
33586.jpg,4
33587.jpg,7
33588.jpg,6
33589.jpg,2
33590.jpg,5
33591.jpg,9
33592.jpg,0
33593.jpg,2
33594.jpg,6
33595.jpg,4
33596.jpg,9
33597.jpg,6
33598.jpg,3
33599.jpg,5
33600.jpg,1
33601.jpg,6
33602.jpg,1
33603.jpg,6
33604.jpg,9
33605.jpg,1
33606.jpg,3
33607.jpg,2
33608.jpg,1
33609.jpg,1
33610.jpg,0
33611.jpg,6
33612.jpg,8
33613.jpg,5
33614.jpg,9
33615.jpg,5
33616.jpg,9
33617.jpg,7
33618.jpg,1
33619.jpg,9
33620.jpg,4
33621.jpg,4
33622.jpg,8
33623.jpg,8
33624.jpg,6
33625.jpg,7
33626.jpg,3
33627.jpg,4
33628.jpg,0
33629.jpg,7
33630.jpg,3
33631.jpg,2
33632.jpg,4
33633.jpg,3
33634.jpg,9
33635.jpg,9
33636.jpg,1
33637.jpg,4
33638.jpg,1
33639.jpg,0
33640.jpg,4
33641.jpg,1
33642.jpg,9
33643.jpg,7
33644.jpg,8
33645.jpg,6
33646.jpg,1
33647.jpg,7
33648.jpg,9
33649.jpg,0
33650.jpg,4
33651.jpg,5
33652.jpg,9
33653.jpg,5
33654.jpg,5
33655.jpg,1
33656.jpg,7
33657.jpg,0
33658.jpg,2
33659.jpg,0
33660.jpg,0
33661.jpg,6
33662.jpg,8
33663.jpg,6
33664.jpg,0
33665.jpg,2
33666.jpg,6
33667.jpg,0
33668.jpg,1
33669.jpg,1
33670.jpg,0
33671.jpg,7
33672.jpg,2
33673.jpg,9
33674.jpg,8
33675.jpg,8
33676.jpg,6
33677.jpg,7
33678.jpg,8
33679.jpg,9
33680.jpg,2
33681.jpg,4
33682.jpg,4
33683.jpg,4
33684.jpg,1
33685.jpg,3
33686.jpg,5
33687.jpg,1
33688.jpg,6
33689.jpg,9
33690.jpg,3
33691.jpg,6
33692.jpg,2
33693.jpg,5
33694.jpg,4
33695.jpg,9
33696.jpg,9
33697.jpg,6
33698.jpg,0
33699.jpg,8
33700.jpg,0
33701.jpg,3
33702.jpg,2
33703.jpg,5
33704.jpg,3
33705.jpg,8
33706.jpg,7
33707.jpg,3
33708.jpg,0
33709.jpg,0
33710.jpg,1
33711.jpg,1
33712.jpg,6
33713.jpg,8
33714.jpg,4
33715.jpg,2
33716.jpg,3
33717.jpg,7
33718.jpg,4
33719.jpg,9
33720.jpg,3
33721.jpg,9
33722.jpg,3
33723.jpg,7
33724.jpg,7
33725.jpg,8
33726.jpg,3
33727.jpg,0
33728.jpg,1
33729.jpg,9
33730.jpg,3
33731.jpg,0
33732.jpg,4
33733.jpg,3
33734.jpg,6
33735.jpg,3
33736.jpg,6
33737.jpg,3
33738.jpg,2
33739.jpg,9
33740.jpg,0
33741.jpg,4
33742.jpg,3
33743.jpg,4
33744.jpg,3
33745.jpg,2
33746.jpg,4
33747.jpg,2
33748.jpg,7
33749.jpg,3
33750.jpg,0
33751.jpg,3
33752.jpg,3
33753.jpg,5
33754.jpg,0
33755.jpg,8
33756.jpg,4
33757.jpg,0
33758.jpg,4
33759.jpg,5
33760.jpg,9
33761.jpg,6
33762.jpg,3
33763.jpg,2
33764.jpg,6
33765.jpg,4
33766.jpg,2
33767.jpg,3
33768.jpg,7
33769.jpg,6
33770.jpg,5
33771.jpg,0
33772.jpg,8
33773.jpg,3
33774.jpg,7
33775.jpg,0
33776.jpg,3
33777.jpg,0
33778.jpg,4
33779.jpg,3
33780.jpg,9
33781.jpg,2
33782.jpg,7
33783.jpg,0
33784.jpg,3
33785.jpg,9
33786.jpg,1
33787.jpg,9
33788.jpg,9
33789.jpg,1
33790.jpg,5
33791.jpg,7
33792.jpg,7
33793.jpg,4
33794.jpg,8
33795.jpg,2
33796.jpg,5
33797.jpg,1
33798.jpg,5
33799.jpg,3
33800.jpg,3
33801.jpg,5
33802.jpg,9
33803.jpg,9
33804.jpg,1
33805.jpg,8
33806.jpg,1
33807.jpg,8
33808.jpg,4
33809.jpg,5
33810.jpg,4
33811.jpg,0
33812.jpg,3
33813.jpg,3
33814.jpg,0
33815.jpg,9
33816.jpg,5
33817.jpg,8
33818.jpg,1
33819.jpg,5
33820.jpg,6
33821.jpg,9
33822.jpg,2
33823.jpg,2
33824.jpg,9
33825.jpg,1
33826.jpg,2
33827.jpg,3
33828.jpg,0
33829.jpg,0
33830.jpg,7
33831.jpg,0
33832.jpg,3
33833.jpg,7
33834.jpg,4
33835.jpg,4
33836.jpg,3
33837.jpg,6
33838.jpg,0
33839.jpg,9
33840.jpg,5
33841.jpg,3
33842.jpg,5
33843.jpg,3
33844.jpg,7
33845.jpg,3
33846.jpg,8
33847.jpg,1
33848.jpg,7
33849.jpg,0
33850.jpg,3
33851.jpg,5
33852.jpg,5
33853.jpg,1
33854.jpg,1
33855.jpg,8
33856.jpg,2
33857.jpg,4
33858.jpg,8
33859.jpg,1
33860.jpg,4
33861.jpg,1
33862.jpg,6
33863.jpg,9
33864.jpg,6
33865.jpg,1
33866.jpg,5
33867.jpg,0
33868.jpg,5
33869.jpg,6
33870.jpg,4
33871.jpg,6
33872.jpg,8
33873.jpg,2
33874.jpg,4
33875.jpg,0
33876.jpg,7
33877.jpg,3
33878.jpg,5
33879.jpg,5
33880.jpg,6
33881.jpg,5
33882.jpg,9
33883.jpg,8
33884.jpg,7
33885.jpg,4
33886.jpg,5
33887.jpg,6
33888.jpg,6
33889.jpg,8
33890.jpg,5
33891.jpg,1
33892.jpg,7
33893.jpg,1
33894.jpg,7
33895.jpg,8
33896.jpg,7
33897.jpg,4
33898.jpg,2
33899.jpg,8
33900.jpg,9
33901.jpg,9
33902.jpg,7
33903.jpg,9
33904.jpg,2
33905.jpg,6
33906.jpg,7
33907.jpg,0
33908.jpg,1
33909.jpg,0
33910.jpg,9
33911.jpg,1
33912.jpg,6
33913.jpg,8
33914.jpg,4
33915.jpg,7
33916.jpg,8
33917.jpg,6
33918.jpg,1
33919.jpg,7
33920.jpg,5
33921.jpg,9
33922.jpg,3
33923.jpg,4
33924.jpg,0
33925.jpg,4
33926.jpg,4
33927.jpg,4
33928.jpg,4
33929.jpg,7
33930.jpg,2
33931.jpg,7
33932.jpg,1
33933.jpg,6
33934.jpg,4
33935.jpg,1
33936.jpg,7
33937.jpg,6
33938.jpg,9
33939.jpg,8
33940.jpg,7
33941.jpg,7
33942.jpg,9
33943.jpg,9
33944.jpg,0
33945.jpg,0
33946.jpg,9
33947.jpg,0
33948.jpg,1
33949.jpg,0
33950.jpg,4
33951.jpg,0
33952.jpg,7
33953.jpg,3
33954.jpg,1
33955.jpg,3
33956.jpg,5
33957.jpg,4
33958.jpg,6
33959.jpg,2
33960.jpg,9
33961.jpg,2
33962.jpg,5
33963.jpg,0
33964.jpg,7
33965.jpg,0
33966.jpg,2
33967.jpg,0
33968.jpg,3
33969.jpg,1
33970.jpg,2
33971.jpg,3
33972.jpg,1
33973.jpg,6
33974.jpg,4
33975.jpg,4
33976.jpg,1
33977.jpg,6
33978.jpg,3
33979.jpg,5
33980.jpg,0
33981.jpg,3
33982.jpg,8
33983.jpg,4
33984.jpg,1
33985.jpg,8
33986.jpg,6
33987.jpg,2
33988.jpg,1
33989.jpg,0
33990.jpg,2
33991.jpg,5
33992.jpg,0
33993.jpg,0
33994.jpg,5
33995.jpg,6
33996.jpg,0
33997.jpg,9
33998.jpg,0
33999.jpg,5
34000.jpg,7
34001.jpg,0
34002.jpg,4
34003.jpg,4
34004.jpg,1
34005.jpg,2
34006.jpg,7
34007.jpg,4
34008.jpg,2
34009.jpg,9
34010.jpg,9
34011.jpg,6
34012.jpg,6
34013.jpg,9
34014.jpg,6
34015.jpg,6
34016.jpg,7
34017.jpg,0
34018.jpg,6
34019.jpg,1
34020.jpg,3
34021.jpg,5
34022.jpg,8
34023.jpg,6
34024.jpg,5
34025.jpg,7
34026.jpg,1
34027.jpg,0
34028.jpg,6
34029.jpg,3
34030.jpg,1
34031.jpg,0
34032.jpg,4
34033.jpg,5
34034.jpg,1
34035.jpg,0
34036.jpg,9
34037.jpg,0
34038.jpg,2
34039.jpg,3
34040.jpg,4
34041.jpg,6
34042.jpg,7
34043.jpg,8
34044.jpg,4
34045.jpg,0
34046.jpg,5
34047.jpg,3
34048.jpg,2
34049.jpg,7
34050.jpg,9
34051.jpg,1
34052.jpg,9
34053.jpg,2
34054.jpg,8
34055.jpg,6
34056.jpg,9
34057.jpg,8
34058.jpg,9
34059.jpg,8
34060.jpg,8
34061.jpg,4
34062.jpg,6
34063.jpg,7
34064.jpg,7
34065.jpg,9
34066.jpg,9
34067.jpg,0
34068.jpg,6
34069.jpg,6
34070.jpg,2
34071.jpg,4
34072.jpg,9
34073.jpg,6
34074.jpg,0
34075.jpg,2
34076.jpg,7
34077.jpg,6
34078.jpg,6
34079.jpg,4
34080.jpg,1
34081.jpg,7
34082.jpg,0
34083.jpg,8
34084.jpg,3
34085.jpg,5
34086.jpg,7
34087.jpg,5
34088.jpg,9
34089.jpg,5
34090.jpg,2
34091.jpg,7
34092.jpg,8
34093.jpg,3
34094.jpg,5
34095.jpg,4
34096.jpg,6
34097.jpg,1
34098.jpg,7
34099.jpg,6
34100.jpg,8
34101.jpg,7
34102.jpg,1
34103.jpg,3
34104.jpg,5
34105.jpg,7
34106.jpg,5
34107.jpg,1
34108.jpg,3
34109.jpg,1
34110.jpg,3
34111.jpg,7
34112.jpg,5
34113.jpg,2
34114.jpg,8
34115.jpg,7
34116.jpg,0
34117.jpg,1
34118.jpg,5
34119.jpg,5
34120.jpg,3
34121.jpg,2
34122.jpg,0
34123.jpg,7
34124.jpg,3
34125.jpg,4
34126.jpg,0
34127.jpg,3
34128.jpg,6
34129.jpg,8
34130.jpg,7
34131.jpg,6
34132.jpg,9
34133.jpg,7
34134.jpg,1
34135.jpg,7
34136.jpg,0
34137.jpg,8
34138.jpg,1
34139.jpg,3
34140.jpg,2
34141.jpg,0
34142.jpg,3
34143.jpg,0
34144.jpg,3
34145.jpg,0
34146.jpg,1
34147.jpg,4
34148.jpg,0
34149.jpg,0
34150.jpg,5
34151.jpg,7
34152.jpg,3
34153.jpg,3
34154.jpg,5
34155.jpg,9
34156.jpg,8
34157.jpg,9
34158.jpg,1
34159.jpg,2
34160.jpg,5
34161.jpg,2
34162.jpg,4
34163.jpg,6
34164.jpg,5
34165.jpg,0
34166.jpg,7
34167.jpg,0
34168.jpg,1
34169.jpg,7
34170.jpg,0
34171.jpg,4
34172.jpg,4
34173.jpg,3
34174.jpg,2
34175.jpg,0
34176.jpg,0
34177.jpg,2
34178.jpg,0
34179.jpg,5
34180.jpg,8
34181.jpg,2
34182.jpg,9
34183.jpg,1
34184.jpg,6
34185.jpg,1
34186.jpg,2
34187.jpg,6
34188.jpg,9
34189.jpg,5
34190.jpg,9
34191.jpg,3
34192.jpg,3
34193.jpg,2
34194.jpg,6
34195.jpg,2
34196.jpg,5
34197.jpg,3
34198.jpg,1
34199.jpg,8
34200.jpg,4
34201.jpg,9
34202.jpg,4
34203.jpg,2
34204.jpg,1
34205.jpg,8
34206.jpg,9
34207.jpg,2
34208.jpg,2
34209.jpg,6
34210.jpg,1
34211.jpg,5
34212.jpg,9
34213.jpg,8
34214.jpg,5
34215.jpg,4
34216.jpg,2
34217.jpg,1
34218.jpg,2
34219.jpg,3
34220.jpg,1
34221.jpg,7
34222.jpg,7
34223.jpg,5
34224.jpg,6
34225.jpg,1
34226.jpg,3
34227.jpg,5
34228.jpg,7
34229.jpg,5
34230.jpg,2
34231.jpg,1
34232.jpg,3
34233.jpg,3
34234.jpg,3
34235.jpg,1
34236.jpg,8
34237.jpg,5
34238.jpg,2
34239.jpg,6
34240.jpg,9
34241.jpg,2
34242.jpg,9
34243.jpg,0
34244.jpg,6
34245.jpg,0
34246.jpg,1
34247.jpg,9
34248.jpg,6
34249.jpg,7
34250.jpg,6
34251.jpg,6
34252.jpg,3
34253.jpg,2
34254.jpg,4
34255.jpg,6
34256.jpg,2
34257.jpg,0
34258.jpg,6
34259.jpg,6
34260.jpg,5
34261.jpg,7
34262.jpg,7
34263.jpg,3
34264.jpg,9
34265.jpg,5
34266.jpg,1
34267.jpg,3
34268.jpg,5
34269.jpg,1
34270.jpg,4
34271.jpg,8
34272.jpg,1
34273.jpg,1
34274.jpg,6
34275.jpg,0
34276.jpg,3
34277.jpg,2
34278.jpg,7
34279.jpg,2
34280.jpg,9
34281.jpg,1
34282.jpg,1
34283.jpg,4
34284.jpg,5
34285.jpg,8
34286.jpg,7
34287.jpg,9
34288.jpg,2
34289.jpg,9
34290.jpg,5
34291.jpg,4
34292.jpg,7
34293.jpg,5
34294.jpg,0
34295.jpg,7
34296.jpg,0
34297.jpg,7
34298.jpg,0
34299.jpg,0
34300.jpg,5
34301.jpg,5
34302.jpg,2
34303.jpg,0
34304.jpg,8
34305.jpg,2
34306.jpg,5
34307.jpg,0
34308.jpg,1
34309.jpg,1
34310.jpg,8
34311.jpg,1
34312.jpg,5
34313.jpg,3
34314.jpg,6
34315.jpg,9
34316.jpg,4
34317.jpg,8
34318.jpg,3
34319.jpg,0
34320.jpg,0
34321.jpg,9
34322.jpg,3
34323.jpg,3
34324.jpg,4
34325.jpg,5
34326.jpg,7
34327.jpg,2
34328.jpg,2
34329.jpg,6
34330.jpg,5
34331.jpg,8
34332.jpg,9
34333.jpg,8
34334.jpg,2
34335.jpg,2
34336.jpg,4
34337.jpg,5
34338.jpg,7
34339.jpg,9
34340.jpg,2
34341.jpg,1
34342.jpg,6
34343.jpg,5
34344.jpg,2
34345.jpg,5
34346.jpg,6
34347.jpg,7
34348.jpg,7
34349.jpg,5
34350.jpg,0
34351.jpg,2
34352.jpg,9
34353.jpg,7
34354.jpg,3
34355.jpg,3
34356.jpg,7
34357.jpg,8
34358.jpg,5
34359.jpg,1
34360.jpg,4
34361.jpg,5
34362.jpg,8
34363.jpg,7
34364.jpg,8
34365.jpg,6
34366.jpg,7
34367.jpg,1
34368.jpg,4
34369.jpg,0
34370.jpg,4
34371.jpg,5
34372.jpg,9
34373.jpg,8
34374.jpg,7
34375.jpg,8
34376.jpg,3
34377.jpg,5
34378.jpg,7
34379.jpg,6
34380.jpg,9
34381.jpg,3
34382.jpg,8
34383.jpg,3
34384.jpg,8
34385.jpg,1
34386.jpg,7
34387.jpg,6
34388.jpg,5
34389.jpg,4
34390.jpg,3
34391.jpg,9
34392.jpg,2
34393.jpg,6
34394.jpg,9
34395.jpg,1
34396.jpg,5
34397.jpg,4
34398.jpg,7
34399.jpg,3
34400.jpg,4
34401.jpg,9
34402.jpg,6
34403.jpg,5
34404.jpg,9
34405.jpg,6
34406.jpg,7
34407.jpg,5
34408.jpg,3
34409.jpg,3
34410.jpg,9
34411.jpg,1
34412.jpg,1
34413.jpg,7
34414.jpg,8
34415.jpg,1
34416.jpg,8
34417.jpg,6
34418.jpg,1
34419.jpg,3
34420.jpg,8
34421.jpg,5
34422.jpg,6
34423.jpg,1
34424.jpg,7
34425.jpg,1
34426.jpg,0
34427.jpg,2
34428.jpg,6
34429.jpg,3
34430.jpg,0
34431.jpg,6
34432.jpg,5
34433.jpg,1
34434.jpg,5
34435.jpg,5
34436.jpg,1
34437.jpg,5
34438.jpg,8
34439.jpg,5
34440.jpg,7
34441.jpg,5
34442.jpg,8
34443.jpg,0
34444.jpg,8
34445.jpg,5
34446.jpg,4
34447.jpg,7
34448.jpg,1
34449.jpg,9
34450.jpg,4
34451.jpg,3
34452.jpg,5
34453.jpg,7
34454.jpg,0
34455.jpg,3
34456.jpg,3
34457.jpg,7
34458.jpg,8
34459.jpg,5
34460.jpg,9
34461.jpg,0
34462.jpg,9
34463.jpg,0
34464.jpg,0
34465.jpg,4
34466.jpg,1
34467.jpg,2
34468.jpg,0
34469.jpg,9
34470.jpg,0
34471.jpg,7
34472.jpg,1
34473.jpg,4
34474.jpg,1
34475.jpg,1
34476.jpg,0
34477.jpg,8
34478.jpg,6
34479.jpg,9
34480.jpg,2
34481.jpg,3
34482.jpg,2
34483.jpg,1
34484.jpg,0
34485.jpg,5
34486.jpg,6
34487.jpg,1
34488.jpg,1
34489.jpg,6
34490.jpg,8
34491.jpg,2
34492.jpg,6
34493.jpg,7
34494.jpg,0
34495.jpg,2
34496.jpg,5
34497.jpg,5
34498.jpg,0
34499.jpg,1
34500.jpg,0
34501.jpg,8
34502.jpg,9
34503.jpg,4
34504.jpg,8
34505.jpg,7
34506.jpg,5
34507.jpg,3
34508.jpg,0
34509.jpg,7
34510.jpg,2
34511.jpg,9
34512.jpg,2
34513.jpg,3
34514.jpg,7
34515.jpg,9
34516.jpg,4
34517.jpg,4
34518.jpg,6
34519.jpg,4
34520.jpg,1
34521.jpg,9
34522.jpg,6
34523.jpg,2
34524.jpg,1
34525.jpg,4
34526.jpg,1
34527.jpg,8
34528.jpg,8
34529.jpg,1
34530.jpg,3
34531.jpg,7
34532.jpg,5
34533.jpg,6
34534.jpg,8
34535.jpg,2
34536.jpg,6
34537.jpg,1
34538.jpg,5
34539.jpg,2
34540.jpg,2
34541.jpg,1
34542.jpg,2
34543.jpg,3
34544.jpg,2
34545.jpg,0
34546.jpg,0
34547.jpg,9
34548.jpg,9
34549.jpg,1
34550.jpg,3
34551.jpg,5
34552.jpg,0
34553.jpg,4
34554.jpg,9
34555.jpg,5
34556.jpg,8
34557.jpg,1
34558.jpg,4
34559.jpg,7
34560.jpg,7
34561.jpg,5
34562.jpg,3
34563.jpg,4
34564.jpg,9
34565.jpg,4
34566.jpg,6
34567.jpg,7
34568.jpg,0
34569.jpg,8
34570.jpg,8
34571.jpg,1
34572.jpg,4
34573.jpg,6
34574.jpg,2
34575.jpg,1
34576.jpg,3
34577.jpg,8
34578.jpg,7
34579.jpg,6
34580.jpg,0
34581.jpg,5
34582.jpg,0
34583.jpg,5
34584.jpg,2
34585.jpg,3
34586.jpg,4
34587.jpg,4
34588.jpg,9
34589.jpg,1
34590.jpg,6
34591.jpg,1
34592.jpg,0
34593.jpg,5
34594.jpg,8
34595.jpg,2
34596.jpg,5
34597.jpg,6
34598.jpg,1
34599.jpg,0
34600.jpg,6
34601.jpg,1
34602.jpg,6
34603.jpg,5
34604.jpg,7
34605.jpg,9
34606.jpg,9
34607.jpg,7
34608.jpg,2
34609.jpg,0
34610.jpg,7
34611.jpg,6
34612.jpg,6
34613.jpg,1
34614.jpg,4
34615.jpg,8
34616.jpg,0
34617.jpg,7
34618.jpg,0
34619.jpg,0
34620.jpg,1
34621.jpg,3
34622.jpg,2
34623.jpg,5
34624.jpg,0
34625.jpg,1
34626.jpg,6
34627.jpg,2
34628.jpg,3
34629.jpg,4
34630.jpg,0
34631.jpg,3
34632.jpg,5
34633.jpg,8
34634.jpg,2
34635.jpg,3
34636.jpg,3
34637.jpg,0
34638.jpg,9
34639.jpg,6
34640.jpg,9
34641.jpg,4
34642.jpg,7
34643.jpg,1
34644.jpg,2
34645.jpg,0
34646.jpg,9
34647.jpg,1
34648.jpg,2
34649.jpg,8
34650.jpg,6
34651.jpg,9
34652.jpg,2
34653.jpg,0
34654.jpg,6
34655.jpg,7
34656.jpg,4
34657.jpg,3
34658.jpg,2
34659.jpg,8
34660.jpg,2
34661.jpg,7
34662.jpg,0
34663.jpg,3
34664.jpg,7
34665.jpg,5
34666.jpg,0
34667.jpg,5
34668.jpg,0
34669.jpg,9
34670.jpg,2
34671.jpg,1
34672.jpg,8
34673.jpg,3
34674.jpg,1
34675.jpg,6
34676.jpg,5
34677.jpg,3
34678.jpg,9
34679.jpg,1
34680.jpg,0
34681.jpg,8
34682.jpg,9
34683.jpg,9
34684.jpg,6
34685.jpg,8
34686.jpg,1
34687.jpg,5
34688.jpg,2
34689.jpg,4
34690.jpg,8
34691.jpg,8
34692.jpg,9
34693.jpg,3
34694.jpg,7
34695.jpg,6
34696.jpg,6
34697.jpg,4
34698.jpg,9
34699.jpg,9
34700.jpg,5
34701.jpg,8
34702.jpg,7
34703.jpg,4
34704.jpg,3
34705.jpg,4
34706.jpg,5
34707.jpg,3
34708.jpg,6
34709.jpg,0
34710.jpg,9
34711.jpg,8
34712.jpg,6
34713.jpg,9
34714.jpg,9
34715.jpg,0
34716.jpg,9
34717.jpg,4
34718.jpg,7
34719.jpg,0
34720.jpg,8
34721.jpg,0
34722.jpg,9
34723.jpg,9
34724.jpg,8
34725.jpg,1
34726.jpg,1
34727.jpg,8
34728.jpg,8
34729.jpg,4
34730.jpg,2
34731.jpg,0
34732.jpg,2
34733.jpg,6
34734.jpg,5
34735.jpg,6
34736.jpg,2
34737.jpg,4
34738.jpg,5
34739.jpg,2
34740.jpg,5
34741.jpg,0
34742.jpg,0
34743.jpg,0
34744.jpg,9
34745.jpg,3
34746.jpg,0
34747.jpg,4
34748.jpg,5
34749.jpg,0
34750.jpg,4
34751.jpg,1
34752.jpg,4
34753.jpg,7
34754.jpg,1
34755.jpg,9
34756.jpg,5
34757.jpg,1
34758.jpg,2
34759.jpg,8
34760.jpg,4
34761.jpg,4
34762.jpg,7
34763.jpg,8
34764.jpg,0
34765.jpg,2
34766.jpg,2
34767.jpg,1
34768.jpg,3
34769.jpg,7
34770.jpg,0
34771.jpg,0
34772.jpg,6
34773.jpg,0
34774.jpg,2
34775.jpg,9
34776.jpg,2
34777.jpg,1
34778.jpg,0
34779.jpg,6
34780.jpg,4
34781.jpg,5
34782.jpg,8
34783.jpg,2
34784.jpg,7
34785.jpg,0
34786.jpg,9
34787.jpg,8
34788.jpg,5
34789.jpg,7
34790.jpg,4
34791.jpg,5
34792.jpg,5
34793.jpg,9
34794.jpg,0
34795.jpg,6
34796.jpg,7
34797.jpg,2
34798.jpg,7
34799.jpg,0
34800.jpg,3
34801.jpg,7
34802.jpg,3
34803.jpg,4
34804.jpg,4
34805.jpg,0
34806.jpg,0
34807.jpg,8
34808.jpg,3
34809.jpg,9
34810.jpg,9
34811.jpg,8
34812.jpg,9
34813.jpg,5
34814.jpg,6
34815.jpg,7
34816.jpg,4
34817.jpg,6
34818.jpg,1
34819.jpg,3
34820.jpg,0
34821.jpg,5
34822.jpg,8
34823.jpg,5
34824.jpg,1
34825.jpg,6
34826.jpg,7
34827.jpg,1
34828.jpg,1
34829.jpg,9
34830.jpg,0
34831.jpg,2
34832.jpg,5
34833.jpg,8
34834.jpg,4
34835.jpg,1
34836.jpg,9
34837.jpg,2
34838.jpg,5
34839.jpg,7
34840.jpg,4
34841.jpg,1
34842.jpg,2
34843.jpg,7
34844.jpg,4
34845.jpg,7
34846.jpg,4
34847.jpg,5
34848.jpg,5
34849.jpg,0
34850.jpg,4
34851.jpg,4
34852.jpg,3
34853.jpg,5
34854.jpg,1
34855.jpg,3
34856.jpg,3
34857.jpg,4
34858.jpg,7
34859.jpg,3
34860.jpg,9
34861.jpg,2
34862.jpg,6
34863.jpg,4
34864.jpg,0
34865.jpg,3
34866.jpg,0
34867.jpg,2
34868.jpg,3
34869.jpg,1
34870.jpg,1
34871.jpg,9
34872.jpg,6
34873.jpg,9
34874.jpg,7
34875.jpg,0
34876.jpg,1
34877.jpg,8
34878.jpg,7
34879.jpg,2
34880.jpg,8
34881.jpg,9
34882.jpg,8
34883.jpg,6
34884.jpg,0
34885.jpg,2
34886.jpg,1
34887.jpg,0
34888.jpg,8
34889.jpg,1
34890.jpg,8
34891.jpg,4
34892.jpg,7
34893.jpg,3
34894.jpg,4
34895.jpg,9
34896.jpg,3
34897.jpg,3
34898.jpg,3
34899.jpg,5
34900.jpg,4
34901.jpg,9
34902.jpg,9
34903.jpg,5
34904.jpg,5
34905.jpg,2
34906.jpg,0
34907.jpg,8
34908.jpg,9
34909.jpg,2
34910.jpg,2
34911.jpg,7
34912.jpg,9
34913.jpg,3
34914.jpg,5
34915.jpg,6
34916.jpg,4
34917.jpg,6
34918.jpg,2
34919.jpg,9
34920.jpg,9
34921.jpg,7
34922.jpg,7
34923.jpg,7
34924.jpg,0
34925.jpg,0
34926.jpg,3
34927.jpg,8
34928.jpg,9
34929.jpg,5
34930.jpg,0
34931.jpg,5
34932.jpg,0
34933.jpg,5
34934.jpg,5
34935.jpg,7
34936.jpg,1
34937.jpg,8
34938.jpg,2
34939.jpg,4
34940.jpg,0
34941.jpg,4
34942.jpg,4
34943.jpg,3
34944.jpg,3
34945.jpg,9
34946.jpg,0
34947.jpg,9
34948.jpg,2
34949.jpg,9
34950.jpg,3
34951.jpg,8
34952.jpg,9
34953.jpg,3
34954.jpg,1
34955.jpg,5
34956.jpg,0
34957.jpg,3
34958.jpg,7
34959.jpg,6
34960.jpg,1
34961.jpg,0
34962.jpg,4
34963.jpg,4
34964.jpg,9
34965.jpg,1
34966.jpg,1
34967.jpg,0
34968.jpg,0
34969.jpg,9
34970.jpg,0
34971.jpg,1
34972.jpg,6
34973.jpg,3
34974.jpg,4
34975.jpg,0
34976.jpg,3
34977.jpg,4
34978.jpg,4
34979.jpg,5
34980.jpg,3
34981.jpg,8
34982.jpg,7
34983.jpg,9
34984.jpg,8
34985.jpg,6
34986.jpg,7
34987.jpg,3
34988.jpg,5
34989.jpg,6
34990.jpg,5
34991.jpg,1
34992.jpg,1
34993.jpg,1
34994.jpg,4
34995.jpg,2
34996.jpg,9
34997.jpg,1
34998.jpg,5
34999.jpg,6
35000.jpg,7
35001.jpg,1
35002.jpg,4
35003.jpg,1
35004.jpg,0
35005.jpg,2
35006.jpg,2
35007.jpg,5
35008.jpg,9
35009.jpg,6
35010.jpg,0
35011.jpg,1
35012.jpg,3
35013.jpg,1
35014.jpg,1
35015.jpg,2
35016.jpg,1
35017.jpg,8
35018.jpg,5
35019.jpg,6
35020.jpg,9
35021.jpg,2
35022.jpg,4
35023.jpg,2
35024.jpg,8
35025.jpg,8
35026.jpg,3
35027.jpg,7
35028.jpg,1
35029.jpg,7
35030.jpg,1
35031.jpg,7
35032.jpg,5
35033.jpg,9
35034.jpg,7
35035.jpg,0
35036.jpg,7
35037.jpg,8
35038.jpg,3
35039.jpg,6
35040.jpg,1
35041.jpg,2
35042.jpg,2
35043.jpg,5
35044.jpg,9
35045.jpg,8
35046.jpg,4
35047.jpg,8
35048.jpg,9
35049.jpg,4
35050.jpg,2
35051.jpg,5
35052.jpg,9
35053.jpg,3
35054.jpg,7
35055.jpg,9
35056.jpg,9
35057.jpg,3
35058.jpg,7
35059.jpg,9
35060.jpg,2
35061.jpg,7
35062.jpg,8
35063.jpg,9
35064.jpg,0
35065.jpg,7
35066.jpg,3
35067.jpg,0
35068.jpg,1
35069.jpg,7
35070.jpg,1
35071.jpg,4
35072.jpg,6
35073.jpg,8
35074.jpg,2
35075.jpg,3
35076.jpg,4
35077.jpg,1
35078.jpg,6
35079.jpg,2
35080.jpg,6
35081.jpg,0
35082.jpg,3
35083.jpg,5
35084.jpg,1
35085.jpg,0
35086.jpg,9
35087.jpg,7
35088.jpg,0
35089.jpg,0
35090.jpg,9
35091.jpg,3
35092.jpg,4
35093.jpg,9
35094.jpg,8
35095.jpg,8
35096.jpg,0
35097.jpg,1
35098.jpg,6
35099.jpg,1
35100.jpg,4
35101.jpg,9
35102.jpg,0
35103.jpg,7
35104.jpg,8
35105.jpg,1
35106.jpg,0
35107.jpg,9
35108.jpg,5
35109.jpg,2
35110.jpg,4
35111.jpg,4
35112.jpg,7
35113.jpg,0
35114.jpg,4
35115.jpg,8
35116.jpg,9
35117.jpg,3
35118.jpg,1
35119.jpg,2
35120.jpg,2
35121.jpg,4
35122.jpg,4
35123.jpg,0
35124.jpg,4
35125.jpg,5
35126.jpg,1
35127.jpg,7
35128.jpg,3
35129.jpg,5
35130.jpg,7
35131.jpg,2
35132.jpg,4
35133.jpg,4
35134.jpg,5
35135.jpg,6
35136.jpg,4
35137.jpg,3
35138.jpg,8
35139.jpg,4
35140.jpg,6
35141.jpg,6
35142.jpg,5
35143.jpg,0
35144.jpg,4
35145.jpg,9
35146.jpg,9
35147.jpg,7
35148.jpg,8
35149.jpg,6
35150.jpg,7
35151.jpg,3
35152.jpg,3
35153.jpg,5
35154.jpg,9
35155.jpg,6
35156.jpg,0
35157.jpg,1
35158.jpg,3
35159.jpg,8
35160.jpg,9
35161.jpg,8
35162.jpg,8
35163.jpg,0
35164.jpg,6
35165.jpg,6
35166.jpg,0
35167.jpg,9
35168.jpg,8
35169.jpg,6
35170.jpg,4
35171.jpg,7
35172.jpg,7
35173.jpg,9
35174.jpg,9
35175.jpg,3
35176.jpg,0
35177.jpg,9
35178.jpg,5
35179.jpg,5
35180.jpg,6
35181.jpg,5
35182.jpg,0
35183.jpg,9
35184.jpg,5
35185.jpg,8
35186.jpg,0
35187.jpg,1
35188.jpg,0
35189.jpg,4
35190.jpg,0
35191.jpg,3
35192.jpg,3
35193.jpg,2
35194.jpg,1
35195.jpg,1
35196.jpg,4
35197.jpg,9
35198.jpg,9
35199.jpg,4
35200.jpg,2
35201.jpg,1
35202.jpg,1
35203.jpg,2
35204.jpg,7
35205.jpg,4
35206.jpg,5
35207.jpg,5
35208.jpg,6
35209.jpg,3
35210.jpg,1
35211.jpg,3
35212.jpg,1
35213.jpg,2
35214.jpg,1
35215.jpg,5
35216.jpg,3
35217.jpg,3
35218.jpg,2
35219.jpg,5
35220.jpg,6
35221.jpg,4
35222.jpg,5
35223.jpg,2
35224.jpg,7
35225.jpg,6
35226.jpg,4
35227.jpg,6
35228.jpg,1
35229.jpg,2
35230.jpg,7
35231.jpg,9
35232.jpg,0
35233.jpg,0
35234.jpg,4
35235.jpg,9
35236.jpg,3
35237.jpg,5
35238.jpg,2
35239.jpg,4
35240.jpg,8
35241.jpg,9
35242.jpg,0
35243.jpg,8
35244.jpg,2
35245.jpg,5
35246.jpg,1
35247.jpg,6
35248.jpg,6
35249.jpg,3
35250.jpg,3
35251.jpg,3
35252.jpg,2
35253.jpg,6
35254.jpg,6
35255.jpg,4
35256.jpg,7
35257.jpg,5
35258.jpg,1
35259.jpg,0
35260.jpg,5
35261.jpg,9
35262.jpg,0
35263.jpg,4
35264.jpg,0
35265.jpg,0
35266.jpg,6
35267.jpg,6
35268.jpg,1
35269.jpg,5
35270.jpg,0
35271.jpg,5
35272.jpg,2
35273.jpg,5
35274.jpg,4
35275.jpg,3
35276.jpg,7
35277.jpg,2
35278.jpg,5
35279.jpg,4
35280.jpg,6
35281.jpg,7
35282.jpg,3
35283.jpg,1
35284.jpg,9
35285.jpg,7
35286.jpg,4
35287.jpg,9
35288.jpg,0
35289.jpg,1
35290.jpg,5
35291.jpg,1
35292.jpg,7
35293.jpg,4
35294.jpg,7
35295.jpg,6
35296.jpg,1
35297.jpg,0
35298.jpg,6
35299.jpg,4
35300.jpg,6
35301.jpg,0
35302.jpg,9
35303.jpg,2
35304.jpg,0
35305.jpg,6
35306.jpg,2
35307.jpg,9
35308.jpg,1
35309.jpg,8
35310.jpg,3
35311.jpg,4
35312.jpg,5
35313.jpg,0
35314.jpg,0
35315.jpg,4
35316.jpg,1
35317.jpg,1
35318.jpg,8
35319.jpg,3
35320.jpg,2
35321.jpg,5
35322.jpg,1
35323.jpg,4
35324.jpg,1
35325.jpg,8
35326.jpg,5
35327.jpg,8
35328.jpg,2
35329.jpg,1
35330.jpg,3
35331.jpg,5
35332.jpg,1
35333.jpg,4
35334.jpg,2
35335.jpg,2
35336.jpg,7
35337.jpg,7
35338.jpg,8
35339.jpg,0
35340.jpg,4
35341.jpg,2
35342.jpg,2
35343.jpg,7
35344.jpg,0
35345.jpg,5
35346.jpg,2
35347.jpg,0
35348.jpg,0
35349.jpg,0
35350.jpg,6
35351.jpg,3
35352.jpg,7
35353.jpg,7
35354.jpg,8
35355.jpg,6
35356.jpg,9
35357.jpg,0
35358.jpg,0
35359.jpg,2
35360.jpg,2
35361.jpg,6
35362.jpg,3
35363.jpg,4
35364.jpg,0
35365.jpg,7
35366.jpg,6
35367.jpg,2
35368.jpg,5
35369.jpg,6
35370.jpg,1
35371.jpg,8
35372.jpg,8
35373.jpg,0
35374.jpg,5
35375.jpg,8
35376.jpg,7
35377.jpg,1
35378.jpg,9
35379.jpg,3
35380.jpg,3
35381.jpg,4
35382.jpg,3
35383.jpg,6
35384.jpg,0
35385.jpg,6
35386.jpg,8
35387.jpg,0
35388.jpg,9
35389.jpg,3
35390.jpg,0
35391.jpg,0
35392.jpg,6
35393.jpg,0
35394.jpg,7
35395.jpg,3
35396.jpg,4
35397.jpg,4
35398.jpg,8
35399.jpg,1
35400.jpg,4
35401.jpg,9
35402.jpg,3
35403.jpg,1
35404.jpg,2
35405.jpg,9
35406.jpg,1
35407.jpg,7
35408.jpg,4
35409.jpg,7
35410.jpg,4
35411.jpg,2
35412.jpg,0
35413.jpg,0
35414.jpg,2
35415.jpg,3
35416.jpg,7
35417.jpg,5
35418.jpg,9
35419.jpg,0
35420.jpg,6
35421.jpg,5
35422.jpg,5
35423.jpg,0
35424.jpg,2
35425.jpg,1
35426.jpg,9
35427.jpg,1
35428.jpg,2
35429.jpg,6
35430.jpg,6
35431.jpg,9
35432.jpg,7
35433.jpg,3
35434.jpg,1
35435.jpg,9
35436.jpg,5
35437.jpg,2
35438.jpg,0
35439.jpg,3
35440.jpg,5
35441.jpg,4
35442.jpg,8
35443.jpg,6
35444.jpg,1
35445.jpg,0
35446.jpg,8
35447.jpg,8
35448.jpg,5
35449.jpg,7
35450.jpg,5
35451.jpg,2
35452.jpg,6
35453.jpg,6
35454.jpg,3
35455.jpg,1
35456.jpg,3
35457.jpg,0
35458.jpg,3
35459.jpg,7
35460.jpg,2
35461.jpg,8
35462.jpg,8
35463.jpg,9
35464.jpg,9
35465.jpg,9
35466.jpg,1
35467.jpg,3
35468.jpg,7
35469.jpg,5
35470.jpg,1
35471.jpg,3
35472.jpg,9
35473.jpg,5
35474.jpg,6
35475.jpg,1
35476.jpg,7
35477.jpg,5
35478.jpg,8
35479.jpg,3
35480.jpg,7
35481.jpg,5
35482.jpg,5
35483.jpg,1
35484.jpg,0
35485.jpg,1
35486.jpg,8
35487.jpg,1
35488.jpg,1
35489.jpg,2
35490.jpg,7
35491.jpg,4
35492.jpg,5
35493.jpg,7
35494.jpg,2
35495.jpg,9
35496.jpg,4
35497.jpg,9
35498.jpg,9
35499.jpg,5
35500.jpg,1
35501.jpg,5
35502.jpg,3
35503.jpg,5
35504.jpg,5
35505.jpg,7
35506.jpg,7
35507.jpg,0
35508.jpg,3
35509.jpg,0
35510.jpg,4
35511.jpg,5
35512.jpg,4
35513.jpg,0
35514.jpg,3
35515.jpg,4
35516.jpg,0
35517.jpg,4
35518.jpg,6
35519.jpg,5
35520.jpg,9
35521.jpg,2
35522.jpg,2
35523.jpg,7
35524.jpg,6
35525.jpg,0
35526.jpg,6
35527.jpg,7
35528.jpg,9
35529.jpg,2
35530.jpg,7
35531.jpg,5
35532.jpg,2
35533.jpg,2
35534.jpg,6
35535.jpg,1
35536.jpg,8
35537.jpg,8
35538.jpg,9
35539.jpg,9
35540.jpg,7
35541.jpg,4
35542.jpg,3
35543.jpg,6
35544.jpg,5
35545.jpg,5
35546.jpg,0
35547.jpg,9
35548.jpg,1
35549.jpg,7
35550.jpg,2
35551.jpg,8
35552.jpg,3
35553.jpg,5
35554.jpg,5
35555.jpg,4
35556.jpg,0
35557.jpg,5
35558.jpg,2
35559.jpg,0
35560.jpg,9
35561.jpg,7
35562.jpg,9
35563.jpg,7
35564.jpg,0
35565.jpg,1
35566.jpg,4
35567.jpg,1
35568.jpg,3
35569.jpg,1
35570.jpg,2
35571.jpg,4
35572.jpg,7
35573.jpg,9
35574.jpg,1
35575.jpg,6
35576.jpg,7
35577.jpg,9
35578.jpg,8
35579.jpg,5
35580.jpg,1
35581.jpg,5
35582.jpg,6
35583.jpg,5
35584.jpg,1
35585.jpg,6
35586.jpg,4
35587.jpg,5
35588.jpg,2
35589.jpg,7
35590.jpg,3
35591.jpg,4
35592.jpg,6
35593.jpg,9
35594.jpg,0
35595.jpg,4
35596.jpg,7
35597.jpg,6
35598.jpg,4
35599.jpg,1
35600.jpg,1
35601.jpg,0
35602.jpg,1
35603.jpg,4
35604.jpg,0
35605.jpg,4
35606.jpg,2
35607.jpg,6
35608.jpg,8
35609.jpg,4
35610.jpg,7
35611.jpg,4
35612.jpg,9
35613.jpg,1
35614.jpg,9
35615.jpg,0
35616.jpg,4
35617.jpg,8
35618.jpg,4
35619.jpg,8
35620.jpg,8
35621.jpg,0
35622.jpg,6
35623.jpg,4
35624.jpg,4
35625.jpg,3
35626.jpg,8
35627.jpg,5
35628.jpg,1
35629.jpg,5
35630.jpg,7
35631.jpg,3
35632.jpg,3
35633.jpg,5
35634.jpg,3
35635.jpg,8
35636.jpg,5
35637.jpg,6
35638.jpg,6
35639.jpg,2
35640.jpg,9
35641.jpg,3
35642.jpg,1
35643.jpg,7
35644.jpg,4
35645.jpg,4
35646.jpg,3
35647.jpg,2
35648.jpg,8
35649.jpg,8
35650.jpg,8
35651.jpg,8
35652.jpg,0
35653.jpg,5
35654.jpg,2
35655.jpg,1
35656.jpg,0
35657.jpg,7
35658.jpg,9
35659.jpg,8
35660.jpg,2
35661.jpg,3
35662.jpg,2
35663.jpg,6
35664.jpg,5
35665.jpg,4
35666.jpg,0
35667.jpg,3
35668.jpg,4
35669.jpg,7
35670.jpg,3
35671.jpg,9
35672.jpg,1
35673.jpg,9
35674.jpg,5
35675.jpg,1
35676.jpg,6
35677.jpg,1
35678.jpg,5
35679.jpg,0
35680.jpg,8
35681.jpg,2
35682.jpg,7
35683.jpg,4
35684.jpg,9
35685.jpg,1
35686.jpg,6
35687.jpg,1
35688.jpg,4
35689.jpg,4
35690.jpg,4
35691.jpg,3
35692.jpg,2
35693.jpg,6
35694.jpg,4
35695.jpg,8
35696.jpg,9
35697.jpg,8
35698.jpg,5
35699.jpg,7
35700.jpg,3
35701.jpg,4
35702.jpg,4
35703.jpg,2
35704.jpg,1
35705.jpg,5
35706.jpg,8
35707.jpg,9
35708.jpg,7
35709.jpg,2
35710.jpg,2
35711.jpg,3
35712.jpg,4
35713.jpg,2
35714.jpg,1
35715.jpg,1
35716.jpg,0
35717.jpg,8
35718.jpg,8
35719.jpg,6
35720.jpg,6
35721.jpg,4
35722.jpg,7
35723.jpg,4
35724.jpg,7
35725.jpg,7
35726.jpg,8
35727.jpg,8
35728.jpg,5
35729.jpg,4
35730.jpg,6
35731.jpg,5
35732.jpg,3
35733.jpg,8
35734.jpg,9
35735.jpg,9
35736.jpg,1
35737.jpg,0
35738.jpg,2
35739.jpg,6
35740.jpg,9
35741.jpg,6
35742.jpg,5
35743.jpg,8
35744.jpg,2
35745.jpg,7
35746.jpg,5
35747.jpg,7
35748.jpg,2
35749.jpg,4
35750.jpg,6
35751.jpg,6
35752.jpg,3
35753.jpg,6
35754.jpg,3
35755.jpg,9
35756.jpg,4
35757.jpg,3
35758.jpg,7
35759.jpg,6
35760.jpg,8
35761.jpg,2
35762.jpg,5
35763.jpg,0
35764.jpg,4
35765.jpg,6
35766.jpg,9
35767.jpg,4
35768.jpg,1
35769.jpg,1
35770.jpg,6
35771.jpg,8
35772.jpg,5
35773.jpg,4
35774.jpg,6
35775.jpg,4
35776.jpg,8
35777.jpg,8
35778.jpg,3
35779.jpg,8
35780.jpg,1
35781.jpg,9
35782.jpg,4
35783.jpg,3
35784.jpg,8
35785.jpg,2
35786.jpg,4
35787.jpg,1
35788.jpg,8
35789.jpg,3
35790.jpg,7
35791.jpg,9
35792.jpg,9
35793.jpg,6
35794.jpg,6
35795.jpg,2
35796.jpg,6
35797.jpg,9
35798.jpg,9
35799.jpg,6
35800.jpg,0
35801.jpg,4
35802.jpg,9
35803.jpg,2
35804.jpg,4
35805.jpg,2
35806.jpg,6
35807.jpg,8
35808.jpg,7
35809.jpg,8
35810.jpg,1
35811.jpg,4
35812.jpg,4
35813.jpg,9
35814.jpg,5
35815.jpg,8
35816.jpg,3
35817.jpg,7
35818.jpg,2
35819.jpg,5
35820.jpg,4
35821.jpg,1
35822.jpg,2
35823.jpg,6
35824.jpg,7
35825.jpg,9
35826.jpg,6
35827.jpg,0
35828.jpg,5
35829.jpg,9
35830.jpg,8
35831.jpg,5
35832.jpg,9
35833.jpg,7
35834.jpg,1
35835.jpg,6
35836.jpg,6
35837.jpg,2
35838.jpg,2
35839.jpg,8
35840.jpg,9
35841.jpg,9
35842.jpg,9
35843.jpg,7
35844.jpg,9
35845.jpg,0
35846.jpg,7
35847.jpg,2
35848.jpg,9
35849.jpg,2
35850.jpg,3
35851.jpg,7
35852.jpg,2
35853.jpg,8
35854.jpg,3
35855.jpg,2
35856.jpg,1
35857.jpg,3
35858.jpg,7
35859.jpg,1
35860.jpg,9
35861.jpg,7
35862.jpg,6
35863.jpg,6
35864.jpg,2
35865.jpg,9
35866.jpg,1
35867.jpg,4
35868.jpg,8
35869.jpg,4
35870.jpg,5
35871.jpg,9
35872.jpg,8
35873.jpg,4
35874.jpg,7
35875.jpg,2
35876.jpg,9
35877.jpg,1
35878.jpg,6
35879.jpg,8
35880.jpg,9
35881.jpg,4
35882.jpg,5
35883.jpg,7
35884.jpg,5
35885.jpg,3
35886.jpg,0
35887.jpg,5
35888.jpg,7
35889.jpg,6
35890.jpg,8
35891.jpg,5
35892.jpg,8
35893.jpg,2
35894.jpg,4
35895.jpg,6
35896.jpg,3
35897.jpg,3
35898.jpg,8
35899.jpg,1
35900.jpg,6
35901.jpg,3
35902.jpg,4
35903.jpg,5
35904.jpg,0
35905.jpg,9
35906.jpg,9
35907.jpg,8
35908.jpg,3
35909.jpg,3
35910.jpg,1
35911.jpg,4
35912.jpg,8
35913.jpg,4
35914.jpg,3
35915.jpg,5
35916.jpg,7
35917.jpg,8
35918.jpg,6
35919.jpg,0
35920.jpg,9
35921.jpg,3
35922.jpg,9
35923.jpg,1
35924.jpg,8
35925.jpg,6
35926.jpg,2
35927.jpg,0
35928.jpg,3
35929.jpg,7
35930.jpg,4
35931.jpg,3
35932.jpg,7
35933.jpg,3
35934.jpg,7
35935.jpg,4
35936.jpg,0
35937.jpg,8
35938.jpg,4
35939.jpg,7
35940.jpg,2
35941.jpg,5
35942.jpg,5
35943.jpg,9
35944.jpg,6
35945.jpg,7
35946.jpg,1
35947.jpg,3
35948.jpg,3
35949.jpg,3
35950.jpg,7
35951.jpg,2
35952.jpg,5
35953.jpg,2
35954.jpg,8
35955.jpg,7
35956.jpg,0
35957.jpg,4
35958.jpg,6
35959.jpg,9
35960.jpg,5
35961.jpg,9
35962.jpg,4
35963.jpg,5
35964.jpg,6
35965.jpg,4
35966.jpg,8
35967.jpg,2
35968.jpg,1
35969.jpg,2
35970.jpg,6
35971.jpg,6
35972.jpg,1
35973.jpg,5
35974.jpg,8
35975.jpg,9
35976.jpg,6
35977.jpg,1
35978.jpg,6
35979.jpg,1
35980.jpg,2
35981.jpg,4
35982.jpg,0
35983.jpg,5
35984.jpg,9
35985.jpg,8
35986.jpg,5
35987.jpg,4
35988.jpg,1
35989.jpg,5
35990.jpg,2
35991.jpg,5
35992.jpg,5
35993.jpg,9
35994.jpg,8
35995.jpg,7
35996.jpg,9
35997.jpg,2
35998.jpg,2
35999.jpg,7
36000.jpg,2
36001.jpg,8
36002.jpg,3
36003.jpg,1
36004.jpg,9
36005.jpg,2
36006.jpg,5
36007.jpg,6
36008.jpg,8
36009.jpg,6
36010.jpg,5
36011.jpg,4
36012.jpg,8
36013.jpg,3
36014.jpg,2
36015.jpg,8
36016.jpg,2
36017.jpg,5
36018.jpg,7
36019.jpg,0
36020.jpg,8
36021.jpg,4
36022.jpg,5
36023.jpg,3
36024.jpg,9
36025.jpg,7
36026.jpg,1
36027.jpg,7
36028.jpg,8
36029.jpg,8
36030.jpg,5
36031.jpg,8
36032.jpg,7
36033.jpg,8
36034.jpg,7
36035.jpg,5
36036.jpg,4
36037.jpg,3
36038.jpg,8
36039.jpg,9
36040.jpg,7
36041.jpg,0
36042.jpg,6
36043.jpg,6
36044.jpg,8
36045.jpg,7
36046.jpg,0
36047.jpg,4
36048.jpg,8
36049.jpg,4
36050.jpg,6
36051.jpg,1
36052.jpg,6
36053.jpg,2
36054.jpg,0
36055.jpg,7
36056.jpg,3
36057.jpg,5
36058.jpg,3
36059.jpg,9
36060.jpg,1
36061.jpg,4
36062.jpg,3
36063.jpg,5
36064.jpg,7
36065.jpg,5
36066.jpg,6
36067.jpg,7
36068.jpg,8
36069.jpg,5
36070.jpg,3
36071.jpg,5
36072.jpg,9
36073.jpg,6
36074.jpg,5
36075.jpg,6
36076.jpg,4
36077.jpg,4
36078.jpg,1
36079.jpg,9
36080.jpg,3
36081.jpg,3
36082.jpg,2
36083.jpg,5
36084.jpg,5
36085.jpg,3
36086.jpg,0
36087.jpg,5
36088.jpg,2
36089.jpg,2
36090.jpg,9
36091.jpg,8
36092.jpg,6
36093.jpg,4
36094.jpg,3
36095.jpg,5
36096.jpg,5
36097.jpg,7
36098.jpg,7
36099.jpg,1
36100.jpg,8
36101.jpg,8
36102.jpg,8
36103.jpg,7
36104.jpg,9
36105.jpg,6
36106.jpg,2
36107.jpg,1
36108.jpg,0
36109.jpg,3
36110.jpg,3
36111.jpg,8
36112.jpg,5
36113.jpg,0
36114.jpg,2
36115.jpg,2
36116.jpg,0
36117.jpg,7
36118.jpg,2
36119.jpg,4
36120.jpg,8
36121.jpg,3
36122.jpg,6
36123.jpg,6
36124.jpg,6
36125.jpg,2
36126.jpg,6
36127.jpg,1
36128.jpg,8
36129.jpg,7
36130.jpg,5
36131.jpg,9
36132.jpg,4
36133.jpg,4
36134.jpg,6
36135.jpg,1
36136.jpg,3
36137.jpg,0
36138.jpg,8
36139.jpg,8
36140.jpg,1
36141.jpg,3
36142.jpg,8
36143.jpg,5
36144.jpg,6
36145.jpg,4
36146.jpg,5
36147.jpg,1
36148.jpg,0
36149.jpg,3
36150.jpg,4
36151.jpg,8
36152.jpg,8
36153.jpg,4
36154.jpg,7
36155.jpg,3
36156.jpg,6
36157.jpg,3
36158.jpg,7
36159.jpg,0
36160.jpg,3
36161.jpg,7
36162.jpg,1
36163.jpg,9
36164.jpg,4
36165.jpg,5
36166.jpg,9
36167.jpg,7
36168.jpg,7
36169.jpg,5
36170.jpg,6
36171.jpg,9
36172.jpg,7
36173.jpg,1
36174.jpg,4
36175.jpg,8
36176.jpg,8
36177.jpg,1
36178.jpg,9
36179.jpg,2
36180.jpg,6
36181.jpg,9
36182.jpg,3
36183.jpg,2
36184.jpg,7
36185.jpg,4
36186.jpg,9
36187.jpg,5
36188.jpg,6
36189.jpg,9
36190.jpg,9
36191.jpg,6
36192.jpg,0
36193.jpg,6
36194.jpg,1
36195.jpg,9
36196.jpg,3
36197.jpg,8
36198.jpg,3
36199.jpg,8
36200.jpg,0
36201.jpg,5
36202.jpg,2
36203.jpg,5
36204.jpg,3
36205.jpg,3
36206.jpg,1
36207.jpg,1
36208.jpg,6
36209.jpg,5
36210.jpg,8
36211.jpg,7
36212.jpg,8
36213.jpg,1
36214.jpg,2
36215.jpg,3
36216.jpg,2
36217.jpg,5
36218.jpg,4
36219.jpg,1
36220.jpg,4
36221.jpg,9
36222.jpg,5
36223.jpg,8
36224.jpg,0
36225.jpg,9
36226.jpg,3
36227.jpg,9
36228.jpg,7
36229.jpg,3
36230.jpg,3
36231.jpg,3
36232.jpg,3
36233.jpg,1
36234.jpg,4
36235.jpg,2
36236.jpg,9
36237.jpg,1
36238.jpg,1
36239.jpg,5
36240.jpg,1
36241.jpg,4
36242.jpg,2
36243.jpg,9
36244.jpg,2
36245.jpg,4
36246.jpg,5
36247.jpg,5
36248.jpg,8
36249.jpg,8
36250.jpg,4
36251.jpg,4
36252.jpg,6
36253.jpg,4
36254.jpg,2
36255.jpg,4
36256.jpg,6
36257.jpg,6
36258.jpg,2
36259.jpg,1
36260.jpg,8
36261.jpg,2
36262.jpg,3
36263.jpg,6
36264.jpg,5
36265.jpg,3
36266.jpg,7
36267.jpg,5
36268.jpg,1
36269.jpg,9
36270.jpg,7
36271.jpg,6
36272.jpg,8
36273.jpg,6
36274.jpg,5
36275.jpg,5
36276.jpg,4
36277.jpg,0
36278.jpg,9
36279.jpg,1
36280.jpg,9
36281.jpg,1
36282.jpg,7
36283.jpg,7
36284.jpg,2
36285.jpg,4
36286.jpg,3
36287.jpg,0
36288.jpg,5
36289.jpg,5
36290.jpg,3
36291.jpg,2
36292.jpg,8
36293.jpg,2
36294.jpg,0
36295.jpg,3
36296.jpg,9
36297.jpg,0
36298.jpg,9
36299.jpg,2
36300.jpg,7
36301.jpg,7
36302.jpg,9
36303.jpg,0
36304.jpg,1
36305.jpg,9
36306.jpg,6
36307.jpg,6
36308.jpg,3
36309.jpg,8
36310.jpg,5
36311.jpg,6
36312.jpg,6
36313.jpg,8
36314.jpg,8
36315.jpg,2
36316.jpg,5
36317.jpg,6
36318.jpg,5
36319.jpg,4
36320.jpg,6
36321.jpg,4
36322.jpg,6
36323.jpg,1
36324.jpg,0
36325.jpg,3
36326.jpg,2
36327.jpg,9
36328.jpg,1
36329.jpg,5
36330.jpg,1
36331.jpg,4
36332.jpg,1
36333.jpg,4
36334.jpg,6
36335.jpg,9
36336.jpg,6
36337.jpg,3
36338.jpg,0
36339.jpg,4
36340.jpg,6
36341.jpg,3
36342.jpg,6
36343.jpg,0
36344.jpg,0
36345.jpg,9
36346.jpg,9
36347.jpg,3
36348.jpg,7
36349.jpg,3
36350.jpg,5
36351.jpg,9
36352.jpg,3
36353.jpg,7
36354.jpg,3
36355.jpg,9
36356.jpg,9
36357.jpg,1
36358.jpg,1
36359.jpg,1
36360.jpg,5
36361.jpg,5
36362.jpg,0
36363.jpg,8
36364.jpg,7
36365.jpg,2
36366.jpg,0
36367.jpg,0
36368.jpg,7
36369.jpg,0
36370.jpg,7
36371.jpg,3
36372.jpg,4
36373.jpg,2
36374.jpg,3
36375.jpg,9
36376.jpg,1
36377.jpg,6
36378.jpg,5
36379.jpg,6
36380.jpg,0
36381.jpg,5
36382.jpg,4
36383.jpg,7
36384.jpg,4
36385.jpg,6
36386.jpg,8
36387.jpg,8
36388.jpg,6
36389.jpg,2
36390.jpg,9
36391.jpg,7
36392.jpg,8
36393.jpg,5
36394.jpg,0
36395.jpg,8
36396.jpg,1
36397.jpg,7
36398.jpg,4
36399.jpg,3
36400.jpg,7
36401.jpg,9
36402.jpg,3
36403.jpg,6
36404.jpg,6
36405.jpg,2
36406.jpg,1
36407.jpg,6
36408.jpg,1
36409.jpg,0
36410.jpg,2
36411.jpg,3
36412.jpg,7
36413.jpg,8
36414.jpg,3
36415.jpg,4
36416.jpg,4
36417.jpg,3
36418.jpg,6
36419.jpg,0
36420.jpg,0
36421.jpg,1
36422.jpg,5
36423.jpg,3
36424.jpg,3
36425.jpg,3
36426.jpg,9
36427.jpg,1
36428.jpg,5
36429.jpg,6
36430.jpg,0
36431.jpg,8
36432.jpg,3
36433.jpg,3
36434.jpg,0
36435.jpg,8
36436.jpg,5
36437.jpg,3
36438.jpg,9
36439.jpg,0
36440.jpg,5
36441.jpg,5
36442.jpg,8
36443.jpg,3
36444.jpg,8
36445.jpg,8
36446.jpg,4
36447.jpg,6
36448.jpg,1
36449.jpg,8
36450.jpg,2
36451.jpg,2
36452.jpg,4
36453.jpg,8
36454.jpg,7
36455.jpg,7
36456.jpg,7
36457.jpg,2
36458.jpg,0
36459.jpg,3
36460.jpg,4
36461.jpg,1
36462.jpg,8
36463.jpg,1
36464.jpg,8
36465.jpg,7
36466.jpg,3
36467.jpg,2
36468.jpg,3
36469.jpg,6
36470.jpg,4
36471.jpg,5
36472.jpg,3
36473.jpg,6
36474.jpg,0
36475.jpg,2
36476.jpg,4
36477.jpg,8
36478.jpg,2
36479.jpg,8
36480.jpg,0
36481.jpg,2
36482.jpg,5
36483.jpg,5
36484.jpg,7
36485.jpg,9
36486.jpg,0
36487.jpg,5
36488.jpg,8
36489.jpg,5
36490.jpg,4
36491.jpg,2
36492.jpg,6
36493.jpg,3
36494.jpg,5
36495.jpg,6
36496.jpg,3
36497.jpg,4
36498.jpg,8
36499.jpg,8
36500.jpg,3
36501.jpg,2
36502.jpg,4
36503.jpg,3
36504.jpg,8
36505.jpg,8
36506.jpg,4
36507.jpg,1
36508.jpg,7
36509.jpg,2
36510.jpg,5
36511.jpg,4
36512.jpg,3
36513.jpg,0
36514.jpg,1
36515.jpg,3
36516.jpg,2
36517.jpg,7
36518.jpg,7
36519.jpg,1
36520.jpg,1
36521.jpg,4
36522.jpg,2
36523.jpg,0
36524.jpg,7
36525.jpg,5
36526.jpg,4
36527.jpg,2
36528.jpg,4
36529.jpg,3
36530.jpg,2
36531.jpg,4
36532.jpg,5
36533.jpg,6
36534.jpg,5
36535.jpg,6
36536.jpg,5
36537.jpg,9
36538.jpg,8
36539.jpg,6
36540.jpg,8
36541.jpg,2
36542.jpg,3
36543.jpg,8
36544.jpg,1
36545.jpg,6
36546.jpg,5
36547.jpg,1
36548.jpg,0
36549.jpg,7
36550.jpg,6
36551.jpg,8
36552.jpg,8
36553.jpg,0
36554.jpg,0
36555.jpg,3
36556.jpg,7
36557.jpg,7
36558.jpg,6
36559.jpg,9
36560.jpg,2
36561.jpg,3
36562.jpg,2
36563.jpg,2
36564.jpg,2
36565.jpg,5
36566.jpg,4
36567.jpg,9
36568.jpg,3
36569.jpg,8
36570.jpg,4
36571.jpg,3
36572.jpg,7
36573.jpg,4
36574.jpg,9
36575.jpg,2
36576.jpg,0
36577.jpg,6
36578.jpg,4
36579.jpg,9
36580.jpg,8
36581.jpg,7
36582.jpg,8
36583.jpg,7
36584.jpg,2
36585.jpg,0
36586.jpg,0
36587.jpg,6
36588.jpg,1
36589.jpg,2
36590.jpg,3
36591.jpg,4
36592.jpg,1
36593.jpg,0
36594.jpg,3
36595.jpg,3
36596.jpg,3
36597.jpg,5
36598.jpg,1
36599.jpg,9
36600.jpg,6
36601.jpg,7
36602.jpg,6
36603.jpg,0
36604.jpg,3
36605.jpg,3
36606.jpg,5
36607.jpg,2
36608.jpg,5
36609.jpg,6
36610.jpg,1
36611.jpg,9
36612.jpg,6
36613.jpg,0
36614.jpg,0
36615.jpg,8
36616.jpg,4
36617.jpg,8
36618.jpg,4
36619.jpg,0
36620.jpg,7
36621.jpg,5
36622.jpg,6
36623.jpg,9
36624.jpg,8
36625.jpg,0
36626.jpg,8
36627.jpg,3
36628.jpg,5
36629.jpg,9
36630.jpg,2
36631.jpg,0
36632.jpg,0
36633.jpg,2
36634.jpg,1
36635.jpg,5
36636.jpg,8
36637.jpg,0
36638.jpg,5
36639.jpg,9
36640.jpg,7
36641.jpg,7
36642.jpg,2
36643.jpg,1
36644.jpg,4
36645.jpg,9
36646.jpg,9
36647.jpg,9
36648.jpg,4
36649.jpg,1
36650.jpg,4
36651.jpg,9
36652.jpg,2
36653.jpg,3
36654.jpg,9
36655.jpg,0
36656.jpg,9
36657.jpg,3
36658.jpg,1
36659.jpg,3
36660.jpg,4
36661.jpg,2
36662.jpg,9
36663.jpg,4
36664.jpg,9
36665.jpg,2
36666.jpg,7
36667.jpg,5
36668.jpg,8
36669.jpg,5
36670.jpg,8
36671.jpg,7
36672.jpg,7
36673.jpg,2
36674.jpg,1
36675.jpg,8
36676.jpg,5
36677.jpg,6
36678.jpg,0
36679.jpg,1
36680.jpg,0
36681.jpg,2
36682.jpg,3
36683.jpg,2
36684.jpg,5
36685.jpg,9
36686.jpg,2
36687.jpg,9
36688.jpg,3
36689.jpg,0
36690.jpg,5
36691.jpg,7
36692.jpg,0
36693.jpg,1
36694.jpg,7
36695.jpg,4
36696.jpg,9
36697.jpg,3
36698.jpg,9
36699.jpg,8
36700.jpg,5
36701.jpg,0
36702.jpg,2
36703.jpg,4
36704.jpg,8
36705.jpg,9
36706.jpg,0
36707.jpg,8
36708.jpg,5
36709.jpg,7
36710.jpg,8
36711.jpg,7
36712.jpg,3
36713.jpg,9
36714.jpg,8
36715.jpg,5
36716.jpg,5
36717.jpg,1
36718.jpg,1
36719.jpg,7
36720.jpg,5
36721.jpg,6
36722.jpg,4
36723.jpg,9
36724.jpg,2
36725.jpg,0
36726.jpg,7
36727.jpg,3
36728.jpg,2
36729.jpg,3
36730.jpg,1
36731.jpg,1
36732.jpg,1
36733.jpg,2
36734.jpg,5
36735.jpg,8
36736.jpg,8
36737.jpg,8
36738.jpg,0
36739.jpg,8
36740.jpg,0
36741.jpg,1
36742.jpg,3
36743.jpg,6
36744.jpg,9
36745.jpg,3
36746.jpg,4
36747.jpg,7
36748.jpg,1
36749.jpg,0
36750.jpg,0
36751.jpg,8
36752.jpg,9
36753.jpg,4
36754.jpg,7
36755.jpg,9
36756.jpg,0
36757.jpg,3
36758.jpg,8
36759.jpg,2
36760.jpg,6
36761.jpg,8
36762.jpg,5
36763.jpg,0
36764.jpg,8
36765.jpg,6
36766.jpg,2
36767.jpg,5
36768.jpg,8
36769.jpg,4
36770.jpg,0
36771.jpg,2
36772.jpg,6
36773.jpg,4
36774.jpg,9
36775.jpg,9
36776.jpg,4
36777.jpg,9
36778.jpg,4
36779.jpg,4
36780.jpg,5
36781.jpg,9
36782.jpg,0
36783.jpg,7
36784.jpg,2
36785.jpg,5
36786.jpg,1
36787.jpg,8
36788.jpg,9
36789.jpg,4
36790.jpg,4
36791.jpg,6
36792.jpg,7
36793.jpg,5
36794.jpg,1
36795.jpg,2
36796.jpg,1
36797.jpg,7
36798.jpg,2
36799.jpg,3
36800.jpg,2
36801.jpg,3
36802.jpg,0
36803.jpg,4
36804.jpg,6
36805.jpg,3
36806.jpg,7
36807.jpg,0
36808.jpg,9
36809.jpg,5
36810.jpg,2
36811.jpg,5
36812.jpg,3
36813.jpg,2
36814.jpg,4
36815.jpg,3
36816.jpg,7
36817.jpg,3
36818.jpg,7
36819.jpg,2
36820.jpg,5
36821.jpg,8
36822.jpg,0
36823.jpg,4
36824.jpg,4
36825.jpg,3
36826.jpg,2
36827.jpg,1
36828.jpg,1
36829.jpg,8
36830.jpg,9
36831.jpg,0
36832.jpg,2
36833.jpg,9
36834.jpg,7
36835.jpg,6
36836.jpg,5
36837.jpg,2
36838.jpg,3
36839.jpg,0
36840.jpg,1
36841.jpg,3
36842.jpg,5
36843.jpg,0
36844.jpg,9
36845.jpg,4
36846.jpg,6
36847.jpg,5
36848.jpg,9
36849.jpg,7
36850.jpg,6
36851.jpg,4
36852.jpg,9
36853.jpg,5
36854.jpg,8
36855.jpg,3
36856.jpg,6
36857.jpg,7
36858.jpg,1
36859.jpg,1
36860.jpg,7
36861.jpg,9
36862.jpg,3
36863.jpg,8
36864.jpg,0
36865.jpg,1
36866.jpg,1
36867.jpg,5
36868.jpg,6
36869.jpg,7
36870.jpg,2
36871.jpg,1
36872.jpg,0
36873.jpg,0
36874.jpg,2
36875.jpg,7
36876.jpg,0
36877.jpg,2
36878.jpg,9
36879.jpg,2
36880.jpg,3
36881.jpg,0
36882.jpg,3
36883.jpg,4
36884.jpg,4
36885.jpg,6
36886.jpg,3
36887.jpg,2
36888.jpg,8
36889.jpg,1
36890.jpg,5
36891.jpg,4
36892.jpg,8
36893.jpg,1
36894.jpg,3
36895.jpg,2
36896.jpg,7
36897.jpg,0
36898.jpg,0
36899.jpg,5
36900.jpg,1
36901.jpg,5
36902.jpg,0
36903.jpg,5
36904.jpg,1
36905.jpg,6
36906.jpg,1
36907.jpg,2
36908.jpg,1
36909.jpg,2
36910.jpg,0
36911.jpg,5
36912.jpg,6
36913.jpg,6
36914.jpg,1
36915.jpg,6
36916.jpg,5
36917.jpg,8
36918.jpg,5
36919.jpg,3
36920.jpg,1
36921.jpg,6
36922.jpg,0
36923.jpg,3
36924.jpg,5
36925.jpg,5
36926.jpg,8
36927.jpg,5
36928.jpg,1
36929.jpg,5
36930.jpg,5
36931.jpg,2
36932.jpg,3
36933.jpg,2
36934.jpg,0
36935.jpg,0
36936.jpg,0
36937.jpg,8
36938.jpg,8
36939.jpg,3
36940.jpg,4
36941.jpg,7
36942.jpg,7
36943.jpg,2
36944.jpg,8
36945.jpg,0
36946.jpg,7
36947.jpg,4
36948.jpg,6
36949.jpg,0
36950.jpg,3
36951.jpg,6
36952.jpg,6
36953.jpg,1
36954.jpg,7
36955.jpg,9
36956.jpg,1
36957.jpg,2
36958.jpg,3
36959.jpg,9
36960.jpg,6
36961.jpg,5
36962.jpg,3
36963.jpg,8
36964.jpg,0
36965.jpg,9
36966.jpg,1
36967.jpg,2
36968.jpg,4
36969.jpg,0
36970.jpg,6
36971.jpg,6
36972.jpg,2
36973.jpg,5
36974.jpg,6
36975.jpg,8
36976.jpg,3
36977.jpg,3
36978.jpg,9
36979.jpg,6
36980.jpg,5
36981.jpg,0
36982.jpg,7
36983.jpg,2
36984.jpg,5
36985.jpg,8
36986.jpg,9
36987.jpg,0
36988.jpg,7
36989.jpg,3
36990.jpg,0
36991.jpg,6
36992.jpg,0
36993.jpg,1
36994.jpg,4
36995.jpg,6
36996.jpg,7
36997.jpg,5
36998.jpg,4
36999.jpg,9
37000.jpg,8
37001.jpg,1
37002.jpg,9
37003.jpg,7
37004.jpg,4
37005.jpg,9
37006.jpg,6
37007.jpg,9
37008.jpg,3
37009.jpg,2
37010.jpg,2
37011.jpg,5
37012.jpg,5
37013.jpg,9
37014.jpg,3
37015.jpg,4
37016.jpg,2
37017.jpg,0
37018.jpg,5
37019.jpg,8
37020.jpg,9
37021.jpg,8
37022.jpg,0
37023.jpg,8
37024.jpg,5
37025.jpg,9
37026.jpg,1
37027.jpg,7
37028.jpg,9
37029.jpg,5
37030.jpg,1
37031.jpg,9
37032.jpg,8
37033.jpg,1
37034.jpg,2
37035.jpg,1
37036.jpg,9
37037.jpg,5
37038.jpg,5
37039.jpg,7
37040.jpg,1
37041.jpg,7
37042.jpg,0
37043.jpg,5
37044.jpg,3
37045.jpg,4
37046.jpg,7
37047.jpg,6
37048.jpg,0
37049.jpg,3
37050.jpg,0
37051.jpg,7
37052.jpg,8
37053.jpg,4
37054.jpg,5
37055.jpg,7
37056.jpg,7
37057.jpg,5
37058.jpg,7
37059.jpg,5
37060.jpg,1
37061.jpg,0
37062.jpg,3
37063.jpg,8
37064.jpg,4
37065.jpg,5
37066.jpg,9
37067.jpg,3
37068.jpg,0
37069.jpg,9
37070.jpg,5
37071.jpg,6
37072.jpg,4
37073.jpg,9
37074.jpg,2
37075.jpg,3
37076.jpg,9
37077.jpg,8
37078.jpg,9
37079.jpg,4
37080.jpg,5
37081.jpg,9
37082.jpg,7
37083.jpg,9
37084.jpg,9
37085.jpg,9
37086.jpg,9
37087.jpg,7
37088.jpg,1
37089.jpg,0
37090.jpg,5
37091.jpg,8
37092.jpg,7
37093.jpg,0
37094.jpg,8
37095.jpg,5
37096.jpg,6
37097.jpg,8
37098.jpg,3
37099.jpg,7
37100.jpg,3
37101.jpg,9
37102.jpg,0
37103.jpg,5
37104.jpg,0
37105.jpg,0
37106.jpg,0
37107.jpg,5
37108.jpg,1
37109.jpg,1
37110.jpg,7
37111.jpg,5
37112.jpg,8
37113.jpg,1
37114.jpg,8
37115.jpg,6
37116.jpg,6
37117.jpg,7
37118.jpg,8
37119.jpg,8
37120.jpg,4
37121.jpg,9
37122.jpg,2
37123.jpg,2
37124.jpg,9
37125.jpg,7
37126.jpg,4
37127.jpg,2
37128.jpg,9
37129.jpg,7
37130.jpg,8
37131.jpg,3
37132.jpg,3
37133.jpg,2
37134.jpg,5
37135.jpg,6
37136.jpg,1
37137.jpg,7
37138.jpg,3
37139.jpg,4
37140.jpg,0
37141.jpg,4
37142.jpg,2
37143.jpg,0
37144.jpg,4
37145.jpg,6
37146.jpg,3
37147.jpg,4
37148.jpg,9
37149.jpg,4
37150.jpg,6
37151.jpg,1
37152.jpg,2
37153.jpg,7
37154.jpg,9
37155.jpg,4
37156.jpg,9
37157.jpg,5
37158.jpg,5
37159.jpg,9
37160.jpg,5
37161.jpg,6
37162.jpg,1
37163.jpg,0
37164.jpg,8
37165.jpg,6
37166.jpg,4
37167.jpg,5
37168.jpg,1
37169.jpg,7
37170.jpg,7
37171.jpg,2
37172.jpg,2
37173.jpg,5
37174.jpg,9
37175.jpg,9
37176.jpg,0
37177.jpg,9
37178.jpg,1
37179.jpg,8
37180.jpg,2
37181.jpg,8
37182.jpg,1
37183.jpg,5
37184.jpg,7
37185.jpg,7
37186.jpg,8
37187.jpg,9
37188.jpg,4
37189.jpg,7
37190.jpg,1
37191.jpg,6
37192.jpg,5
37193.jpg,8
37194.jpg,2
37195.jpg,2
37196.jpg,3
37197.jpg,7
37198.jpg,3
37199.jpg,2
37200.jpg,2
37201.jpg,0
37202.jpg,8
37203.jpg,5
37204.jpg,3
37205.jpg,4
37206.jpg,8
37207.jpg,0
37208.jpg,1
37209.jpg,5
37210.jpg,3
37211.jpg,5
37212.jpg,8
37213.jpg,1
37214.jpg,8
37215.jpg,0
37216.jpg,4
37217.jpg,3
37218.jpg,5
37219.jpg,3
37220.jpg,0
37221.jpg,5
37222.jpg,6
37223.jpg,5
37224.jpg,2
37225.jpg,5
37226.jpg,1
37227.jpg,0
37228.jpg,4
37229.jpg,5
37230.jpg,5
37231.jpg,4
37232.jpg,4
37233.jpg,7
37234.jpg,3
37235.jpg,5
37236.jpg,8
37237.jpg,1
37238.jpg,9
37239.jpg,4
37240.jpg,6
37241.jpg,7
37242.jpg,0
37243.jpg,0
37244.jpg,4
37245.jpg,8
37246.jpg,7
37247.jpg,9
37248.jpg,2
37249.jpg,7
37250.jpg,3
37251.jpg,8
37252.jpg,2
37253.jpg,0
37254.jpg,1
37255.jpg,2
37256.jpg,1
37257.jpg,4
37258.jpg,5
37259.jpg,8
37260.jpg,2
37261.jpg,5
37262.jpg,9
37263.jpg,7
37264.jpg,1
37265.jpg,8
37266.jpg,1
37267.jpg,0
37268.jpg,5
37269.jpg,9
37270.jpg,7
37271.jpg,0
37272.jpg,7
37273.jpg,2
37274.jpg,0
37275.jpg,7
37276.jpg,6
37277.jpg,1
37278.jpg,9
37279.jpg,1
37280.jpg,1
37281.jpg,2
37282.jpg,2
37283.jpg,6
37284.jpg,3
37285.jpg,7
37286.jpg,7
37287.jpg,4
37288.jpg,1
37289.jpg,5
37290.jpg,1
37291.jpg,8
37292.jpg,3
37293.jpg,4
37294.jpg,2
37295.jpg,4
37296.jpg,9
37297.jpg,6
37298.jpg,0
37299.jpg,9
37300.jpg,4
37301.jpg,7
37302.jpg,6
37303.jpg,9
37304.jpg,2
37305.jpg,4
37306.jpg,3
37307.jpg,9
37308.jpg,7
37309.jpg,2
37310.jpg,1
37311.jpg,4
37312.jpg,4
37313.jpg,3
37314.jpg,1
37315.jpg,9
37316.jpg,2
37317.jpg,0
37318.jpg,4
37319.jpg,7
37320.jpg,0
37321.jpg,7
37322.jpg,3
37323.jpg,7
37324.jpg,0
37325.jpg,7
37326.jpg,0
37327.jpg,3
37328.jpg,0
37329.jpg,0
37330.jpg,3
37331.jpg,6
37332.jpg,0
37333.jpg,5
37334.jpg,5
37335.jpg,2
37336.jpg,0
37337.jpg,0
37338.jpg,9
37339.jpg,0
37340.jpg,9
37341.jpg,8
37342.jpg,8
37343.jpg,9
37344.jpg,4
37345.jpg,4
37346.jpg,7
37347.jpg,6
37348.jpg,4
37349.jpg,1
37350.jpg,8
37351.jpg,5
37352.jpg,6
37353.jpg,2
37354.jpg,6
37355.jpg,0
37356.jpg,7
37357.jpg,5
37358.jpg,5
37359.jpg,5
37360.jpg,2
37361.jpg,6
37362.jpg,1
37363.jpg,9
37364.jpg,1
37365.jpg,1
37366.jpg,7
37367.jpg,9
37368.jpg,2
37369.jpg,6
37370.jpg,1
37371.jpg,2
37372.jpg,7
37373.jpg,8
37374.jpg,4
37375.jpg,0
37376.jpg,8
37377.jpg,1
37378.jpg,8
37379.jpg,0
37380.jpg,8
37381.jpg,0
37382.jpg,7
37383.jpg,7
37384.jpg,4
37385.jpg,4
37386.jpg,5
37387.jpg,7
37388.jpg,5
37389.jpg,8
37390.jpg,1
37391.jpg,8
37392.jpg,2
37393.jpg,8
37394.jpg,3
37395.jpg,8
37396.jpg,6
37397.jpg,2
37398.jpg,0
37399.jpg,4
37400.jpg,8
37401.jpg,0
37402.jpg,0
37403.jpg,4
37404.jpg,0
37405.jpg,9
37406.jpg,7
37407.jpg,6
37408.jpg,4
37409.jpg,8
37410.jpg,3
37411.jpg,2
37412.jpg,9
37413.jpg,3
37414.jpg,8
37415.jpg,4
37416.jpg,5
37417.jpg,7
37418.jpg,0
37419.jpg,9
37420.jpg,9
37421.jpg,0
37422.jpg,7
37423.jpg,1
37424.jpg,5
37425.jpg,4
37426.jpg,9
37427.jpg,9
37428.jpg,0
37429.jpg,9
37430.jpg,8
37431.jpg,0
37432.jpg,2
37433.jpg,0
37434.jpg,6
37435.jpg,9
37436.jpg,4
37437.jpg,9
37438.jpg,7
37439.jpg,3
37440.jpg,5
37441.jpg,4
37442.jpg,4
37443.jpg,6
37444.jpg,0
37445.jpg,8
37446.jpg,0
37447.jpg,5
37448.jpg,9
37449.jpg,2
37450.jpg,2
37451.jpg,6
37452.jpg,2
37453.jpg,1
37454.jpg,6
37455.jpg,7
37456.jpg,0
37457.jpg,1
37458.jpg,0
37459.jpg,7
37460.jpg,7
37461.jpg,9
37462.jpg,3
37463.jpg,5
37464.jpg,6
37465.jpg,6
37466.jpg,7
37467.jpg,3
37468.jpg,0
37469.jpg,9
37470.jpg,1
37471.jpg,6
37472.jpg,6
37473.jpg,0
37474.jpg,6
37475.jpg,3
37476.jpg,8
37477.jpg,5
37478.jpg,3
37479.jpg,6
37480.jpg,5
37481.jpg,2
37482.jpg,4
37483.jpg,0
37484.jpg,6
37485.jpg,5
37486.jpg,0
37487.jpg,4
37488.jpg,4
37489.jpg,5
37490.jpg,3
37491.jpg,2
37492.jpg,2
37493.jpg,5
37494.jpg,3
37495.jpg,1
37496.jpg,5
37497.jpg,6
37498.jpg,2
37499.jpg,6
37500.jpg,2
37501.jpg,9
37502.jpg,3
37503.jpg,4
37504.jpg,9
37505.jpg,5
37506.jpg,8
37507.jpg,5
37508.jpg,2
37509.jpg,5
37510.jpg,4
37511.jpg,9
37512.jpg,9
37513.jpg,6
37514.jpg,7
37515.jpg,9
37516.jpg,7
37517.jpg,4
37518.jpg,3
37519.jpg,1
37520.jpg,0
37521.jpg,9
37522.jpg,7
37523.jpg,3
37524.jpg,5
37525.jpg,0
37526.jpg,3
37527.jpg,8
37528.jpg,5
37529.jpg,1
37530.jpg,4
37531.jpg,8
37532.jpg,1
37533.jpg,2
37534.jpg,4
37535.jpg,1
37536.jpg,6
37537.jpg,9
37538.jpg,4
37539.jpg,3
37540.jpg,1
37541.jpg,3
37542.jpg,1
37543.jpg,8
37544.jpg,5
37545.jpg,6
37546.jpg,6
37547.jpg,3
37548.jpg,2
37549.jpg,1
37550.jpg,0
37551.jpg,7
37552.jpg,6
37553.jpg,3
37554.jpg,3
37555.jpg,5
37556.jpg,7
37557.jpg,0
37558.jpg,7
37559.jpg,7
37560.jpg,0
37561.jpg,8
37562.jpg,8
37563.jpg,2
37564.jpg,1
37565.jpg,2
37566.jpg,1
37567.jpg,6
37568.jpg,1
37569.jpg,9
37570.jpg,4
37571.jpg,4
37572.jpg,7
37573.jpg,4
37574.jpg,9
37575.jpg,7
37576.jpg,4
37577.jpg,9
37578.jpg,6
37579.jpg,0
37580.jpg,6
37581.jpg,0
37582.jpg,1
37583.jpg,9
37584.jpg,2
37585.jpg,0
37586.jpg,3
37587.jpg,2
37588.jpg,1
37589.jpg,2
37590.jpg,7
37591.jpg,4
37592.jpg,9
37593.jpg,2
37594.jpg,2
37595.jpg,6
37596.jpg,8
37597.jpg,8
37598.jpg,7
37599.jpg,0
37600.jpg,6
37601.jpg,2
37602.jpg,5
37603.jpg,3
37604.jpg,7
37605.jpg,4
37606.jpg,1
37607.jpg,7
37608.jpg,8
37609.jpg,8
37610.jpg,8
37611.jpg,4
37612.jpg,8
37613.jpg,4
37614.jpg,9
37615.jpg,8
37616.jpg,1
37617.jpg,0
37618.jpg,1
37619.jpg,9
37620.jpg,5
37621.jpg,5
37622.jpg,4
37623.jpg,4
37624.jpg,6
37625.jpg,5
37626.jpg,4
37627.jpg,6
37628.jpg,8
37629.jpg,5
37630.jpg,4
37631.jpg,2
37632.jpg,2
37633.jpg,1
37634.jpg,6
37635.jpg,8
37636.jpg,9
37637.jpg,9
37638.jpg,7
37639.jpg,1
37640.jpg,6
37641.jpg,9
37642.jpg,1
37643.jpg,3
37644.jpg,4
37645.jpg,0
37646.jpg,8
37647.jpg,5
37648.jpg,9
37649.jpg,6
37650.jpg,6
37651.jpg,0
37652.jpg,8
37653.jpg,6
37654.jpg,3
37655.jpg,8
37656.jpg,9
37657.jpg,7
37658.jpg,8
37659.jpg,5
37660.jpg,9
37661.jpg,5
37662.jpg,5
37663.jpg,9
37664.jpg,4
37665.jpg,7
37666.jpg,3
37667.jpg,3
37668.jpg,2
37669.jpg,8
37670.jpg,1
37671.jpg,6
37672.jpg,5
37673.jpg,7
37674.jpg,2
37675.jpg,2
37676.jpg,0
37677.jpg,0
37678.jpg,0
37679.jpg,8
37680.jpg,1
37681.jpg,3
37682.jpg,7
37683.jpg,3
37684.jpg,3
37685.jpg,0
37686.jpg,1
37687.jpg,9
37688.jpg,5
37689.jpg,0
37690.jpg,9
37691.jpg,0
37692.jpg,9
37693.jpg,0
37694.jpg,8
37695.jpg,2
37696.jpg,7
37697.jpg,9
37698.jpg,2
37699.jpg,9
37700.jpg,9
37701.jpg,1
37702.jpg,3
37703.jpg,1
37704.jpg,1
37705.jpg,3
37706.jpg,1
37707.jpg,6
37708.jpg,8
37709.jpg,9
37710.jpg,2
37711.jpg,0
37712.jpg,6
37713.jpg,8
37714.jpg,5
37715.jpg,9
37716.jpg,4
37717.jpg,3
37718.jpg,2
37719.jpg,2
37720.jpg,5
37721.jpg,3
37722.jpg,3
37723.jpg,8
37724.jpg,7
37725.jpg,5
37726.jpg,0
37727.jpg,2
37728.jpg,6
37729.jpg,5
37730.jpg,2
37731.jpg,7
37732.jpg,5
37733.jpg,8
37734.jpg,6
37735.jpg,4
37736.jpg,3
37737.jpg,3
37738.jpg,4
37739.jpg,5
37740.jpg,0
37741.jpg,3
37742.jpg,2
37743.jpg,9
37744.jpg,8
37745.jpg,1
37746.jpg,8
37747.jpg,7
37748.jpg,7
37749.jpg,1
37750.jpg,2
37751.jpg,8
37752.jpg,6
37753.jpg,5
37754.jpg,0
37755.jpg,9
37756.jpg,6
37757.jpg,5
37758.jpg,8
37759.jpg,9
37760.jpg,6
37761.jpg,1
37762.jpg,8
37763.jpg,0
37764.jpg,6
37765.jpg,9
37766.jpg,0
37767.jpg,9
37768.jpg,5
37769.jpg,5
37770.jpg,8
37771.jpg,0
37772.jpg,1
37773.jpg,5
37774.jpg,1
37775.jpg,3
37776.jpg,8
37777.jpg,7
37778.jpg,5
37779.jpg,1
37780.jpg,8
37781.jpg,5
37782.jpg,8
37783.jpg,5
37784.jpg,8
37785.jpg,9
37786.jpg,5
37787.jpg,9
37788.jpg,3
37789.jpg,9
37790.jpg,6
37791.jpg,8
37792.jpg,6
37793.jpg,8
37794.jpg,7
37795.jpg,4
37796.jpg,4
37797.jpg,3
37798.jpg,4
37799.jpg,0
37800.jpg,2
37801.jpg,3
37802.jpg,0
37803.jpg,2
37804.jpg,3
37805.jpg,0
37806.jpg,8
37807.jpg,8
37808.jpg,2
37809.jpg,6
37810.jpg,5
37811.jpg,6
37812.jpg,3
37813.jpg,4
37814.jpg,8
37815.jpg,5
37816.jpg,2
37817.jpg,7
37818.jpg,8
37819.jpg,3
37820.jpg,5
37821.jpg,6
37822.jpg,8
37823.jpg,3
37824.jpg,1
37825.jpg,8
37826.jpg,2
37827.jpg,8
37828.jpg,7
37829.jpg,8
37830.jpg,3
37831.jpg,9
37832.jpg,8
37833.jpg,6
37834.jpg,0
37835.jpg,7
37836.jpg,1
37837.jpg,4
37838.jpg,3
37839.jpg,1
37840.jpg,3
37841.jpg,9
37842.jpg,8
37843.jpg,8
37844.jpg,7
37845.jpg,1
37846.jpg,2
37847.jpg,5
37848.jpg,3
37849.jpg,0
37850.jpg,2
37851.jpg,3
37852.jpg,0
37853.jpg,2
37854.jpg,8
37855.jpg,4
37856.jpg,7
37857.jpg,4
37858.jpg,6
37859.jpg,4
37860.jpg,8
37861.jpg,4
37862.jpg,0
37863.jpg,1
37864.jpg,7
37865.jpg,0
37866.jpg,3
37867.jpg,4
37868.jpg,4
37869.jpg,4
37870.jpg,6
37871.jpg,8
37872.jpg,2
37873.jpg,6
37874.jpg,6
37875.jpg,9
37876.jpg,9
37877.jpg,8
37878.jpg,6
37879.jpg,8
37880.jpg,7
37881.jpg,8
37882.jpg,0
37883.jpg,4
37884.jpg,5
37885.jpg,2
37886.jpg,8
37887.jpg,7
37888.jpg,6
37889.jpg,8
37890.jpg,7
37891.jpg,4
37892.jpg,3
37893.jpg,5
37894.jpg,8
37895.jpg,9
37896.jpg,9
37897.jpg,3
37898.jpg,7
37899.jpg,5
37900.jpg,1
37901.jpg,3
37902.jpg,3
37903.jpg,2
37904.jpg,2
37905.jpg,5
37906.jpg,0
37907.jpg,4
37908.jpg,4
37909.jpg,4
37910.jpg,2
37911.jpg,5
37912.jpg,0
37913.jpg,5
37914.jpg,6
37915.jpg,3
37916.jpg,0
37917.jpg,4
37918.jpg,3
37919.jpg,5
37920.jpg,5
37921.jpg,4
37922.jpg,4
37923.jpg,7
37924.jpg,7
37925.jpg,0
37926.jpg,1
37927.jpg,9
37928.jpg,4
37929.jpg,5
37930.jpg,1
37931.jpg,0
37932.jpg,2
37933.jpg,3
37934.jpg,6
37935.jpg,2
37936.jpg,2
37937.jpg,6
37938.jpg,5
37939.jpg,1
37940.jpg,2
37941.jpg,7
37942.jpg,3
37943.jpg,0
37944.jpg,9
37945.jpg,8
37946.jpg,0
37947.jpg,8
37948.jpg,2
37949.jpg,5
37950.jpg,3
37951.jpg,4
37952.jpg,5
37953.jpg,6
37954.jpg,5
37955.jpg,1
37956.jpg,2
37957.jpg,2
37958.jpg,2
37959.jpg,9
37960.jpg,8
37961.jpg,6
37962.jpg,6
37963.jpg,3
37964.jpg,5
37965.jpg,6
37966.jpg,0
37967.jpg,9
37968.jpg,1
37969.jpg,0
37970.jpg,3
37971.jpg,8
37972.jpg,4
37973.jpg,3
37974.jpg,8
37975.jpg,4
37976.jpg,6
37977.jpg,5
37978.jpg,8
37979.jpg,6
37980.jpg,1
37981.jpg,0
37982.jpg,3
37983.jpg,7
37984.jpg,6
37985.jpg,9
37986.jpg,8
37987.jpg,1
37988.jpg,5
37989.jpg,1
37990.jpg,8
37991.jpg,0
37992.jpg,8
37993.jpg,8
37994.jpg,0
37995.jpg,3
37996.jpg,7
37997.jpg,3
37998.jpg,3
37999.jpg,8
38000.jpg,1
38001.jpg,0
38002.jpg,2
38003.jpg,1
38004.jpg,5
38005.jpg,3
38006.jpg,5
38007.jpg,3
38008.jpg,4
38009.jpg,0
38010.jpg,5
38011.jpg,5
38012.jpg,2
38013.jpg,0
38014.jpg,2
38015.jpg,2
38016.jpg,4
38017.jpg,9
38018.jpg,4
38019.jpg,3
38020.jpg,7
38021.jpg,1
38022.jpg,6
38023.jpg,4
38024.jpg,0
38025.jpg,2
38026.jpg,0
38027.jpg,6
38028.jpg,3
38029.jpg,7
38030.jpg,1
38031.jpg,9
38032.jpg,0
38033.jpg,9
38034.jpg,9
38035.jpg,7
38036.jpg,1
38037.jpg,3
38038.jpg,4
38039.jpg,3
38040.jpg,3
38041.jpg,7
38042.jpg,8
38043.jpg,6
38044.jpg,8
38045.jpg,3
38046.jpg,4
38047.jpg,6
38048.jpg,5
38049.jpg,6
38050.jpg,5
38051.jpg,9
38052.jpg,3
38053.jpg,1
38054.jpg,0
38055.jpg,7
38056.jpg,5
38057.jpg,6
38058.jpg,3
38059.jpg,0
38060.jpg,7
38061.jpg,9
38062.jpg,3
38063.jpg,3
38064.jpg,2
38065.jpg,6
38066.jpg,7
38067.jpg,6
38068.jpg,4
38069.jpg,0
38070.jpg,6
38071.jpg,0
38072.jpg,6
38073.jpg,2
38074.jpg,2
38075.jpg,1
38076.jpg,8
38077.jpg,5
38078.jpg,1
38079.jpg,6
38080.jpg,4
38081.jpg,8
38082.jpg,2
38083.jpg,5
38084.jpg,9
38085.jpg,3
38086.jpg,1
38087.jpg,4
38088.jpg,3
38089.jpg,2
38090.jpg,2
38091.jpg,4
38092.jpg,2
38093.jpg,2
38094.jpg,0
38095.jpg,2
38096.jpg,0
38097.jpg,3
38098.jpg,9
38099.jpg,7
38100.jpg,0
38101.jpg,2
38102.jpg,2
38103.jpg,6
38104.jpg,7
38105.jpg,0
38106.jpg,9
38107.jpg,8
38108.jpg,0
38109.jpg,0
38110.jpg,5
38111.jpg,7
38112.jpg,3
38113.jpg,1
38114.jpg,5
38115.jpg,1
38116.jpg,9
38117.jpg,2
38118.jpg,3
38119.jpg,0
38120.jpg,8
38121.jpg,9
38122.jpg,1
38123.jpg,9
38124.jpg,8
38125.jpg,8
38126.jpg,9
38127.jpg,8
38128.jpg,1
38129.jpg,9
38130.jpg,0
38131.jpg,3
38132.jpg,3
38133.jpg,8
38134.jpg,3
38135.jpg,5
38136.jpg,0
38137.jpg,2
38138.jpg,1
38139.jpg,5
38140.jpg,9
38141.jpg,1
38142.jpg,6
38143.jpg,4
38144.jpg,3
38145.jpg,0
38146.jpg,2
38147.jpg,0
38148.jpg,0
38149.jpg,7
38150.jpg,9
38151.jpg,9
38152.jpg,9
38153.jpg,7
38154.jpg,6
38155.jpg,5
38156.jpg,8
38157.jpg,3
38158.jpg,8
38159.jpg,4
38160.jpg,6
38161.jpg,5
38162.jpg,3
38163.jpg,4
38164.jpg,8
38165.jpg,9
38166.jpg,7
38167.jpg,6
38168.jpg,8
38169.jpg,2
38170.jpg,3
38171.jpg,9
38172.jpg,4
38173.jpg,1
38174.jpg,0
38175.jpg,8
38176.jpg,6
38177.jpg,7
38178.jpg,9
38179.jpg,4
38180.jpg,7
38181.jpg,5
38182.jpg,1
38183.jpg,3
38184.jpg,6
38185.jpg,1
38186.jpg,3
38187.jpg,0
38188.jpg,6
38189.jpg,5
38190.jpg,6
38191.jpg,4
38192.jpg,9
38193.jpg,5
38194.jpg,2
38195.jpg,4
38196.jpg,9
38197.jpg,0
38198.jpg,7
38199.jpg,5
38200.jpg,3
38201.jpg,6
38202.jpg,4
38203.jpg,6
38204.jpg,7
38205.jpg,2
38206.jpg,6
38207.jpg,5
38208.jpg,5
38209.jpg,0
38210.jpg,9
38211.jpg,4
38212.jpg,0
38213.jpg,8
38214.jpg,6
38215.jpg,1
38216.jpg,4
38217.jpg,0
38218.jpg,6
38219.jpg,7
38220.jpg,5
38221.jpg,4
38222.jpg,2
38223.jpg,4
38224.jpg,1
38225.jpg,8
38226.jpg,9
38227.jpg,8
38228.jpg,4
38229.jpg,6
38230.jpg,6
38231.jpg,9
38232.jpg,2
38233.jpg,3
38234.jpg,1
38235.jpg,4
38236.jpg,7
38237.jpg,7
38238.jpg,9
38239.jpg,0
38240.jpg,5
38241.jpg,6
38242.jpg,2
38243.jpg,3
38244.jpg,2
38245.jpg,5
38246.jpg,0
38247.jpg,8
38248.jpg,3
38249.jpg,8
38250.jpg,2
38251.jpg,2
38252.jpg,0
38253.jpg,8
38254.jpg,0
38255.jpg,7
38256.jpg,7
38257.jpg,0
38258.jpg,7
38259.jpg,2
38260.jpg,9
38261.jpg,8
38262.jpg,3
38263.jpg,1
38264.jpg,1
38265.jpg,7
38266.jpg,0
38267.jpg,6
38268.jpg,9
38269.jpg,1
38270.jpg,2
38271.jpg,8
38272.jpg,7
38273.jpg,8
38274.jpg,5
38275.jpg,1
38276.jpg,9
38277.jpg,6
38278.jpg,9
38279.jpg,1
38280.jpg,0
38281.jpg,8
38282.jpg,2
38283.jpg,7
38284.jpg,9
38285.jpg,3
38286.jpg,8
38287.jpg,2
38288.jpg,2
38289.jpg,0
38290.jpg,2
38291.jpg,0
38292.jpg,9
38293.jpg,1
38294.jpg,1
38295.jpg,0
38296.jpg,3
38297.jpg,8
38298.jpg,6
38299.jpg,8
38300.jpg,2
38301.jpg,5
38302.jpg,5
38303.jpg,5
38304.jpg,7
38305.jpg,4
38306.jpg,3
38307.jpg,7
38308.jpg,9
38309.jpg,4
38310.jpg,1
38311.jpg,8
38312.jpg,1
38313.jpg,9
38314.jpg,2
38315.jpg,3
38316.jpg,8
38317.jpg,0
38318.jpg,0
38319.jpg,5
38320.jpg,8
38321.jpg,2
38322.jpg,1
38323.jpg,2
38324.jpg,0
38325.jpg,6
38326.jpg,3
38327.jpg,0
38328.jpg,5
38329.jpg,9
38330.jpg,5
38331.jpg,3
38332.jpg,9
38333.jpg,8
38334.jpg,4
38335.jpg,8
38336.jpg,8
38337.jpg,6
38338.jpg,4
38339.jpg,9
38340.jpg,9
38341.jpg,5
38342.jpg,8
38343.jpg,7
38344.jpg,2
38345.jpg,9
38346.jpg,3
38347.jpg,0
38348.jpg,2
38349.jpg,7
38350.jpg,0
38351.jpg,4
38352.jpg,6
38353.jpg,9
38354.jpg,2
38355.jpg,0
38356.jpg,5
38357.jpg,7
38358.jpg,1
38359.jpg,0
38360.jpg,4
38361.jpg,6
38362.jpg,5
38363.jpg,0
38364.jpg,2
38365.jpg,2
38366.jpg,2
38367.jpg,4
38368.jpg,3
38369.jpg,6
38370.jpg,2
38371.jpg,9
38372.jpg,8
38373.jpg,6
38374.jpg,8
38375.jpg,1
38376.jpg,3
38377.jpg,3
38378.jpg,0
38379.jpg,8
38380.jpg,8
38381.jpg,5
38382.jpg,7
38383.jpg,5
38384.jpg,2
38385.jpg,9
38386.jpg,7
38387.jpg,9
38388.jpg,2
38389.jpg,0
38390.jpg,3
38391.jpg,2
38392.jpg,2
38393.jpg,8
38394.jpg,4
38395.jpg,5
38396.jpg,6
38397.jpg,5
38398.jpg,5
38399.jpg,4
38400.jpg,6
38401.jpg,6
38402.jpg,3
38403.jpg,5
38404.jpg,2
38405.jpg,9
38406.jpg,6
38407.jpg,4
38408.jpg,9
38409.jpg,3
38410.jpg,3
38411.jpg,5
38412.jpg,5
38413.jpg,4
38414.jpg,2
38415.jpg,0
38416.jpg,0
38417.jpg,2
38418.jpg,5
38419.jpg,0
38420.jpg,7
38421.jpg,5
38422.jpg,5
38423.jpg,7
38424.jpg,0
38425.jpg,4
38426.jpg,3
38427.jpg,2
38428.jpg,0
38429.jpg,4
38430.jpg,0
38431.jpg,9
38432.jpg,8
38433.jpg,4
38434.jpg,9
38435.jpg,9
38436.jpg,7
38437.jpg,5
38438.jpg,7
38439.jpg,9
38440.jpg,8
38441.jpg,1
38442.jpg,9
38443.jpg,3
38444.jpg,5
38445.jpg,8
38446.jpg,6
38447.jpg,4
38448.jpg,6
38449.jpg,9
38450.jpg,9
38451.jpg,9
38452.jpg,3
38453.jpg,7
38454.jpg,5
38455.jpg,9
38456.jpg,7
38457.jpg,8
38458.jpg,0
38459.jpg,8
38460.jpg,6
38461.jpg,9
38462.jpg,8
38463.jpg,6
38464.jpg,7
38465.jpg,1
38466.jpg,7
38467.jpg,7
38468.jpg,9
38469.jpg,8
38470.jpg,0
38471.jpg,9
38472.jpg,2
38473.jpg,6
38474.jpg,5
38475.jpg,8
38476.jpg,0
38477.jpg,5
38478.jpg,4
38479.jpg,3
38480.jpg,2
38481.jpg,8
38482.jpg,2
38483.jpg,6
38484.jpg,4
38485.jpg,0
38486.jpg,7
38487.jpg,7
38488.jpg,4
38489.jpg,0
38490.jpg,7
38491.jpg,8
38492.jpg,0
38493.jpg,2
38494.jpg,3
38495.jpg,5
38496.jpg,1
38497.jpg,6
38498.jpg,2
38499.jpg,2
38500.jpg,8
38501.jpg,2
38502.jpg,4
38503.jpg,9
38504.jpg,2
38505.jpg,4
38506.jpg,3
38507.jpg,3
38508.jpg,0
38509.jpg,9
38510.jpg,5
38511.jpg,6
38512.jpg,6
38513.jpg,4
38514.jpg,0
38515.jpg,1
38516.jpg,0
38517.jpg,3
38518.jpg,2
38519.jpg,6
38520.jpg,0
38521.jpg,4
38522.jpg,2
38523.jpg,7
38524.jpg,3
38525.jpg,6
38526.jpg,6
38527.jpg,7
38528.jpg,1
38529.jpg,4
38530.jpg,2
38531.jpg,2
38532.jpg,6
38533.jpg,4
38534.jpg,8
38535.jpg,5
38536.jpg,3
38537.jpg,5
38538.jpg,4
38539.jpg,1
38540.jpg,3
38541.jpg,8
38542.jpg,6
38543.jpg,3
38544.jpg,9
38545.jpg,2
38546.jpg,0
38547.jpg,2
38548.jpg,7
38549.jpg,2
38550.jpg,8
38551.jpg,7
38552.jpg,8
38553.jpg,2
38554.jpg,0
38555.jpg,5
38556.jpg,0
38557.jpg,0
38558.jpg,8
38559.jpg,9
38560.jpg,0
38561.jpg,3
38562.jpg,8
38563.jpg,4
38564.jpg,1
38565.jpg,6
38566.jpg,5
38567.jpg,7
38568.jpg,9
38569.jpg,8
38570.jpg,1
38571.jpg,5
38572.jpg,3
38573.jpg,5
38574.jpg,1
38575.jpg,6
38576.jpg,7
38577.jpg,9
38578.jpg,7
38579.jpg,7
38580.jpg,0
38581.jpg,7
38582.jpg,6
38583.jpg,8
38584.jpg,1
38585.jpg,3
38586.jpg,7
38587.jpg,0
38588.jpg,4
38589.jpg,2
38590.jpg,9
38591.jpg,4
38592.jpg,3
38593.jpg,6
38594.jpg,2
38595.jpg,1
38596.jpg,7
38597.jpg,8
38598.jpg,2
38599.jpg,3
38600.jpg,6
38601.jpg,3
38602.jpg,8
38603.jpg,1
38604.jpg,8
38605.jpg,4
38606.jpg,9
38607.jpg,6
38608.jpg,2
38609.jpg,3
38610.jpg,1
38611.jpg,8
38612.jpg,1
38613.jpg,4
38614.jpg,3
38615.jpg,9
38616.jpg,4
38617.jpg,1
38618.jpg,0
38619.jpg,6
38620.jpg,7
38621.jpg,4
38622.jpg,9
38623.jpg,9
38624.jpg,5
38625.jpg,5
38626.jpg,9
38627.jpg,6
38628.jpg,2
38629.jpg,3
38630.jpg,5
38631.jpg,1
38632.jpg,5
38633.jpg,9
38634.jpg,4
38635.jpg,0
38636.jpg,1
38637.jpg,4
38638.jpg,3
38639.jpg,1
38640.jpg,1
38641.jpg,8
38642.jpg,7
38643.jpg,0
38644.jpg,1
38645.jpg,5
38646.jpg,9
38647.jpg,8
38648.jpg,9
38649.jpg,7
38650.jpg,6
38651.jpg,2
38652.jpg,9
38653.jpg,0
38654.jpg,9
38655.jpg,1
38656.jpg,1
38657.jpg,3
38658.jpg,6
38659.jpg,6
38660.jpg,5
38661.jpg,7
38662.jpg,9
38663.jpg,0
38664.jpg,6
38665.jpg,6
38666.jpg,5
38667.jpg,1
38668.jpg,8
38669.jpg,1
38670.jpg,8
38671.jpg,0
38672.jpg,9
38673.jpg,5
38674.jpg,5
38675.jpg,1
38676.jpg,2
38677.jpg,0
38678.jpg,8
38679.jpg,7
38680.jpg,9
38681.jpg,1
38682.jpg,9
38683.jpg,5
38684.jpg,7
38685.jpg,5
38686.jpg,3
38687.jpg,0
38688.jpg,7
38689.jpg,4
38690.jpg,8
38691.jpg,0
38692.jpg,2
38693.jpg,5
38694.jpg,2
38695.jpg,7
38696.jpg,9
38697.jpg,7
38698.jpg,8
38699.jpg,4
38700.jpg,8
38701.jpg,5
38702.jpg,2
38703.jpg,2
38704.jpg,5
38705.jpg,9
38706.jpg,1
38707.jpg,4
38708.jpg,5
38709.jpg,1
38710.jpg,6
38711.jpg,5
38712.jpg,2
38713.jpg,9
38714.jpg,7
38715.jpg,5
38716.jpg,4
38717.jpg,7
38718.jpg,9
38719.jpg,3
38720.jpg,7
38721.jpg,2
38722.jpg,3
38723.jpg,6
38724.jpg,5
38725.jpg,8
38726.jpg,8
38727.jpg,7
38728.jpg,1
38729.jpg,0
38730.jpg,5
38731.jpg,4
38732.jpg,7
38733.jpg,2
38734.jpg,9
38735.jpg,2
38736.jpg,5
38737.jpg,8
38738.jpg,4
38739.jpg,2
38740.jpg,1
38741.jpg,7
38742.jpg,3
38743.jpg,9
38744.jpg,8
38745.jpg,2
38746.jpg,1
38747.jpg,6
38748.jpg,0
38749.jpg,1
38750.jpg,5
38751.jpg,9
38752.jpg,8
38753.jpg,6
38754.jpg,5
38755.jpg,8
38756.jpg,8
38757.jpg,8
38758.jpg,3
38759.jpg,7
38760.jpg,4
38761.jpg,3
38762.jpg,3
38763.jpg,3
38764.jpg,2
38765.jpg,6
38766.jpg,9
38767.jpg,7
38768.jpg,3
38769.jpg,9
38770.jpg,6
38771.jpg,6
38772.jpg,3
38773.jpg,7
38774.jpg,8
38775.jpg,5
38776.jpg,3
38777.jpg,0
38778.jpg,0
38779.jpg,2
38780.jpg,4
38781.jpg,4
38782.jpg,0
38783.jpg,2
38784.jpg,2
38785.jpg,5
38786.jpg,5
38787.jpg,4
38788.jpg,0
38789.jpg,6
38790.jpg,2
38791.jpg,1
38792.jpg,0
38793.jpg,8
38794.jpg,8
38795.jpg,6
38796.jpg,4
38797.jpg,5
38798.jpg,3
38799.jpg,1
38800.jpg,2
38801.jpg,4
38802.jpg,6
38803.jpg,7
38804.jpg,6
38805.jpg,8
38806.jpg,1
38807.jpg,4
38808.jpg,3
38809.jpg,9
38810.jpg,9
38811.jpg,7
38812.jpg,4
38813.jpg,7
38814.jpg,3
38815.jpg,7
38816.jpg,9
38817.jpg,5
38818.jpg,1
38819.jpg,6
38820.jpg,1
38821.jpg,8
38822.jpg,5
38823.jpg,7
38824.jpg,4
38825.jpg,4
38826.jpg,7
38827.jpg,9
38828.jpg,5
38829.jpg,7
38830.jpg,3
38831.jpg,2
38832.jpg,5
38833.jpg,2
38834.jpg,3
38835.jpg,2
38836.jpg,8
38837.jpg,7
38838.jpg,8
38839.jpg,9
38840.jpg,1
38841.jpg,6
38842.jpg,0
38843.jpg,5
38844.jpg,0
38845.jpg,1
38846.jpg,3
38847.jpg,0
38848.jpg,7
38849.jpg,3
38850.jpg,0
38851.jpg,0
38852.jpg,0
38853.jpg,7
38854.jpg,6
38855.jpg,6
38856.jpg,0
38857.jpg,7
38858.jpg,7
38859.jpg,0
38860.jpg,4
38861.jpg,0
38862.jpg,4
38863.jpg,9
38864.jpg,8
38865.jpg,7
38866.jpg,6
38867.jpg,3
38868.jpg,9
38869.jpg,0
38870.jpg,2
38871.jpg,8
38872.jpg,8
38873.jpg,2
38874.jpg,8
38875.jpg,4
38876.jpg,4
38877.jpg,8
38878.jpg,4
38879.jpg,4
38880.jpg,3
38881.jpg,4
38882.jpg,5
38883.jpg,5
38884.jpg,4
38885.jpg,2
38886.jpg,6
38887.jpg,9
38888.jpg,6
38889.jpg,4
38890.jpg,5
38891.jpg,0
38892.jpg,4
38893.jpg,2
38894.jpg,2
38895.jpg,6
38896.jpg,4
38897.jpg,6
38898.jpg,1
38899.jpg,1
38900.jpg,5
38901.jpg,1
38902.jpg,4
38903.jpg,7
38904.jpg,6
38905.jpg,8
38906.jpg,2
38907.jpg,3
38908.jpg,0
38909.jpg,3
38910.jpg,5
38911.jpg,8
38912.jpg,3
38913.jpg,6
38914.jpg,3
38915.jpg,1
38916.jpg,9
38917.jpg,1
38918.jpg,7
38919.jpg,9
38920.jpg,8
38921.jpg,9
38922.jpg,2
38923.jpg,7
38924.jpg,0
38925.jpg,6
38926.jpg,0
38927.jpg,7
38928.jpg,3
38929.jpg,6
38930.jpg,0
38931.jpg,3
38932.jpg,6
38933.jpg,3
38934.jpg,5
38935.jpg,5
38936.jpg,8
38937.jpg,4
38938.jpg,7
38939.jpg,0
38940.jpg,6
38941.jpg,6
38942.jpg,6
38943.jpg,8
38944.jpg,2
38945.jpg,4
38946.jpg,3
38947.jpg,6
38948.jpg,7
38949.jpg,9
38950.jpg,4
38951.jpg,2
38952.jpg,3
38953.jpg,8
38954.jpg,1
38955.jpg,4
38956.jpg,6
38957.jpg,3
38958.jpg,0
38959.jpg,8
38960.jpg,7
38961.jpg,4
38962.jpg,1
38963.jpg,9
38964.jpg,8
38965.jpg,8
38966.jpg,3
38967.jpg,5
38968.jpg,0
38969.jpg,4
38970.jpg,1
38971.jpg,0
38972.jpg,1
38973.jpg,2
38974.jpg,6
38975.jpg,1
38976.jpg,3
38977.jpg,6
38978.jpg,0
38979.jpg,0
38980.jpg,5
38981.jpg,6
38982.jpg,9
38983.jpg,6
38984.jpg,8
38985.jpg,4
38986.jpg,0
38987.jpg,9
38988.jpg,2
38989.jpg,2
38990.jpg,8
38991.jpg,5
38992.jpg,5
38993.jpg,3
38994.jpg,2
38995.jpg,1
38996.jpg,9
38997.jpg,4
38998.jpg,9
38999.jpg,3
39000.jpg,8
39001.jpg,9
39002.jpg,4
39003.jpg,9
39004.jpg,0
39005.jpg,5
39006.jpg,0
39007.jpg,8
39008.jpg,2
39009.jpg,3
39010.jpg,7
39011.jpg,8
39012.jpg,9
39013.jpg,4
39014.jpg,5
39015.jpg,3
39016.jpg,2
39017.jpg,5
39018.jpg,0
39019.jpg,7
39020.jpg,2
39021.jpg,1
39022.jpg,1
39023.jpg,4
39024.jpg,4
39025.jpg,8
39026.jpg,9
39027.jpg,4
39028.jpg,6
39029.jpg,9
39030.jpg,4
39031.jpg,9
39032.jpg,3
39033.jpg,5
39034.jpg,6
39035.jpg,9
39036.jpg,9
39037.jpg,7
39038.jpg,7
39039.jpg,6
39040.jpg,1
39041.jpg,6
39042.jpg,8
39043.jpg,8
39044.jpg,3
39045.jpg,1
39046.jpg,6
39047.jpg,7
39048.jpg,7
39049.jpg,2
39050.jpg,0
39051.jpg,7
39052.jpg,5
39053.jpg,2
39054.jpg,3
39055.jpg,4
39056.jpg,6
39057.jpg,9
39058.jpg,7
39059.jpg,6
39060.jpg,1
39061.jpg,6
39062.jpg,6
39063.jpg,7
39064.jpg,9
39065.jpg,9
39066.jpg,1
39067.jpg,0
39068.jpg,2
39069.jpg,2
39070.jpg,5
39071.jpg,7
39072.jpg,9
39073.jpg,9
39074.jpg,9
39075.jpg,1
39076.jpg,6
39077.jpg,4
39078.jpg,3
39079.jpg,3
39080.jpg,1
39081.jpg,3
39082.jpg,6
39083.jpg,3
39084.jpg,1
39085.jpg,1
39086.jpg,9
39087.jpg,9
39088.jpg,6
39089.jpg,3
39090.jpg,8
39091.jpg,0
39092.jpg,0
39093.jpg,2
39094.jpg,6
39095.jpg,6
39096.jpg,1
39097.jpg,4
39098.jpg,4
39099.jpg,2
39100.jpg,0
39101.jpg,2
39102.jpg,8
39103.jpg,7
39104.jpg,2
39105.jpg,5
39106.jpg,2
39107.jpg,0
39108.jpg,8
39109.jpg,7
39110.jpg,6
39111.jpg,5
39112.jpg,9
39113.jpg,5
39114.jpg,4
39115.jpg,8
39116.jpg,7
39117.jpg,3
39118.jpg,5
39119.jpg,6
39120.jpg,5
39121.jpg,1
39122.jpg,1
39123.jpg,9
39124.jpg,9
39125.jpg,9
39126.jpg,7
39127.jpg,8
39128.jpg,0
39129.jpg,6
39130.jpg,0
39131.jpg,3
39132.jpg,7
39133.jpg,7
39134.jpg,8
39135.jpg,6
39136.jpg,1
39137.jpg,1
39138.jpg,4
39139.jpg,7
39140.jpg,3
39141.jpg,7
39142.jpg,3
39143.jpg,3
39144.jpg,8
39145.jpg,6
39146.jpg,3
39147.jpg,9
39148.jpg,1
39149.jpg,0
39150.jpg,1
39151.jpg,1
39152.jpg,8
39153.jpg,2
39154.jpg,4
39155.jpg,5
39156.jpg,2
39157.jpg,3
39158.jpg,9
39159.jpg,2
39160.jpg,8
39161.jpg,8
39162.jpg,7
39163.jpg,1
39164.jpg,0
39165.jpg,8
39166.jpg,8
39167.jpg,9
39168.jpg,0
39169.jpg,0
39170.jpg,3
39171.jpg,6
39172.jpg,5
39173.jpg,1
39174.jpg,0
39175.jpg,7
39176.jpg,0
39177.jpg,8
39178.jpg,3
39179.jpg,2
39180.jpg,8
39181.jpg,9
39182.jpg,8
39183.jpg,7
39184.jpg,8
39185.jpg,5
39186.jpg,1
39187.jpg,4
39188.jpg,5
39189.jpg,0
39190.jpg,3
39191.jpg,8
39192.jpg,6
39193.jpg,9
39194.jpg,9
39195.jpg,8
39196.jpg,1
39197.jpg,3
39198.jpg,7
39199.jpg,4
39200.jpg,6
39201.jpg,8
39202.jpg,7
39203.jpg,7
39204.jpg,4
39205.jpg,0
39206.jpg,9
39207.jpg,4
39208.jpg,9
39209.jpg,6
39210.jpg,6
39211.jpg,9
39212.jpg,6
39213.jpg,4
39214.jpg,6
39215.jpg,5
39216.jpg,8
39217.jpg,9
39218.jpg,3
39219.jpg,0
39220.jpg,8
39221.jpg,1
39222.jpg,3
39223.jpg,3
39224.jpg,2
39225.jpg,1
39226.jpg,7
39227.jpg,3
39228.jpg,9
39229.jpg,7
39230.jpg,1
39231.jpg,7
39232.jpg,1
39233.jpg,3
39234.jpg,1
39235.jpg,8
39236.jpg,0
39237.jpg,4
39238.jpg,9
39239.jpg,1
39240.jpg,3
39241.jpg,7
39242.jpg,5
39243.jpg,4
39244.jpg,9
39245.jpg,0
39246.jpg,7
39247.jpg,8
39248.jpg,2
39249.jpg,9
39250.jpg,8
39251.jpg,4
39252.jpg,4
39253.jpg,8
39254.jpg,5
39255.jpg,0
39256.jpg,2
39257.jpg,8
39258.jpg,8
39259.jpg,5
39260.jpg,9
39261.jpg,6
39262.jpg,7
39263.jpg,0
39264.jpg,7
39265.jpg,6
39266.jpg,9
39267.jpg,5
39268.jpg,2
39269.jpg,1
39270.jpg,7
39271.jpg,5
39272.jpg,7
39273.jpg,3
39274.jpg,2
39275.jpg,2
39276.jpg,0
39277.jpg,7
39278.jpg,9
39279.jpg,6
39280.jpg,3
39281.jpg,7
39282.jpg,2
39283.jpg,1
39284.jpg,9
39285.jpg,6
39286.jpg,1
39287.jpg,9
39288.jpg,5
39289.jpg,6
39290.jpg,2
39291.jpg,8
39292.jpg,4
39293.jpg,7
39294.jpg,5
39295.jpg,9
39296.jpg,6
39297.jpg,2
39298.jpg,3
39299.jpg,3
39300.jpg,9
39301.jpg,5
39302.jpg,6
39303.jpg,0
39304.jpg,5
39305.jpg,6
39306.jpg,3
39307.jpg,6
39308.jpg,0
39309.jpg,7
39310.jpg,7
39311.jpg,6
39312.jpg,6
39313.jpg,1
39314.jpg,1
39315.jpg,5
39316.jpg,5
39317.jpg,4
39318.jpg,4
39319.jpg,3
39320.jpg,6
39321.jpg,8
39322.jpg,3
39323.jpg,7
39324.jpg,5
39325.jpg,3
39326.jpg,1
39327.jpg,5
39328.jpg,2
39329.jpg,2
39330.jpg,8
39331.jpg,2
39332.jpg,7
39333.jpg,5
39334.jpg,5
39335.jpg,7
39336.jpg,3
39337.jpg,1
39338.jpg,9
39339.jpg,0
39340.jpg,0
39341.jpg,7
39342.jpg,2
39343.jpg,6
39344.jpg,0
39345.jpg,1
39346.jpg,0
39347.jpg,8
39348.jpg,1
39349.jpg,0
39350.jpg,7
39351.jpg,6
39352.jpg,4
39353.jpg,6
39354.jpg,1
39355.jpg,4
39356.jpg,1
39357.jpg,2
39358.jpg,8
39359.jpg,0
39360.jpg,9
39361.jpg,6
39362.jpg,1
39363.jpg,7
39364.jpg,6
39365.jpg,4
39366.jpg,3
39367.jpg,3
39368.jpg,3
39369.jpg,9
39370.jpg,9
39371.jpg,0
39372.jpg,8
39373.jpg,0
39374.jpg,8
39375.jpg,0
39376.jpg,1
39377.jpg,7
39378.jpg,8
39379.jpg,8
39380.jpg,5
39381.jpg,1
39382.jpg,6
39383.jpg,1
39384.jpg,3
39385.jpg,9
39386.jpg,3
39387.jpg,0
39388.jpg,8
39389.jpg,8
39390.jpg,4
39391.jpg,7
39392.jpg,1
39393.jpg,8
39394.jpg,6
39395.jpg,2
39396.jpg,7
39397.jpg,2
39398.jpg,9
39399.jpg,5
39400.jpg,8
39401.jpg,1
39402.jpg,4
39403.jpg,9
39404.jpg,6
39405.jpg,9
39406.jpg,6
39407.jpg,7
39408.jpg,3
39409.jpg,1
39410.jpg,0
39411.jpg,1
39412.jpg,6
39413.jpg,7
39414.jpg,4
39415.jpg,8
39416.jpg,1
39417.jpg,9
39418.jpg,6
39419.jpg,2
39420.jpg,0
39421.jpg,4
39422.jpg,5
39423.jpg,0
39424.jpg,3
39425.jpg,9
39426.jpg,1
39427.jpg,9
39428.jpg,5
39429.jpg,8
39430.jpg,3
39431.jpg,5
39432.jpg,2
39433.jpg,6
39434.jpg,8
39435.jpg,1
39436.jpg,1
39437.jpg,5
39438.jpg,1
39439.jpg,0
39440.jpg,6
39441.jpg,0
39442.jpg,9
39443.jpg,3
39444.jpg,3
39445.jpg,8
39446.jpg,8
39447.jpg,1
39448.jpg,3
39449.jpg,2
39450.jpg,2
39451.jpg,7
39452.jpg,5
39453.jpg,9
39454.jpg,7
39455.jpg,5
39456.jpg,7
39457.jpg,2
39458.jpg,2
39459.jpg,6
39460.jpg,9
39461.jpg,9
39462.jpg,6
39463.jpg,3
39464.jpg,6
39465.jpg,8
39466.jpg,3
39467.jpg,5
39468.jpg,3
39469.jpg,1
39470.jpg,7
39471.jpg,2
39472.jpg,5
39473.jpg,8
39474.jpg,5
39475.jpg,4
39476.jpg,7
39477.jpg,9
39478.jpg,3
39479.jpg,8
39480.jpg,4
39481.jpg,3
39482.jpg,5
39483.jpg,1
39484.jpg,5
39485.jpg,7
39486.jpg,1
39487.jpg,1
39488.jpg,4
39489.jpg,1
39490.jpg,0
39491.jpg,1
39492.jpg,3
39493.jpg,5
39494.jpg,1
39495.jpg,5
39496.jpg,6
39497.jpg,0
39498.jpg,0
39499.jpg,3
39500.jpg,3
39501.jpg,8
39502.jpg,9
39503.jpg,1
39504.jpg,4
39505.jpg,1
39506.jpg,4
39507.jpg,0
39508.jpg,5
39509.jpg,1
39510.jpg,0
39511.jpg,0
39512.jpg,6
39513.jpg,0
39514.jpg,5
39515.jpg,4
39516.jpg,6
39517.jpg,0
39518.jpg,4
39519.jpg,5
39520.jpg,9
39521.jpg,8
39522.jpg,5
39523.jpg,5
39524.jpg,7
39525.jpg,0
39526.jpg,1
39527.jpg,2
39528.jpg,0
39529.jpg,7
39530.jpg,0
39531.jpg,5
39532.jpg,8
39533.jpg,6
39534.jpg,9
39535.jpg,0
39536.jpg,2
39537.jpg,6
39538.jpg,2
39539.jpg,1
39540.jpg,9
39541.jpg,5
39542.jpg,8
39543.jpg,8
39544.jpg,3
39545.jpg,3
39546.jpg,9
39547.jpg,5
39548.jpg,5
39549.jpg,2
39550.jpg,6
39551.jpg,8
39552.jpg,5
39553.jpg,8
39554.jpg,1
39555.jpg,0
39556.jpg,0
39557.jpg,0
39558.jpg,2
39559.jpg,0
39560.jpg,2
39561.jpg,1
39562.jpg,1
39563.jpg,3
39564.jpg,4
39565.jpg,5
39566.jpg,1
39567.jpg,8
39568.jpg,8
39569.jpg,1
39570.jpg,8
39571.jpg,8
39572.jpg,1
39573.jpg,2
39574.jpg,3
39575.jpg,4
39576.jpg,3
39577.jpg,5
39578.jpg,7
39579.jpg,5
39580.jpg,9
39581.jpg,6
39582.jpg,3
39583.jpg,9
39584.jpg,6
39585.jpg,1
39586.jpg,4
39587.jpg,1
39588.jpg,1
39589.jpg,1
39590.jpg,1
39591.jpg,8
39592.jpg,7
39593.jpg,1
39594.jpg,1
39595.jpg,4
39596.jpg,9
39597.jpg,4
39598.jpg,4
39599.jpg,3
39600.jpg,3
39601.jpg,9
39602.jpg,3
39603.jpg,6
39604.jpg,1
39605.jpg,4
39606.jpg,7
39607.jpg,6
39608.jpg,4
39609.jpg,3
39610.jpg,7
39611.jpg,9
39612.jpg,5
39613.jpg,1
39614.jpg,3
39615.jpg,0
39616.jpg,1
39617.jpg,2
39618.jpg,3
39619.jpg,3
39620.jpg,7
39621.jpg,6
39622.jpg,4
39623.jpg,6
39624.jpg,6
39625.jpg,8
39626.jpg,3
39627.jpg,7
39628.jpg,0
39629.jpg,1
39630.jpg,7
39631.jpg,8
39632.jpg,3
39633.jpg,0
39634.jpg,9
39635.jpg,0
39636.jpg,6
39637.jpg,9
39638.jpg,5
39639.jpg,6
39640.jpg,7
39641.jpg,0
39642.jpg,9
39643.jpg,1
39644.jpg,5
39645.jpg,4
39646.jpg,3
39647.jpg,5
39648.jpg,7
39649.jpg,5
39650.jpg,7
39651.jpg,0
39652.jpg,1
39653.jpg,6
39654.jpg,8
39655.jpg,6
39656.jpg,0
39657.jpg,8
39658.jpg,1
39659.jpg,7
39660.jpg,0
39661.jpg,5
39662.jpg,9
39663.jpg,1
39664.jpg,9
39665.jpg,5
39666.jpg,2
39667.jpg,6
39668.jpg,3
39669.jpg,4
39670.jpg,9
39671.jpg,0
39672.jpg,0
39673.jpg,7
39674.jpg,1
39675.jpg,5
39676.jpg,1
39677.jpg,8
39678.jpg,2
39679.jpg,8
39680.jpg,5
39681.jpg,8
39682.jpg,5
39683.jpg,2
39684.jpg,2
39685.jpg,4
39686.jpg,2
39687.jpg,4
39688.jpg,9
39689.jpg,7
39690.jpg,4
39691.jpg,3
39692.jpg,3
39693.jpg,2
39694.jpg,9
39695.jpg,7
39696.jpg,8
39697.jpg,8
39698.jpg,6
39699.jpg,4
39700.jpg,2
39701.jpg,3
39702.jpg,1
39703.jpg,5
39704.jpg,6
39705.jpg,1
39706.jpg,7
39707.jpg,5
39708.jpg,6
39709.jpg,5
39710.jpg,2
39711.jpg,0
39712.jpg,8
39713.jpg,3
39714.jpg,5
39715.jpg,5
39716.jpg,1
39717.jpg,0
39718.jpg,4
39719.jpg,4
39720.jpg,5
39721.jpg,2
39722.jpg,5
39723.jpg,0
39724.jpg,2
39725.jpg,2
39726.jpg,3
39727.jpg,4
39728.jpg,7
39729.jpg,5
39730.jpg,2
39731.jpg,7
39732.jpg,9
39733.jpg,1
39734.jpg,0
39735.jpg,0
39736.jpg,2
39737.jpg,7
39738.jpg,7
39739.jpg,0
39740.jpg,4
39741.jpg,3
39742.jpg,3
39743.jpg,4
39744.jpg,8
39745.jpg,7
39746.jpg,8
39747.jpg,6
39748.jpg,1
39749.jpg,4
39750.jpg,9
39751.jpg,4
39752.jpg,8
39753.jpg,5
39754.jpg,6
39755.jpg,2
39756.jpg,2
39757.jpg,8
39758.jpg,4
39759.jpg,1
39760.jpg,7
39761.jpg,0
39762.jpg,3
39763.jpg,7
39764.jpg,8
39765.jpg,7
39766.jpg,9
39767.jpg,8
39768.jpg,1
39769.jpg,1
39770.jpg,3
39771.jpg,6
39772.jpg,7
39773.jpg,3
39774.jpg,7
39775.jpg,3
39776.jpg,6
39777.jpg,1
39778.jpg,8
39779.jpg,9
39780.jpg,9
39781.jpg,2
39782.jpg,8
39783.jpg,9
39784.jpg,2
39785.jpg,9
39786.jpg,3
39787.jpg,1
39788.jpg,8
39789.jpg,8
39790.jpg,3
39791.jpg,3
39792.jpg,3
39793.jpg,9
39794.jpg,7
39795.jpg,1
39796.jpg,7
39797.jpg,5
39798.jpg,6
39799.jpg,0
39800.jpg,2
39801.jpg,7
39802.jpg,2
39803.jpg,5
39804.jpg,6
39805.jpg,4
39806.jpg,4
39807.jpg,3
39808.jpg,6
39809.jpg,7
39810.jpg,5
39811.jpg,7
39812.jpg,4
39813.jpg,6
39814.jpg,7
39815.jpg,7
39816.jpg,9
39817.jpg,2
39818.jpg,6
39819.jpg,3
39820.jpg,1
39821.jpg,8
39822.jpg,3
39823.jpg,9
39824.jpg,4
39825.jpg,3
39826.jpg,5
39827.jpg,8
39828.jpg,8
39829.jpg,6
39830.jpg,8
39831.jpg,9
39832.jpg,3
39833.jpg,9
39834.jpg,6
39835.jpg,3
39836.jpg,6
39837.jpg,0
39838.jpg,8
39839.jpg,3
39840.jpg,3
39841.jpg,7
39842.jpg,9
39843.jpg,7
39844.jpg,9
39845.jpg,5
39846.jpg,7
39847.jpg,1
39848.jpg,5
39849.jpg,1
39850.jpg,7
39851.jpg,8
39852.jpg,8
39853.jpg,6
39854.jpg,6
39855.jpg,3
39856.jpg,0
39857.jpg,8
39858.jpg,2
39859.jpg,5
39860.jpg,9
39861.jpg,8
39862.jpg,6
39863.jpg,0
39864.jpg,9
39865.jpg,8
39866.jpg,5
39867.jpg,5
39868.jpg,0
39869.jpg,0
39870.jpg,2
39871.jpg,1
39872.jpg,3
39873.jpg,1
39874.jpg,6
39875.jpg,1
39876.jpg,8
39877.jpg,2
39878.jpg,9
39879.jpg,9
39880.jpg,9
39881.jpg,2
39882.jpg,5
39883.jpg,5
39884.jpg,5
39885.jpg,7
39886.jpg,1
39887.jpg,8
39888.jpg,2
39889.jpg,9
39890.jpg,5
39891.jpg,0
39892.jpg,6
39893.jpg,7
39894.jpg,1
39895.jpg,4
39896.jpg,3
39897.jpg,8
39898.jpg,4
39899.jpg,8
39900.jpg,3
39901.jpg,3
39902.jpg,4
39903.jpg,7
39904.jpg,9
39905.jpg,8
39906.jpg,3
39907.jpg,7
39908.jpg,9
39909.jpg,6
39910.jpg,8
39911.jpg,9
39912.jpg,7
39913.jpg,1
39914.jpg,2
39915.jpg,8
39916.jpg,8
39917.jpg,9
39918.jpg,3
39919.jpg,1
39920.jpg,5
39921.jpg,0
39922.jpg,3
39923.jpg,6
39924.jpg,8
39925.jpg,7
39926.jpg,9
39927.jpg,5
39928.jpg,6
39929.jpg,6
39930.jpg,0
39931.jpg,9
39932.jpg,1
39933.jpg,1
39934.jpg,3
39935.jpg,7
39936.jpg,8
39937.jpg,1
39938.jpg,5
39939.jpg,7
39940.jpg,3
39941.jpg,0
39942.jpg,7
39943.jpg,7
39944.jpg,3
39945.jpg,9
39946.jpg,4
39947.jpg,4
39948.jpg,6
39949.jpg,6
39950.jpg,4
39951.jpg,4
39952.jpg,6
39953.jpg,8
39954.jpg,4
39955.jpg,8
39956.jpg,2
39957.jpg,5
39958.jpg,3
39959.jpg,1
39960.jpg,8
39961.jpg,7
39962.jpg,6
39963.jpg,9
39964.jpg,5
39965.jpg,7
39966.jpg,6
39967.jpg,8
39968.jpg,8
39969.jpg,2
39970.jpg,3
39971.jpg,9
39972.jpg,2
39973.jpg,1
39974.jpg,4
39975.jpg,3
39976.jpg,8
39977.jpg,1
39978.jpg,7
39979.jpg,3
39980.jpg,5
39981.jpg,4
39982.jpg,3
39983.jpg,3
39984.jpg,4
39985.jpg,8
39986.jpg,7
39987.jpg,2
39988.jpg,5
39989.jpg,1
39990.jpg,4
39991.jpg,2
39992.jpg,0
39993.jpg,1
39994.jpg,0
39995.jpg,2
39996.jpg,6
39997.jpg,9
39998.jpg,1
39999.jpg,1
40000.jpg,6
40001.jpg,9
40002.jpg,9
40003.jpg,4
40004.jpg,1
40005.jpg,1
40006.jpg,2
40007.jpg,7
40008.jpg,8
40009.jpg,3
40010.jpg,4
40011.jpg,7
40012.jpg,7
40013.jpg,2
40014.jpg,9
40015.jpg,9
40016.jpg,9
40017.jpg,3
40018.jpg,2
40019.jpg,6
40020.jpg,4
40021.jpg,3
40022.jpg,6
40023.jpg,6
40024.jpg,2
40025.jpg,6
40026.jpg,3
40027.jpg,5
40028.jpg,4
40029.jpg,0
40030.jpg,0
40031.jpg,9
40032.jpg,1
40033.jpg,3
40034.jpg,4
40035.jpg,0
40036.jpg,3
40037.jpg,7
40038.jpg,3
40039.jpg,3
40040.jpg,5
40041.jpg,2
40042.jpg,2
40043.jpg,7
40044.jpg,1
40045.jpg,1
40046.jpg,1
40047.jpg,2
40048.jpg,2
40049.jpg,0
40050.jpg,9
40051.jpg,5
40052.jpg,7
40053.jpg,9
40054.jpg,2
40055.jpg,2
40056.jpg,5
40057.jpg,2
40058.jpg,4
40059.jpg,3
40060.jpg,1
40061.jpg,1
40062.jpg,8
40063.jpg,2
40064.jpg,1
40065.jpg,1
40066.jpg,4
40067.jpg,9
40068.jpg,7
40069.jpg,8
40070.jpg,5
40071.jpg,9
40072.jpg,6
40073.jpg,7
40074.jpg,3
40075.jpg,1
40076.jpg,9
40077.jpg,0
40078.jpg,3
40079.jpg,1
40080.jpg,3
40081.jpg,5
40082.jpg,4
40083.jpg,5
40084.jpg,7
40085.jpg,7
40086.jpg,4
40087.jpg,7
40088.jpg,9
40089.jpg,4
40090.jpg,2
40091.jpg,3
40092.jpg,8
40093.jpg,0
40094.jpg,1
40095.jpg,6
40096.jpg,1
40097.jpg,1
40098.jpg,4
40099.jpg,1
40100.jpg,8
40101.jpg,3
40102.jpg,9
40103.jpg,6
40104.jpg,6
40105.jpg,1
40106.jpg,8
40107.jpg,5
40108.jpg,2
40109.jpg,9
40110.jpg,9
40111.jpg,8
40112.jpg,1
40113.jpg,7
40114.jpg,7
40115.jpg,0
40116.jpg,0
40117.jpg,6
40118.jpg,9
40119.jpg,1
40120.jpg,2
40121.jpg,2
40122.jpg,9
40123.jpg,2
40124.jpg,6
40125.jpg,6
40126.jpg,1
40127.jpg,9
40128.jpg,5
40129.jpg,0
40130.jpg,4
40131.jpg,7
40132.jpg,6
40133.jpg,7
40134.jpg,1
40135.jpg,8
40136.jpg,1
40137.jpg,1
40138.jpg,2
40139.jpg,8
40140.jpg,1
40141.jpg,3
40142.jpg,3
40143.jpg,6
40144.jpg,2
40145.jpg,4
40146.jpg,9
40147.jpg,9
40148.jpg,5
40149.jpg,4
40150.jpg,3
40151.jpg,6
40152.jpg,7
40153.jpg,4
40154.jpg,6
40155.jpg,8
40156.jpg,5
40157.jpg,5
40158.jpg,4
40159.jpg,3
40160.jpg,1
40161.jpg,8
40162.jpg,4
40163.jpg,7
40164.jpg,6
40165.jpg,0
40166.jpg,9
40167.jpg,5
40168.jpg,1
40169.jpg,3
40170.jpg,8
40171.jpg,2
40172.jpg,7
40173.jpg,5
40174.jpg,3
40175.jpg,4
40176.jpg,1
40177.jpg,5
40178.jpg,7
40179.jpg,0
40180.jpg,4
40181.jpg,7
40182.jpg,5
40183.jpg,5
40184.jpg,1
40185.jpg,0
40186.jpg,9
40187.jpg,6
40188.jpg,9
40189.jpg,0
40190.jpg,8
40191.jpg,7
40192.jpg,8
40193.jpg,8
40194.jpg,2
40195.jpg,5
40196.jpg,2
40197.jpg,3
40198.jpg,5
40199.jpg,0
40200.jpg,6
40201.jpg,1
40202.jpg,9
40203.jpg,3
40204.jpg,6
40205.jpg,9
40206.jpg,1
40207.jpg,3
40208.jpg,9
40209.jpg,6
40210.jpg,6
40211.jpg,7
40212.jpg,1
40213.jpg,0
40214.jpg,9
40215.jpg,5
40216.jpg,8
40217.jpg,5
40218.jpg,2
40219.jpg,9
40220.jpg,0
40221.jpg,8
40222.jpg,8
40223.jpg,0
40224.jpg,6
40225.jpg,9
40226.jpg,1
40227.jpg,1
40228.jpg,6
40229.jpg,3
40230.jpg,7
40231.jpg,6
40232.jpg,6
40233.jpg,0
40234.jpg,6
40235.jpg,6
40236.jpg,1
40237.jpg,7
40238.jpg,1
40239.jpg,5
40240.jpg,8
40241.jpg,3
40242.jpg,6
40243.jpg,6
40244.jpg,8
40245.jpg,6
40246.jpg,8
40247.jpg,4
40248.jpg,6
40249.jpg,6
40250.jpg,1
40251.jpg,3
40252.jpg,8
40253.jpg,3
40254.jpg,4
40255.jpg,1
40256.jpg,7
40257.jpg,1
40258.jpg,3
40259.jpg,8
40260.jpg,5
40261.jpg,1
40262.jpg,1
40263.jpg,4
40264.jpg,0
40265.jpg,9
40266.jpg,3
40267.jpg,7
40268.jpg,4
40269.jpg,9
40270.jpg,9
40271.jpg,2
40272.jpg,4
40273.jpg,9
40274.jpg,9
40275.jpg,1
40276.jpg,0
40277.jpg,5
40278.jpg,9
40279.jpg,0
40280.jpg,8
40281.jpg,2
40282.jpg,1
40283.jpg,2
40284.jpg,0
40285.jpg,5
40286.jpg,6
40287.jpg,3
40288.jpg,2
40289.jpg,7
40290.jpg,8
40291.jpg,8
40292.jpg,6
40293.jpg,0
40294.jpg,7
40295.jpg,9
40296.jpg,4
40297.jpg,5
40298.jpg,6
40299.jpg,4
40300.jpg,2
40301.jpg,1
40302.jpg,1
40303.jpg,2
40304.jpg,1
40305.jpg,5
40306.jpg,9
40307.jpg,9
40308.jpg,0
40309.jpg,8
40310.jpg,4
40311.jpg,1
40312.jpg,1
40313.jpg,6
40314.jpg,3
40315.jpg,3
40316.jpg,9
40317.jpg,0
40318.jpg,7
40319.jpg,9
40320.jpg,7
40321.jpg,7
40322.jpg,9
40323.jpg,1
40324.jpg,5
40325.jpg,1
40326.jpg,6
40327.jpg,6
40328.jpg,8
40329.jpg,7
40330.jpg,1
40331.jpg,3
40332.jpg,0
40333.jpg,3
40334.jpg,3
40335.jpg,2
40336.jpg,4
40337.jpg,5
40338.jpg,7
40339.jpg,5
40340.jpg,9
40341.jpg,0
40342.jpg,3
40343.jpg,4
40344.jpg,0
40345.jpg,4
40346.jpg,4
40347.jpg,6
40348.jpg,0
40349.jpg,0
40350.jpg,6
40351.jpg,6
40352.jpg,0
40353.jpg,8
40354.jpg,1
40355.jpg,6
40356.jpg,2
40357.jpg,9
40358.jpg,2
40359.jpg,5
40360.jpg,9
40361.jpg,6
40362.jpg,7
40363.jpg,4
40364.jpg,1
40365.jpg,8
40366.jpg,7
40367.jpg,3
40368.jpg,6
40369.jpg,9
40370.jpg,3
40371.jpg,0
40372.jpg,4
40373.jpg,0
40374.jpg,5
40375.jpg,1
40376.jpg,0
40377.jpg,3
40378.jpg,4
40379.jpg,8
40380.jpg,5
40381.jpg,4
40382.jpg,7
40383.jpg,2
40384.jpg,3
40385.jpg,9
40386.jpg,7
40387.jpg,6
40388.jpg,7
40389.jpg,1
40390.jpg,4
40391.jpg,7
40392.jpg,0
40393.jpg,1
40394.jpg,7
40395.jpg,3
40396.jpg,1
40397.jpg,8
40398.jpg,4
40399.jpg,4
40400.jpg,2
40401.jpg,0
40402.jpg,2
40403.jpg,2
40404.jpg,0
40405.jpg,0
40406.jpg,9
40407.jpg,0
40408.jpg,9
40409.jpg,6
40410.jpg,8
40411.jpg,2
40412.jpg,7
40413.jpg,7
40414.jpg,4
40415.jpg,0
40416.jpg,3
40417.jpg,0
40418.jpg,8
40419.jpg,9
40420.jpg,4
40421.jpg,2
40422.jpg,7
40423.jpg,2
40424.jpg,5
40425.jpg,2
40426.jpg,5
40427.jpg,1
40428.jpg,9
40429.jpg,4
40430.jpg,8
40431.jpg,5
40432.jpg,1
40433.jpg,7
40434.jpg,4
40435.jpg,4
40436.jpg,0
40437.jpg,6
40438.jpg,9
40439.jpg,0
40440.jpg,7
40441.jpg,8
40442.jpg,8
40443.jpg,9
40444.jpg,9
40445.jpg,3
40446.jpg,3
40447.jpg,4
40448.jpg,0
40449.jpg,4
40450.jpg,5
40451.jpg,6
40452.jpg,6
40453.jpg,0
40454.jpg,1
40455.jpg,0
40456.jpg,8
40457.jpg,0
40458.jpg,4
40459.jpg,8
40460.jpg,8
40461.jpg,1
40462.jpg,5
40463.jpg,2
40464.jpg,6
40465.jpg,8
40466.jpg,1
40467.jpg,0
40468.jpg,0
40469.jpg,7
40470.jpg,7
40471.jpg,5
40472.jpg,9
40473.jpg,6
40474.jpg,2
40475.jpg,8
40476.jpg,3
40477.jpg,4
40478.jpg,7
40479.jpg,3
40480.jpg,9
40481.jpg,0
40482.jpg,1
40483.jpg,2
40484.jpg,4
40485.jpg,8
40486.jpg,1
40487.jpg,8
40488.jpg,6
40489.jpg,4
40490.jpg,4
40491.jpg,5
40492.jpg,7
40493.jpg,1
40494.jpg,3
40495.jpg,9
40496.jpg,8
40497.jpg,0
40498.jpg,1
40499.jpg,7
40500.jpg,5
40501.jpg,8
40502.jpg,2
40503.jpg,8
40504.jpg,0
40505.jpg,4
40506.jpg,1
40507.jpg,8
40508.jpg,9
40509.jpg,8
40510.jpg,2
40511.jpg,9
40512.jpg,9
40513.jpg,2
40514.jpg,7
40515.jpg,5
40516.jpg,7
40517.jpg,3
40518.jpg,8
40519.jpg,8
40520.jpg,4
40521.jpg,4
40522.jpg,2
40523.jpg,7
40524.jpg,1
40525.jpg,6
40526.jpg,4
40527.jpg,0
40528.jpg,4
40529.jpg,6
40530.jpg,9
40531.jpg,7
40532.jpg,6
40533.jpg,2
40534.jpg,5
40535.jpg,5
40536.jpg,1
40537.jpg,7
40538.jpg,2
40539.jpg,2
40540.jpg,2
40541.jpg,9
40542.jpg,5
40543.jpg,4
40544.jpg,2
40545.jpg,7
40546.jpg,8
40547.jpg,1
40548.jpg,3
40549.jpg,4
40550.jpg,3
40551.jpg,7
40552.jpg,6
40553.jpg,9
40554.jpg,8
40555.jpg,0
40556.jpg,6
40557.jpg,0
40558.jpg,2
40559.jpg,2
40560.jpg,2
40561.jpg,1
40562.jpg,8
40563.jpg,4
40564.jpg,0
40565.jpg,1
40566.jpg,8
40567.jpg,8
40568.jpg,1
40569.jpg,5
40570.jpg,7
40571.jpg,6
40572.jpg,4
40573.jpg,5
40574.jpg,8
40575.jpg,7
40576.jpg,1
40577.jpg,9
40578.jpg,1
40579.jpg,9
40580.jpg,8
40581.jpg,4
40582.jpg,7
40583.jpg,3
40584.jpg,8
40585.jpg,8
40586.jpg,2
40587.jpg,6
40588.jpg,6
40589.jpg,7
40590.jpg,1
40591.jpg,6
40592.jpg,8
40593.jpg,1
40594.jpg,9
40595.jpg,7
40596.jpg,8
40597.jpg,3
40598.jpg,0
40599.jpg,1
40600.jpg,0
40601.jpg,8
40602.jpg,8
40603.jpg,3
40604.jpg,0
40605.jpg,0
40606.jpg,1
40607.jpg,5
40608.jpg,0
40609.jpg,8
40610.jpg,8
40611.jpg,7
40612.jpg,9
40613.jpg,9
40614.jpg,0
40615.jpg,9
40616.jpg,4
40617.jpg,1
40618.jpg,3
40619.jpg,6
40620.jpg,6
40621.jpg,4
40622.jpg,4
40623.jpg,7
40624.jpg,5
40625.jpg,6
40626.jpg,0
40627.jpg,8
40628.jpg,0
40629.jpg,3
40630.jpg,2
40631.jpg,8
40632.jpg,4
40633.jpg,6
40634.jpg,9
40635.jpg,9
40636.jpg,7
40637.jpg,0
40638.jpg,3
40639.jpg,3
40640.jpg,6
40641.jpg,7
40642.jpg,4
40643.jpg,9
40644.jpg,1
40645.jpg,6
40646.jpg,2
40647.jpg,7
40648.jpg,2
40649.jpg,2
40650.jpg,0
40651.jpg,6
40652.jpg,7
40653.jpg,5
40654.jpg,7
40655.jpg,6
40656.jpg,8
40657.jpg,9
40658.jpg,0
40659.jpg,9
40660.jpg,4
40661.jpg,4
40662.jpg,7
40663.jpg,0
40664.jpg,9
40665.jpg,4
40666.jpg,9
40667.jpg,6
40668.jpg,9
40669.jpg,4
40670.jpg,5
40671.jpg,7
40672.jpg,9
40673.jpg,2
40674.jpg,4
40675.jpg,5
40676.jpg,1
40677.jpg,4
40678.jpg,3
40679.jpg,9
40680.jpg,6
40681.jpg,5
40682.jpg,6
40683.jpg,9
40684.jpg,3
40685.jpg,3
40686.jpg,5
40687.jpg,0
40688.jpg,7
40689.jpg,2
40690.jpg,1
40691.jpg,3
40692.jpg,6
40693.jpg,4
40694.jpg,0
40695.jpg,0
40696.jpg,2
40697.jpg,5
40698.jpg,0
40699.jpg,1
40700.jpg,0
40701.jpg,2
40702.jpg,3
40703.jpg,9
40704.jpg,8
40705.jpg,4
40706.jpg,9
40707.jpg,8
40708.jpg,0
40709.jpg,2
40710.jpg,6
40711.jpg,4
40712.jpg,4
40713.jpg,0
40714.jpg,1
40715.jpg,8
40716.jpg,8
40717.jpg,3
40718.jpg,6
40719.jpg,9
40720.jpg,6
40721.jpg,6
40722.jpg,7
40723.jpg,8
40724.jpg,2
40725.jpg,4
40726.jpg,5
40727.jpg,7
40728.jpg,6
40729.jpg,5
40730.jpg,3
40731.jpg,0
40732.jpg,5
40733.jpg,0
40734.jpg,5
40735.jpg,0
40736.jpg,8
40737.jpg,2
40738.jpg,6
40739.jpg,7
40740.jpg,3
40741.jpg,8
40742.jpg,2
40743.jpg,1
40744.jpg,7
40745.jpg,6
40746.jpg,7
40747.jpg,1
40748.jpg,0
40749.jpg,9
40750.jpg,5
40751.jpg,5
40752.jpg,0
40753.jpg,1
40754.jpg,7
40755.jpg,6
40756.jpg,9
40757.jpg,0
40758.jpg,4
40759.jpg,7
40760.jpg,7
40761.jpg,1
40762.jpg,5
40763.jpg,9
40764.jpg,4
40765.jpg,0
40766.jpg,8
40767.jpg,5
40768.jpg,9
40769.jpg,9
40770.jpg,6
40771.jpg,7
40772.jpg,1
40773.jpg,8
40774.jpg,3
40775.jpg,2
40776.jpg,3
40777.jpg,8
40778.jpg,2
40779.jpg,2
40780.jpg,4
40781.jpg,6
40782.jpg,0
40783.jpg,0
40784.jpg,5
40785.jpg,3
40786.jpg,8
40787.jpg,2
40788.jpg,3
40789.jpg,7
40790.jpg,2
40791.jpg,9
40792.jpg,3
40793.jpg,8
40794.jpg,7
40795.jpg,8
40796.jpg,2
40797.jpg,7
40798.jpg,9
40799.jpg,0
40800.jpg,2
40801.jpg,3
40802.jpg,2
40803.jpg,2
40804.jpg,2
40805.jpg,3
40806.jpg,3
40807.jpg,6
40808.jpg,2
40809.jpg,3
40810.jpg,2
40811.jpg,8
40812.jpg,0
40813.jpg,5
40814.jpg,5
40815.jpg,1
40816.jpg,4
40817.jpg,5
40818.jpg,6
40819.jpg,6
40820.jpg,2
40821.jpg,7
40822.jpg,0
40823.jpg,1
40824.jpg,7
40825.jpg,7
40826.jpg,8
40827.jpg,2
40828.jpg,9
40829.jpg,2
40830.jpg,2
40831.jpg,4
40832.jpg,2
40833.jpg,1
40834.jpg,1
40835.jpg,1
40836.jpg,6
40837.jpg,6
40838.jpg,6
40839.jpg,5
40840.jpg,1
40841.jpg,1
40842.jpg,7
40843.jpg,0
40844.jpg,4
40845.jpg,3
40846.jpg,3
40847.jpg,7
40848.jpg,1
40849.jpg,2
40850.jpg,3
40851.jpg,5
40852.jpg,5
40853.jpg,5
40854.jpg,6
40855.jpg,1
40856.jpg,4
40857.jpg,3
40858.jpg,7
40859.jpg,8
40860.jpg,8
40861.jpg,3
40862.jpg,6
40863.jpg,6
40864.jpg,2
40865.jpg,3
40866.jpg,0
40867.jpg,9
40868.jpg,4
40869.jpg,3
40870.jpg,8
40871.jpg,0
40872.jpg,0
40873.jpg,1
40874.jpg,1
40875.jpg,5
40876.jpg,4
40877.jpg,9
40878.jpg,3
40879.jpg,1
40880.jpg,8
40881.jpg,9
40882.jpg,3
40883.jpg,9
40884.jpg,9
40885.jpg,2
40886.jpg,9
40887.jpg,4
40888.jpg,8
40889.jpg,2
40890.jpg,9
40891.jpg,8
40892.jpg,8
40893.jpg,1
40894.jpg,5
40895.jpg,3
40896.jpg,6
40897.jpg,8
40898.jpg,7
40899.jpg,6
40900.jpg,9
40901.jpg,8
40902.jpg,0
40903.jpg,6
40904.jpg,4
40905.jpg,0
40906.jpg,0
40907.jpg,2
40908.jpg,5
40909.jpg,8
40910.jpg,2
40911.jpg,0
40912.jpg,2
40913.jpg,7
40914.jpg,6
40915.jpg,9
40916.jpg,7
40917.jpg,1
40918.jpg,5
40919.jpg,5
40920.jpg,6
40921.jpg,6
40922.jpg,3
40923.jpg,6
40924.jpg,2
40925.jpg,4
40926.jpg,7
40927.jpg,0
40928.jpg,5
40929.jpg,6
40930.jpg,4
40931.jpg,6
40932.jpg,5
40933.jpg,2
40934.jpg,4
40935.jpg,6
40936.jpg,1
40937.jpg,6
40938.jpg,0
40939.jpg,4
40940.jpg,0
40941.jpg,3
40942.jpg,1
40943.jpg,8
40944.jpg,5
40945.jpg,4
40946.jpg,4
40947.jpg,1
40948.jpg,7
40949.jpg,3
40950.jpg,9
40951.jpg,4
40952.jpg,7
40953.jpg,9
40954.jpg,7
40955.jpg,3
40956.jpg,7
40957.jpg,2
40958.jpg,8
40959.jpg,4
40960.jpg,6
40961.jpg,6
40962.jpg,1
40963.jpg,2
40964.jpg,9
40965.jpg,0
40966.jpg,4
40967.jpg,8
40968.jpg,7
40969.jpg,3
40970.jpg,9
40971.jpg,8
40972.jpg,7
40973.jpg,7
40974.jpg,0
40975.jpg,2
40976.jpg,4
40977.jpg,1
40978.jpg,1
40979.jpg,4
40980.jpg,1
40981.jpg,5
40982.jpg,4
40983.jpg,0
40984.jpg,5
40985.jpg,6
40986.jpg,2
40987.jpg,8
40988.jpg,5
40989.jpg,0
40990.jpg,2
40991.jpg,1
40992.jpg,3
40993.jpg,5
40994.jpg,7
40995.jpg,3
40996.jpg,5
40997.jpg,1
40998.jpg,3
40999.jpg,5
41000.jpg,9
41001.jpg,4
41002.jpg,3
41003.jpg,2
41004.jpg,4
41005.jpg,4
41006.jpg,1
41007.jpg,4
41008.jpg,2
41009.jpg,2
41010.jpg,3
41011.jpg,8
41012.jpg,0
41013.jpg,6
41014.jpg,8
41015.jpg,5
41016.jpg,6
41017.jpg,6
41018.jpg,4
41019.jpg,7
41020.jpg,1
41021.jpg,1
41022.jpg,4
41023.jpg,6
41024.jpg,2
41025.jpg,3
41026.jpg,9
41027.jpg,6
41028.jpg,9
41029.jpg,1
41030.jpg,3
41031.jpg,6
41032.jpg,8
41033.jpg,5
41034.jpg,9
41035.jpg,6
41036.jpg,8
41037.jpg,1
41038.jpg,6
41039.jpg,0
41040.jpg,2
41041.jpg,3
41042.jpg,7
41043.jpg,9
41044.jpg,0
41045.jpg,9
41046.jpg,7
41047.jpg,6
41048.jpg,3
41049.jpg,9
41050.jpg,2
41051.jpg,6
41052.jpg,1
41053.jpg,6
41054.jpg,7
41055.jpg,3
41056.jpg,8
41057.jpg,3
41058.jpg,8
41059.jpg,3
41060.jpg,8
41061.jpg,5
41062.jpg,9
41063.jpg,6
41064.jpg,1
41065.jpg,2
41066.jpg,5
41067.jpg,2
41068.jpg,1
41069.jpg,4
41070.jpg,3
41071.jpg,7
41072.jpg,5
41073.jpg,9
41074.jpg,3
41075.jpg,9
41076.jpg,3
41077.jpg,2
41078.jpg,9
41079.jpg,1
41080.jpg,8
41081.jpg,5
41082.jpg,9
41083.jpg,7
41084.jpg,2
41085.jpg,6
41086.jpg,0
41087.jpg,8
41088.jpg,5
41089.jpg,7
41090.jpg,1
41091.jpg,5
41092.jpg,8
41093.jpg,5
41094.jpg,7
41095.jpg,1
41096.jpg,5
41097.jpg,0
41098.jpg,3
41099.jpg,9
41100.jpg,3
41101.jpg,6
41102.jpg,9
41103.jpg,1
41104.jpg,3
41105.jpg,9
41106.jpg,8
41107.jpg,2
41108.jpg,2
41109.jpg,3
41110.jpg,2
41111.jpg,5
41112.jpg,9
41113.jpg,7
41114.jpg,9
41115.jpg,9
41116.jpg,8
41117.jpg,9
41118.jpg,7
41119.jpg,0
41120.jpg,3
41121.jpg,3
41122.jpg,2
41123.jpg,0
41124.jpg,3
41125.jpg,7
41126.jpg,6
41127.jpg,3
41128.jpg,3
41129.jpg,2
41130.jpg,0
41131.jpg,6
41132.jpg,6
41133.jpg,5
41134.jpg,5
41135.jpg,7
41136.jpg,5
41137.jpg,9
41138.jpg,8
41139.jpg,2
41140.jpg,9
41141.jpg,8
41142.jpg,0
41143.jpg,4
41144.jpg,0
41145.jpg,1
41146.jpg,2
41147.jpg,0
41148.jpg,4
41149.jpg,7
41150.jpg,3
41151.jpg,8
41152.jpg,5
41153.jpg,1
41154.jpg,6
41155.jpg,6
41156.jpg,5
41157.jpg,5
41158.jpg,4
41159.jpg,6
41160.jpg,3
41161.jpg,6
41162.jpg,8
41163.jpg,2
41164.jpg,3
41165.jpg,7
41166.jpg,0
41167.jpg,7
41168.jpg,0
41169.jpg,4
41170.jpg,1
41171.jpg,9
41172.jpg,5
41173.jpg,7
41174.jpg,8
41175.jpg,6
41176.jpg,6
41177.jpg,8
41178.jpg,0
41179.jpg,7
41180.jpg,2
41181.jpg,8
41182.jpg,4
41183.jpg,8
41184.jpg,2
41185.jpg,0
41186.jpg,9
41187.jpg,0
41188.jpg,0
41189.jpg,2
41190.jpg,9
41191.jpg,6
41192.jpg,6
41193.jpg,5
41194.jpg,6
41195.jpg,0
41196.jpg,3
41197.jpg,7
41198.jpg,5
41199.jpg,5
41200.jpg,7
41201.jpg,9
41202.jpg,3
41203.jpg,4
41204.jpg,5
41205.jpg,0
41206.jpg,5
41207.jpg,2
41208.jpg,3
41209.jpg,2
41210.jpg,6
41211.jpg,0
41212.jpg,4
41213.jpg,9
41214.jpg,0
41215.jpg,7
41216.jpg,0
41217.jpg,9
41218.jpg,7
41219.jpg,2
41220.jpg,6
41221.jpg,4
41222.jpg,6
41223.jpg,9
41224.jpg,5
41225.jpg,4
41226.jpg,7
41227.jpg,0
41228.jpg,6
41229.jpg,8
41230.jpg,8
41231.jpg,9
41232.jpg,9
41233.jpg,9
41234.jpg,0
41235.jpg,9
41236.jpg,8
41237.jpg,6
41238.jpg,4
41239.jpg,8
41240.jpg,1
41241.jpg,9
41242.jpg,1
41243.jpg,0
41244.jpg,5
41245.jpg,8
41246.jpg,6
41247.jpg,9
41248.jpg,6
41249.jpg,0
41250.jpg,8
41251.jpg,1
41252.jpg,3
41253.jpg,9
41254.jpg,4
41255.jpg,8
41256.jpg,4
41257.jpg,3
41258.jpg,2
41259.jpg,6
41260.jpg,0
41261.jpg,8
41262.jpg,9
41263.jpg,9
41264.jpg,4
41265.jpg,3
41266.jpg,0
41267.jpg,2
41268.jpg,4
41269.jpg,4
41270.jpg,0
41271.jpg,3
41272.jpg,5
41273.jpg,7
41274.jpg,5
41275.jpg,7
41276.jpg,7
41277.jpg,9
41278.jpg,0
41279.jpg,9
41280.jpg,5
41281.jpg,3
41282.jpg,8
41283.jpg,2
41284.jpg,4
41285.jpg,2
41286.jpg,3
41287.jpg,1
41288.jpg,2
41289.jpg,8
41290.jpg,9
41291.jpg,2
41292.jpg,8
41293.jpg,1
41294.jpg,4
41295.jpg,2
41296.jpg,0
41297.jpg,4
41298.jpg,5
41299.jpg,4
41300.jpg,8
41301.jpg,1
41302.jpg,7
41303.jpg,4
41304.jpg,1
41305.jpg,1
41306.jpg,0
41307.jpg,2
41308.jpg,7
41309.jpg,7
41310.jpg,4
41311.jpg,4
41312.jpg,4
41313.jpg,4
41314.jpg,8
41315.jpg,4
41316.jpg,3
41317.jpg,6
41318.jpg,6
41319.jpg,0
41320.jpg,1
41321.jpg,3
41322.jpg,9
41323.jpg,8
41324.jpg,4
41325.jpg,8
41326.jpg,9
41327.jpg,6
41328.jpg,2
41329.jpg,0
41330.jpg,5
41331.jpg,5
41332.jpg,9
41333.jpg,4
41334.jpg,2
41335.jpg,0
41336.jpg,8
41337.jpg,8
41338.jpg,0
41339.jpg,4
41340.jpg,0
41341.jpg,7
41342.jpg,6
41343.jpg,9
41344.jpg,5
41345.jpg,3
41346.jpg,5
41347.jpg,4
41348.jpg,4
41349.jpg,4
41350.jpg,4
41351.jpg,3
41352.jpg,7
41353.jpg,9
41354.jpg,2
41355.jpg,5
41356.jpg,1
41357.jpg,8
41358.jpg,3
41359.jpg,2
41360.jpg,6
41361.jpg,9
41362.jpg,6
41363.jpg,3
41364.jpg,1
41365.jpg,7
41366.jpg,4
41367.jpg,6
41368.jpg,3
41369.jpg,7
41370.jpg,8
41371.jpg,6
41372.jpg,2
41373.jpg,4
41374.jpg,6
41375.jpg,8
41376.jpg,0
41377.jpg,1
41378.jpg,9
41379.jpg,9
41380.jpg,1
41381.jpg,0
41382.jpg,0
41383.jpg,8
41384.jpg,9
41385.jpg,4
41386.jpg,7
41387.jpg,4
41388.jpg,4
41389.jpg,1
41390.jpg,9
41391.jpg,8
41392.jpg,8
41393.jpg,6
41394.jpg,1
41395.jpg,7
41396.jpg,4
41397.jpg,8
41398.jpg,8
41399.jpg,8
41400.jpg,0
41401.jpg,5
41402.jpg,6
41403.jpg,6
41404.jpg,8
41405.jpg,3
41406.jpg,4
41407.jpg,4
41408.jpg,1
41409.jpg,2
41410.jpg,1
41411.jpg,5
41412.jpg,7
41413.jpg,1
41414.jpg,7
41415.jpg,2
41416.jpg,8
41417.jpg,5
41418.jpg,9
41419.jpg,5
41420.jpg,6
41421.jpg,1
41422.jpg,9
41423.jpg,5
41424.jpg,0
41425.jpg,4
41426.jpg,3
41427.jpg,3
41428.jpg,0
41429.jpg,8
41430.jpg,2
41431.jpg,8
41432.jpg,0
41433.jpg,9
41434.jpg,0
41435.jpg,4
41436.jpg,6
41437.jpg,9
41438.jpg,2
41439.jpg,8
41440.jpg,2
41441.jpg,7
41442.jpg,7
41443.jpg,2
41444.jpg,2
41445.jpg,7
41446.jpg,1
41447.jpg,6
41448.jpg,1
41449.jpg,3
41450.jpg,4
41451.jpg,4
41452.jpg,8
41453.jpg,6
41454.jpg,0
41455.jpg,1
41456.jpg,9
41457.jpg,4
41458.jpg,2
41459.jpg,7
41460.jpg,5
41461.jpg,3
41462.jpg,9
41463.jpg,0
41464.jpg,1
41465.jpg,9
41466.jpg,0
41467.jpg,9
41468.jpg,8
41469.jpg,7
41470.jpg,0
41471.jpg,4
41472.jpg,9
41473.jpg,0
41474.jpg,5
41475.jpg,2
41476.jpg,1
41477.jpg,0
41478.jpg,2
41479.jpg,8
41480.jpg,8
41481.jpg,0
41482.jpg,5
41483.jpg,7
41484.jpg,6
41485.jpg,6
41486.jpg,5
41487.jpg,3
41488.jpg,7
41489.jpg,7
41490.jpg,7
41491.jpg,4
41492.jpg,2
41493.jpg,0
41494.jpg,1
41495.jpg,7
41496.jpg,3
41497.jpg,2
41498.jpg,7
41499.jpg,3
41500.jpg,2
41501.jpg,2
41502.jpg,1
41503.jpg,5
41504.jpg,9
41505.jpg,9
41506.jpg,8
41507.jpg,0
41508.jpg,8
41509.jpg,4
41510.jpg,3
41511.jpg,3
41512.jpg,8
41513.jpg,5
41514.jpg,0
41515.jpg,8
41516.jpg,4
41517.jpg,5
41518.jpg,7
41519.jpg,5
41520.jpg,1
41521.jpg,5
41522.jpg,0
41523.jpg,2
41524.jpg,0
41525.jpg,5
41526.jpg,4
41527.jpg,2
41528.jpg,3
41529.jpg,6
41530.jpg,2
41531.jpg,6
41532.jpg,2
41533.jpg,2
41534.jpg,3
41535.jpg,4
41536.jpg,6
41537.jpg,6
41538.jpg,5
41539.jpg,3
41540.jpg,0
41541.jpg,1
41542.jpg,2
41543.jpg,7
41544.jpg,7
41545.jpg,5
41546.jpg,3
41547.jpg,1
41548.jpg,1
41549.jpg,7
41550.jpg,6
41551.jpg,1
41552.jpg,6
41553.jpg,3
41554.jpg,3
41555.jpg,3
41556.jpg,3
41557.jpg,4
41558.jpg,8
41559.jpg,1
41560.jpg,0
41561.jpg,7
41562.jpg,7
41563.jpg,6
41564.jpg,8
41565.jpg,1
41566.jpg,2
41567.jpg,5
41568.jpg,3
41569.jpg,4
41570.jpg,1
41571.jpg,1
41572.jpg,9
41573.jpg,3
41574.jpg,1
41575.jpg,4
41576.jpg,2
41577.jpg,7
41578.jpg,1
41579.jpg,6
41580.jpg,5
41581.jpg,7
41582.jpg,7
41583.jpg,7
41584.jpg,6
41585.jpg,6
41586.jpg,1
41587.jpg,9
41588.jpg,5
41589.jpg,0
41590.jpg,9
41591.jpg,5
41592.jpg,7
41593.jpg,0
41594.jpg,0
41595.jpg,4
41596.jpg,6
41597.jpg,8
41598.jpg,0
41599.jpg,1
41600.jpg,5
41601.jpg,0
41602.jpg,9
41603.jpg,3
41604.jpg,1
41605.jpg,1
41606.jpg,2
41607.jpg,0
41608.jpg,3
41609.jpg,2
41610.jpg,9
41611.jpg,1
41612.jpg,9
41613.jpg,6
41614.jpg,2
41615.jpg,4
41616.jpg,8
41617.jpg,8
41618.jpg,5
41619.jpg,9
41620.jpg,2
41621.jpg,1
41622.jpg,9
41623.jpg,4
41624.jpg,4
41625.jpg,3
41626.jpg,0
41627.jpg,6
41628.jpg,6
41629.jpg,0
41630.jpg,4
41631.jpg,1
41632.jpg,0
41633.jpg,9
41634.jpg,5
41635.jpg,6
41636.jpg,5
41637.jpg,6
41638.jpg,9
41639.jpg,4
41640.jpg,4
41641.jpg,2
41642.jpg,6
41643.jpg,8
41644.jpg,4
41645.jpg,7
41646.jpg,6
41647.jpg,5
41648.jpg,9
41649.jpg,8
41650.jpg,7
41651.jpg,1
41652.jpg,9
41653.jpg,5
41654.jpg,4
41655.jpg,3
41656.jpg,5
41657.jpg,4
41658.jpg,3
41659.jpg,4
41660.jpg,1
41661.jpg,5
41662.jpg,5
41663.jpg,4
41664.jpg,0
41665.jpg,8
41666.jpg,4
41667.jpg,4
41668.jpg,0
41669.jpg,9
41670.jpg,2
41671.jpg,8
41672.jpg,9
41673.jpg,8
41674.jpg,0
41675.jpg,2
41676.jpg,2
41677.jpg,2
41678.jpg,6
41679.jpg,7
41680.jpg,8
41681.jpg,1
41682.jpg,9
41683.jpg,8
41684.jpg,0
41685.jpg,3
41686.jpg,8
41687.jpg,6
41688.jpg,8
41689.jpg,1
41690.jpg,6
41691.jpg,5
41692.jpg,4
41693.jpg,2
41694.jpg,1
41695.jpg,4
41696.jpg,3
41697.jpg,9
41698.jpg,7
41699.jpg,8
41700.jpg,3
41701.jpg,0
41702.jpg,8
41703.jpg,3
41704.jpg,4
41705.jpg,2
41706.jpg,9
41707.jpg,1
41708.jpg,0
41709.jpg,0
41710.jpg,3
41711.jpg,0
41712.jpg,4
41713.jpg,5
41714.jpg,9
41715.jpg,0
41716.jpg,7
41717.jpg,5
41718.jpg,9
41719.jpg,5
41720.jpg,8
41721.jpg,8
41722.jpg,6
41723.jpg,3
41724.jpg,1
41725.jpg,9
41726.jpg,5
41727.jpg,2
41728.jpg,4
41729.jpg,7
41730.jpg,6
41731.jpg,1
41732.jpg,8
41733.jpg,6
41734.jpg,9
41735.jpg,3
41736.jpg,1
41737.jpg,3
41738.jpg,7
41739.jpg,4
41740.jpg,0
41741.jpg,6
41742.jpg,7
41743.jpg,6
41744.jpg,9
41745.jpg,2
41746.jpg,4
41747.jpg,1
41748.jpg,9
41749.jpg,8
41750.jpg,5
41751.jpg,8
41752.jpg,2
41753.jpg,2
41754.jpg,5
41755.jpg,0
41756.jpg,2
41757.jpg,0
41758.jpg,7
41759.jpg,0
41760.jpg,6
41761.jpg,6
41762.jpg,4
41763.jpg,8
41764.jpg,7
41765.jpg,9
41766.jpg,6
41767.jpg,9
41768.jpg,2
41769.jpg,3
41770.jpg,8
41771.jpg,8
41772.jpg,3
41773.jpg,9
41774.jpg,9
41775.jpg,8
41776.jpg,7
41777.jpg,2
41778.jpg,3
41779.jpg,5
41780.jpg,5
41781.jpg,1
41782.jpg,8
41783.jpg,7
41784.jpg,4
41785.jpg,3
41786.jpg,5
41787.jpg,2
41788.jpg,2
41789.jpg,2
41790.jpg,1
41791.jpg,4
41792.jpg,2
41793.jpg,2
41794.jpg,8
41795.jpg,4
41796.jpg,9
41797.jpg,8
41798.jpg,2
41799.jpg,1
41800.jpg,2
41801.jpg,5
41802.jpg,6
41803.jpg,3
41804.jpg,4
41805.jpg,5
41806.jpg,7
41807.jpg,6
41808.jpg,7
41809.jpg,6
41810.jpg,5
41811.jpg,0
41812.jpg,2
41813.jpg,4
41814.jpg,4
41815.jpg,3
41816.jpg,0
41817.jpg,4
41818.jpg,2
41819.jpg,6
41820.jpg,1
41821.jpg,8
41822.jpg,8
41823.jpg,3
41824.jpg,0
41825.jpg,7
41826.jpg,4
41827.jpg,9
41828.jpg,7
41829.jpg,9
41830.jpg,2
41831.jpg,0
41832.jpg,4
41833.jpg,7
41834.jpg,3
41835.jpg,7
41836.jpg,6
41837.jpg,6
41838.jpg,2
41839.jpg,3
41840.jpg,7
41841.jpg,3
41842.jpg,6
41843.jpg,8
41844.jpg,2
41845.jpg,3
41846.jpg,3
41847.jpg,5
41848.jpg,5
41849.jpg,5
41850.jpg,2
41851.jpg,4
41852.jpg,2
41853.jpg,8
41854.jpg,7
41855.jpg,4
41856.jpg,3
41857.jpg,7
41858.jpg,7
41859.jpg,8
41860.jpg,5
41861.jpg,2
41862.jpg,8
41863.jpg,4
41864.jpg,3
41865.jpg,5
41866.jpg,4
41867.jpg,2
41868.jpg,9
41869.jpg,1
41870.jpg,4
41871.jpg,0
41872.jpg,0
41873.jpg,5
41874.jpg,6
41875.jpg,5
41876.jpg,6
41877.jpg,8
41878.jpg,0
41879.jpg,3
41880.jpg,4
41881.jpg,4
41882.jpg,4
41883.jpg,2
41884.jpg,2
41885.jpg,0
41886.jpg,5
41887.jpg,0
41888.jpg,3
41889.jpg,4
41890.jpg,7
41891.jpg,7
41892.jpg,3
41893.jpg,9
41894.jpg,7
41895.jpg,3
41896.jpg,7
41897.jpg,3
41898.jpg,7
41899.jpg,7
41900.jpg,7
41901.jpg,1
41902.jpg,7
41903.jpg,4
41904.jpg,4
41905.jpg,7
41906.jpg,9
41907.jpg,1
41908.jpg,7
41909.jpg,7
41910.jpg,4
41911.jpg,5
41912.jpg,9
41913.jpg,0
41914.jpg,8
41915.jpg,7
41916.jpg,3
41917.jpg,6
41918.jpg,2
41919.jpg,3
41920.jpg,8
41921.jpg,2
41922.jpg,5
41923.jpg,4
41924.jpg,8
41925.jpg,4
41926.jpg,0
41927.jpg,7
41928.jpg,5
41929.jpg,2
41930.jpg,7
41931.jpg,7
41932.jpg,2
41933.jpg,6
41934.jpg,4
41935.jpg,0
41936.jpg,2
41937.jpg,4
41938.jpg,3
41939.jpg,8
41940.jpg,9
41941.jpg,4
41942.jpg,5
41943.jpg,5
41944.jpg,6
41945.jpg,7
41946.jpg,1
41947.jpg,9
41948.jpg,6
41949.jpg,5
41950.jpg,0
41951.jpg,3
41952.jpg,4
41953.jpg,4
41954.jpg,0
41955.jpg,6
41956.jpg,6
41957.jpg,8
41958.jpg,3
41959.jpg,6
41960.jpg,0
41961.jpg,3
41962.jpg,3
41963.jpg,3
41964.jpg,8
41965.jpg,3
41966.jpg,3
41967.jpg,8
41968.jpg,4
41969.jpg,3
41970.jpg,8
41971.jpg,2
41972.jpg,9
41973.jpg,1
41974.jpg,4
41975.jpg,9
41976.jpg,5
41977.jpg,0
41978.jpg,6
41979.jpg,5
41980.jpg,0
41981.jpg,2
41982.jpg,6
41983.jpg,5
41984.jpg,4
41985.jpg,1
41986.jpg,5
41987.jpg,9
41988.jpg,0
41989.jpg,6
41990.jpg,2
41991.jpg,5
41992.jpg,4
41993.jpg,5
41994.jpg,8
41995.jpg,2
41996.jpg,8
41997.jpg,7
41998.jpg,5
41999.jpg,0
42000.jpg,7
42001.jpg,9
42002.jpg,9
42003.jpg,8
42004.jpg,2
42005.jpg,1
42006.jpg,0
42007.jpg,2
42008.jpg,7
42009.jpg,5
42010.jpg,0
42011.jpg,3
42012.jpg,8
42013.jpg,5
42014.jpg,0
42015.jpg,7
42016.jpg,9
42017.jpg,5
42018.jpg,8
42019.jpg,6
42020.jpg,9
42021.jpg,0
42022.jpg,7
42023.jpg,1
42024.jpg,9
42025.jpg,3
42026.jpg,5
42027.jpg,0
42028.jpg,5
42029.jpg,1
42030.jpg,7
42031.jpg,8
42032.jpg,9
42033.jpg,2
42034.jpg,0
42035.jpg,0
42036.jpg,8
42037.jpg,1
42038.jpg,1
42039.jpg,1
42040.jpg,6
42041.jpg,2
42042.jpg,3
42043.jpg,6
42044.jpg,2
42045.jpg,7
42046.jpg,1
42047.jpg,9
42048.jpg,3
42049.jpg,7
42050.jpg,6
42051.jpg,3
42052.jpg,1
42053.jpg,0
42054.jpg,5
42055.jpg,9
42056.jpg,4
42057.jpg,3
42058.jpg,9
42059.jpg,5
42060.jpg,0
42061.jpg,9
42062.jpg,2
42063.jpg,7
42064.jpg,5
42065.jpg,8
42066.jpg,0
42067.jpg,1
42068.jpg,3
42069.jpg,4
42070.jpg,8
42071.jpg,5
42072.jpg,1
42073.jpg,5
42074.jpg,7
42075.jpg,7
42076.jpg,2
42077.jpg,8
42078.jpg,4
42079.jpg,2
42080.jpg,2
42081.jpg,5
42082.jpg,3
42083.jpg,3
42084.jpg,1
42085.jpg,4
42086.jpg,9
42087.jpg,2
42088.jpg,4
42089.jpg,5
42090.jpg,2
42091.jpg,2
42092.jpg,3
42093.jpg,2
42094.jpg,1
42095.jpg,5
42096.jpg,8
42097.jpg,9
42098.jpg,2
42099.jpg,6
42100.jpg,6
42101.jpg,1
42102.jpg,7
42103.jpg,7
42104.jpg,5
42105.jpg,4
42106.jpg,4
42107.jpg,0
42108.jpg,5
42109.jpg,8
42110.jpg,8
42111.jpg,6
42112.jpg,6
42113.jpg,7
42114.jpg,2
42115.jpg,6
42116.jpg,4
42117.jpg,5
42118.jpg,1
42119.jpg,7
42120.jpg,5
42121.jpg,2
42122.jpg,4
42123.jpg,4
42124.jpg,6
42125.jpg,5
42126.jpg,2
42127.jpg,3
42128.jpg,8
42129.jpg,9
42130.jpg,3
42131.jpg,4
42132.jpg,3
42133.jpg,2
42134.jpg,6
42135.jpg,7
42136.jpg,2
42137.jpg,3
42138.jpg,2
42139.jpg,7
42140.jpg,7
42141.jpg,3
42142.jpg,0
42143.jpg,1
42144.jpg,4
42145.jpg,0
42146.jpg,6
42147.jpg,5
42148.jpg,5
42149.jpg,1
42150.jpg,6
42151.jpg,7
42152.jpg,6
42153.jpg,1
42154.jpg,3
42155.jpg,4
42156.jpg,0
42157.jpg,9
42158.jpg,9
42159.jpg,6
42160.jpg,8
42161.jpg,8
42162.jpg,3
42163.jpg,2
42164.jpg,3
42165.jpg,3
42166.jpg,8
42167.jpg,5
42168.jpg,3
42169.jpg,0
42170.jpg,9
42171.jpg,0
42172.jpg,8
42173.jpg,1
42174.jpg,3
42175.jpg,4
42176.jpg,8
42177.jpg,2
42178.jpg,4
42179.jpg,6
42180.jpg,1
42181.jpg,3
42182.jpg,5
42183.jpg,5
42184.jpg,1
42185.jpg,1
42186.jpg,1
42187.jpg,9
42188.jpg,5
42189.jpg,0
42190.jpg,4
42191.jpg,2
42192.jpg,9
42193.jpg,2
42194.jpg,5
42195.jpg,7
42196.jpg,4
42197.jpg,3
42198.jpg,3
42199.jpg,9
42200.jpg,1
42201.jpg,7
42202.jpg,2
42203.jpg,6
42204.jpg,1
42205.jpg,2
42206.jpg,9
42207.jpg,7
42208.jpg,9
42209.jpg,0
42210.jpg,4
42211.jpg,7
42212.jpg,8
42213.jpg,4
42214.jpg,9
42215.jpg,9
42216.jpg,4
42217.jpg,2
42218.jpg,9
42219.jpg,9
42220.jpg,8
42221.jpg,8
42222.jpg,6
42223.jpg,3
42224.jpg,2
42225.jpg,4
42226.jpg,6
42227.jpg,1
42228.jpg,7
42229.jpg,8
42230.jpg,2
42231.jpg,5
42232.jpg,8
42233.jpg,0
42234.jpg,4
42235.jpg,4
42236.jpg,5
42237.jpg,2
42238.jpg,4
42239.jpg,6
42240.jpg,5
42241.jpg,6
42242.jpg,5
42243.jpg,7
42244.jpg,7
42245.jpg,4
42246.jpg,5
42247.jpg,2
42248.jpg,0
42249.jpg,1
42250.jpg,1
42251.jpg,9
42252.jpg,6
42253.jpg,4
42254.jpg,3
42255.jpg,8
42256.jpg,7
42257.jpg,4
42258.jpg,0
42259.jpg,1
42260.jpg,5
42261.jpg,5
42262.jpg,0
42263.jpg,7
42264.jpg,0
42265.jpg,8
42266.jpg,5
42267.jpg,6
42268.jpg,1
42269.jpg,2
42270.jpg,3
42271.jpg,5
42272.jpg,8
42273.jpg,9
42274.jpg,6
42275.jpg,7
42276.jpg,6
42277.jpg,0
42278.jpg,7
42279.jpg,3
42280.jpg,1
42281.jpg,9
42282.jpg,4
42283.jpg,1
42284.jpg,8
42285.jpg,8
42286.jpg,1
42287.jpg,0
42288.jpg,6
42289.jpg,1
42290.jpg,7
42291.jpg,2
42292.jpg,5
42293.jpg,4
42294.jpg,5
42295.jpg,6
42296.jpg,6
42297.jpg,4
42298.jpg,8
42299.jpg,6
42300.jpg,4
42301.jpg,7
42302.jpg,9
42303.jpg,9
42304.jpg,4
42305.jpg,5
42306.jpg,1
42307.jpg,3
42308.jpg,9
42309.jpg,8
42310.jpg,6
42311.jpg,7
42312.jpg,3
42313.jpg,9
42314.jpg,5
42315.jpg,2
42316.jpg,5
42317.jpg,2
42318.jpg,1
42319.jpg,7
42320.jpg,1
42321.jpg,7
42322.jpg,0
42323.jpg,8
42324.jpg,3
42325.jpg,8
42326.jpg,3
42327.jpg,4
42328.jpg,1
42329.jpg,4
42330.jpg,0
42331.jpg,7
42332.jpg,9
42333.jpg,8
42334.jpg,5
42335.jpg,5
42336.jpg,6
42337.jpg,3
42338.jpg,9
42339.jpg,1
42340.jpg,2
42341.jpg,0
42342.jpg,0
42343.jpg,2
42344.jpg,8
42345.jpg,0
42346.jpg,2
42347.jpg,9
42348.jpg,3
42349.jpg,2
42350.jpg,0
42351.jpg,9
42352.jpg,9
42353.jpg,3
42354.jpg,2
42355.jpg,0
42356.jpg,6
42357.jpg,9
42358.jpg,7
42359.jpg,3
42360.jpg,7
42361.jpg,5
42362.jpg,1
42363.jpg,4
42364.jpg,6
42365.jpg,0
42366.jpg,7
42367.jpg,5
42368.jpg,8
42369.jpg,6
42370.jpg,7
42371.jpg,5
42372.jpg,2
42373.jpg,5
42374.jpg,5
42375.jpg,3
42376.jpg,3
42377.jpg,2
42378.jpg,2
42379.jpg,9
42380.jpg,9
42381.jpg,8
42382.jpg,8
42383.jpg,3
42384.jpg,5
42385.jpg,4
42386.jpg,3
42387.jpg,2
42388.jpg,8
42389.jpg,1
42390.jpg,1
42391.jpg,0
42392.jpg,7
42393.jpg,2
42394.jpg,1
42395.jpg,8
42396.jpg,7
42397.jpg,7
42398.jpg,5
42399.jpg,7
42400.jpg,6
42401.jpg,0
42402.jpg,4
42403.jpg,0
42404.jpg,3
42405.jpg,7
42406.jpg,3
42407.jpg,6
42408.jpg,2
42409.jpg,6
42410.jpg,5
42411.jpg,6
42412.jpg,3
42413.jpg,0
42414.jpg,3
42415.jpg,4
42416.jpg,5
42417.jpg,8
42418.jpg,4
42419.jpg,4
42420.jpg,0
42421.jpg,0
42422.jpg,1
42423.jpg,0
42424.jpg,6
42425.jpg,3
42426.jpg,8
42427.jpg,0
42428.jpg,1
42429.jpg,0
42430.jpg,7
42431.jpg,1
42432.jpg,3
42433.jpg,1
42434.jpg,8
42435.jpg,0
42436.jpg,2
42437.jpg,9
42438.jpg,8
42439.jpg,6
42440.jpg,5
42441.jpg,8
42442.jpg,4
42443.jpg,3
42444.jpg,4
42445.jpg,1
42446.jpg,0
42447.jpg,3
42448.jpg,9
42449.jpg,7
42450.jpg,4
42451.jpg,0
42452.jpg,3
42453.jpg,0
42454.jpg,8
42455.jpg,1
42456.jpg,1
42457.jpg,5
42458.jpg,7
42459.jpg,0
42460.jpg,0
42461.jpg,4
42462.jpg,8
42463.jpg,8
42464.jpg,8
42465.jpg,4
42466.jpg,1
42467.jpg,2
42468.jpg,9
42469.jpg,1
42470.jpg,2
42471.jpg,8
42472.jpg,7
42473.jpg,0
42474.jpg,7
42475.jpg,6
42476.jpg,2
42477.jpg,9
42478.jpg,0
42479.jpg,6
42480.jpg,7
42481.jpg,7
42482.jpg,5
42483.jpg,8
42484.jpg,2
42485.jpg,4
42486.jpg,4
42487.jpg,8
42488.jpg,4
42489.jpg,8
42490.jpg,0
42491.jpg,2
42492.jpg,7
42493.jpg,7
42494.jpg,6
42495.jpg,9
42496.jpg,1
42497.jpg,9
42498.jpg,9
42499.jpg,7
42500.jpg,5
42501.jpg,3
42502.jpg,7
42503.jpg,6
42504.jpg,0
42505.jpg,3
42506.jpg,9
42507.jpg,2
42508.jpg,9
42509.jpg,5
42510.jpg,6
42511.jpg,1
42512.jpg,0
42513.jpg,0
42514.jpg,2
42515.jpg,4
42516.jpg,5
42517.jpg,6
42518.jpg,3
42519.jpg,6
42520.jpg,4
42521.jpg,3
42522.jpg,5
42523.jpg,8
42524.jpg,9
42525.jpg,3
42526.jpg,9
42527.jpg,3
42528.jpg,4
42529.jpg,9
42530.jpg,3
42531.jpg,9
42532.jpg,5
42533.jpg,2
42534.jpg,8
42535.jpg,2
42536.jpg,6
42537.jpg,2
42538.jpg,2
42539.jpg,7
42540.jpg,2
42541.jpg,7
42542.jpg,6
42543.jpg,2
42544.jpg,4
42545.jpg,1
42546.jpg,2
42547.jpg,9
42548.jpg,9
42549.jpg,5
42550.jpg,2
42551.jpg,9
42552.jpg,8
42553.jpg,7
42554.jpg,7
42555.jpg,5
42556.jpg,6
42557.jpg,2
42558.jpg,8
42559.jpg,3
42560.jpg,7
42561.jpg,2
42562.jpg,3
42563.jpg,7
42564.jpg,3
42565.jpg,3
42566.jpg,6
42567.jpg,2
42568.jpg,1
42569.jpg,1
42570.jpg,1
42571.jpg,6
42572.jpg,9
42573.jpg,4
42574.jpg,0
42575.jpg,2
42576.jpg,4
42577.jpg,8
42578.jpg,0
42579.jpg,5
42580.jpg,4
42581.jpg,3
42582.jpg,1
42583.jpg,6
42584.jpg,1
42585.jpg,9
42586.jpg,8
42587.jpg,1
42588.jpg,1
42589.jpg,2
42590.jpg,8
42591.jpg,4
42592.jpg,8
42593.jpg,8
42594.jpg,3
42595.jpg,2
42596.jpg,6
42597.jpg,1
42598.jpg,0
42599.jpg,8
42600.jpg,1
42601.jpg,7
42602.jpg,6
42603.jpg,8
42604.jpg,5
42605.jpg,6
42606.jpg,3
42607.jpg,6
42608.jpg,7
42609.jpg,9
42610.jpg,2
42611.jpg,7
42612.jpg,7
42613.jpg,0
42614.jpg,7
42615.jpg,1
42616.jpg,7
42617.jpg,0
42618.jpg,6
42619.jpg,2
42620.jpg,7
42621.jpg,5
42622.jpg,0
42623.jpg,6
42624.jpg,9
42625.jpg,6
42626.jpg,2
42627.jpg,3
42628.jpg,1
42629.jpg,4
42630.jpg,1
42631.jpg,6
42632.jpg,9
42633.jpg,0
42634.jpg,5
42635.jpg,8
42636.jpg,9
42637.jpg,9
42638.jpg,6
42639.jpg,0
42640.jpg,8
42641.jpg,2
42642.jpg,0
42643.jpg,8
42644.jpg,9
42645.jpg,9
42646.jpg,8
42647.jpg,4
42648.jpg,3
42649.jpg,3
42650.jpg,6
42651.jpg,7
42652.jpg,0
42653.jpg,6
42654.jpg,4
42655.jpg,9
42656.jpg,1
42657.jpg,5
42658.jpg,8
42659.jpg,0
42660.jpg,0
42661.jpg,1
42662.jpg,0
42663.jpg,8
42664.jpg,9
42665.jpg,3
42666.jpg,8
42667.jpg,9
42668.jpg,3
42669.jpg,7
42670.jpg,8
42671.jpg,9
42672.jpg,4
42673.jpg,4
42674.jpg,6
42675.jpg,0
42676.jpg,9
42677.jpg,7
42678.jpg,2
42679.jpg,8
42680.jpg,0
42681.jpg,6
42682.jpg,2
42683.jpg,0
42684.jpg,6
42685.jpg,5
42686.jpg,5
42687.jpg,8
42688.jpg,5
42689.jpg,8
42690.jpg,6
42691.jpg,4
42692.jpg,0
42693.jpg,2
42694.jpg,6
42695.jpg,4
42696.jpg,3
42697.jpg,6
42698.jpg,2
42699.jpg,3
42700.jpg,7
42701.jpg,7
42702.jpg,2
42703.jpg,4
42704.jpg,2
42705.jpg,4
42706.jpg,9
42707.jpg,0
42708.jpg,2
42709.jpg,5
42710.jpg,4
42711.jpg,5
42712.jpg,4
42713.jpg,6
42714.jpg,0
42715.jpg,7
42716.jpg,7
42717.jpg,5
42718.jpg,0
42719.jpg,2
42720.jpg,0
42721.jpg,8
42722.jpg,5
42723.jpg,3
42724.jpg,7
42725.jpg,4
42726.jpg,5
42727.jpg,1
42728.jpg,9
42729.jpg,6
42730.jpg,5
42731.jpg,1
42732.jpg,8
42733.jpg,5
42734.jpg,4
42735.jpg,8
42736.jpg,5
42737.jpg,2
42738.jpg,3
42739.jpg,3
42740.jpg,8
42741.jpg,2
42742.jpg,2
42743.jpg,8
42744.jpg,2
42745.jpg,5
42746.jpg,7
42747.jpg,5
42748.jpg,5
42749.jpg,8
42750.jpg,7
42751.jpg,6
42752.jpg,1
42753.jpg,1
42754.jpg,8
42755.jpg,5
42756.jpg,1
42757.jpg,9
42758.jpg,9
42759.jpg,2
42760.jpg,2
42761.jpg,9
42762.jpg,1
42763.jpg,5
42764.jpg,2
42765.jpg,1
42766.jpg,3
42767.jpg,9
42768.jpg,9
42769.jpg,1
42770.jpg,3
42771.jpg,1
42772.jpg,2
42773.jpg,0
42774.jpg,6
42775.jpg,1
42776.jpg,7
42777.jpg,6
42778.jpg,8
42779.jpg,4
42780.jpg,0
42781.jpg,3
42782.jpg,3
42783.jpg,7
42784.jpg,2
42785.jpg,3
42786.jpg,6
42787.jpg,4
42788.jpg,5
42789.jpg,2
42790.jpg,7
42791.jpg,2
42792.jpg,4
42793.jpg,9
42794.jpg,5
42795.jpg,1
42796.jpg,6
42797.jpg,8
42798.jpg,8
42799.jpg,2
42800.jpg,1
42801.jpg,7
42802.jpg,1
42803.jpg,8
42804.jpg,0
42805.jpg,8
42806.jpg,5
42807.jpg,7
42808.jpg,0
42809.jpg,3
42810.jpg,6
42811.jpg,4
42812.jpg,2
42813.jpg,7
42814.jpg,7
42815.jpg,8
42816.jpg,2
42817.jpg,8
42818.jpg,9
42819.jpg,8
42820.jpg,8
42821.jpg,4
42822.jpg,6
42823.jpg,7
42824.jpg,0
42825.jpg,1
42826.jpg,2
42827.jpg,1
42828.jpg,1
42829.jpg,9
42830.jpg,4
42831.jpg,6
42832.jpg,4
42833.jpg,2
42834.jpg,7
42835.jpg,4
42836.jpg,6
42837.jpg,1
42838.jpg,9
42839.jpg,4
42840.jpg,9
42841.jpg,1
42842.jpg,4
42843.jpg,5
42844.jpg,1
42845.jpg,9
42846.jpg,2
42847.jpg,8
42848.jpg,0
42849.jpg,1
42850.jpg,5
42851.jpg,1
42852.jpg,7
42853.jpg,9
42854.jpg,2
42855.jpg,0
42856.jpg,4
42857.jpg,8
42858.jpg,4
42859.jpg,0
42860.jpg,2
42861.jpg,0
42862.jpg,1
42863.jpg,0
42864.jpg,5
42865.jpg,3
42866.jpg,6
42867.jpg,2
42868.jpg,2
42869.jpg,2
42870.jpg,2
42871.jpg,6
42872.jpg,6
42873.jpg,8
42874.jpg,6
42875.jpg,2
42876.jpg,3
42877.jpg,5
42878.jpg,2
42879.jpg,8
42880.jpg,9
42881.jpg,8
42882.jpg,0
42883.jpg,1
42884.jpg,5
42885.jpg,0
42886.jpg,9
42887.jpg,1
42888.jpg,6
42889.jpg,7
42890.jpg,9
42891.jpg,7
42892.jpg,3
42893.jpg,6
42894.jpg,2
42895.jpg,0
42896.jpg,4
42897.jpg,7
42898.jpg,6
42899.jpg,4
42900.jpg,4
42901.jpg,5
42902.jpg,2
42903.jpg,3
42904.jpg,4
42905.jpg,4
42906.jpg,5
42907.jpg,2
42908.jpg,9
42909.jpg,6
42910.jpg,1
42911.jpg,4
42912.jpg,7
42913.jpg,4
42914.jpg,8
42915.jpg,6
42916.jpg,5
42917.jpg,9
42918.jpg,8
42919.jpg,9
42920.jpg,9
42921.jpg,4
42922.jpg,4
42923.jpg,8
42924.jpg,6
42925.jpg,6
42926.jpg,4
42927.jpg,2
42928.jpg,1
42929.jpg,8
42930.jpg,3
42931.jpg,3
42932.jpg,0
42933.jpg,3
42934.jpg,8
42935.jpg,9
42936.jpg,2
42937.jpg,6
42938.jpg,2
42939.jpg,6
42940.jpg,5
42941.jpg,6
42942.jpg,8
42943.jpg,4
42944.jpg,3
42945.jpg,5
42946.jpg,0
42947.jpg,3
42948.jpg,2
42949.jpg,0
42950.jpg,0
42951.jpg,4
42952.jpg,8
42953.jpg,9
42954.jpg,8
42955.jpg,6
42956.jpg,9
42957.jpg,2
42958.jpg,1
42959.jpg,0
42960.jpg,7
42961.jpg,9
42962.jpg,0
42963.jpg,5
42964.jpg,0
42965.jpg,6
42966.jpg,2
42967.jpg,0
42968.jpg,6
42969.jpg,7
42970.jpg,6
42971.jpg,2
42972.jpg,6
42973.jpg,7
42974.jpg,8
42975.jpg,2
42976.jpg,4
42977.jpg,7
42978.jpg,6
42979.jpg,8
42980.jpg,7
42981.jpg,7
42982.jpg,3
42983.jpg,2
42984.jpg,5
42985.jpg,9
42986.jpg,3
42987.jpg,8
42988.jpg,2
42989.jpg,6
42990.jpg,4
42991.jpg,9
42992.jpg,6
42993.jpg,2
42994.jpg,1
42995.jpg,4
42996.jpg,0
42997.jpg,6
42998.jpg,6
42999.jpg,4
43000.jpg,3
43001.jpg,4
43002.jpg,5
43003.jpg,3
43004.jpg,6
43005.jpg,5
43006.jpg,9
43007.jpg,9
43008.jpg,5
43009.jpg,1
43010.jpg,6
43011.jpg,0
43012.jpg,2
43013.jpg,7
43014.jpg,9
43015.jpg,5
43016.jpg,3
43017.jpg,5
43018.jpg,6
43019.jpg,2
43020.jpg,1
43021.jpg,5
43022.jpg,5
43023.jpg,9
43024.jpg,0
43025.jpg,1
43026.jpg,3
43027.jpg,4
43028.jpg,5
43029.jpg,7
43030.jpg,4
43031.jpg,5
43032.jpg,9
43033.jpg,6
43034.jpg,1
43035.jpg,7
43036.jpg,4
43037.jpg,2
43038.jpg,8
43039.jpg,8
43040.jpg,5
43041.jpg,6
43042.jpg,0
43043.jpg,3
43044.jpg,4
43045.jpg,9
43046.jpg,4
43047.jpg,5
43048.jpg,6
43049.jpg,0
43050.jpg,7
43051.jpg,0
43052.jpg,3
43053.jpg,0
43054.jpg,7
43055.jpg,5
43056.jpg,8
43057.jpg,3
43058.jpg,8
43059.jpg,1
43060.jpg,5
43061.jpg,9
43062.jpg,1
43063.jpg,0
43064.jpg,1
43065.jpg,8
43066.jpg,0
43067.jpg,8
43068.jpg,2
43069.jpg,5
43070.jpg,6
43071.jpg,7
43072.jpg,1
43073.jpg,0
43074.jpg,2
43075.jpg,9
43076.jpg,0
43077.jpg,4
43078.jpg,1
43079.jpg,9
43080.jpg,5
43081.jpg,3
43082.jpg,5
43083.jpg,7
43084.jpg,3
43085.jpg,1
43086.jpg,9
43087.jpg,3
43088.jpg,9
43089.jpg,4
43090.jpg,9
43091.jpg,6
43092.jpg,0
43093.jpg,8
43094.jpg,8
43095.jpg,6
43096.jpg,6
43097.jpg,9
43098.jpg,6
43099.jpg,9
43100.jpg,3
43101.jpg,2
43102.jpg,0
43103.jpg,1
43104.jpg,7
43105.jpg,3
43106.jpg,6
43107.jpg,5
43108.jpg,3
43109.jpg,3
43110.jpg,3
43111.jpg,6
43112.jpg,4
43113.jpg,0
43114.jpg,0
43115.jpg,8
43116.jpg,4
43117.jpg,2
43118.jpg,2
43119.jpg,2
43120.jpg,1
43121.jpg,8
43122.jpg,6
43123.jpg,8
43124.jpg,5
43125.jpg,3
43126.jpg,9
43127.jpg,9
43128.jpg,0
43129.jpg,9
43130.jpg,8
43131.jpg,1
43132.jpg,5
43133.jpg,4
43134.jpg,3
43135.jpg,7
43136.jpg,0
43137.jpg,9
43138.jpg,7
43139.jpg,6
43140.jpg,0
43141.jpg,4
43142.jpg,1
43143.jpg,9
43144.jpg,8
43145.jpg,4
43146.jpg,7
43147.jpg,7
43148.jpg,5
43149.jpg,9
43150.jpg,7
43151.jpg,7
43152.jpg,5
43153.jpg,5
43154.jpg,6
43155.jpg,8
43156.jpg,5
43157.jpg,7
43158.jpg,5
43159.jpg,8
43160.jpg,8
43161.jpg,2
43162.jpg,5
43163.jpg,5
43164.jpg,2
43165.jpg,8
43166.jpg,4
43167.jpg,5
43168.jpg,6
43169.jpg,8
43170.jpg,8
43171.jpg,5
43172.jpg,3
43173.jpg,5
43174.jpg,5
43175.jpg,9
43176.jpg,4
43177.jpg,3
43178.jpg,3
43179.jpg,9
43180.jpg,0
43181.jpg,2
43182.jpg,4
43183.jpg,1
43184.jpg,0
43185.jpg,2
43186.jpg,7
43187.jpg,5
43188.jpg,3
43189.jpg,4
43190.jpg,3
43191.jpg,7
43192.jpg,6
43193.jpg,2
43194.jpg,3
43195.jpg,5
43196.jpg,2
43197.jpg,0
43198.jpg,5
43199.jpg,9
43200.jpg,6
43201.jpg,3
43202.jpg,9
43203.jpg,6
43204.jpg,0
43205.jpg,2
43206.jpg,5
43207.jpg,6
43208.jpg,7
43209.jpg,7
43210.jpg,2
43211.jpg,0
43212.jpg,1
43213.jpg,7
43214.jpg,0
43215.jpg,8
43216.jpg,9
43217.jpg,4
43218.jpg,3
43219.jpg,4
43220.jpg,3
43221.jpg,5
43222.jpg,3
43223.jpg,6
43224.jpg,0
43225.jpg,4
43226.jpg,2
43227.jpg,6
43228.jpg,9
43229.jpg,5
43230.jpg,1
43231.jpg,1
43232.jpg,9
43233.jpg,1
43234.jpg,9
43235.jpg,2
43236.jpg,4
43237.jpg,9
43238.jpg,1
43239.jpg,9
43240.jpg,8
43241.jpg,6
43242.jpg,3
43243.jpg,6
43244.jpg,8
43245.jpg,2
43246.jpg,0
43247.jpg,9
43248.jpg,3
43249.jpg,5
43250.jpg,8
43251.jpg,7
43252.jpg,4
43253.jpg,2
43254.jpg,2
43255.jpg,7
43256.jpg,9
43257.jpg,1
43258.jpg,8
43259.jpg,2
43260.jpg,4
43261.jpg,7
43262.jpg,6
43263.jpg,0
43264.jpg,5
43265.jpg,5
43266.jpg,6
43267.jpg,9
43268.jpg,8
43269.jpg,8
43270.jpg,5
43271.jpg,5
43272.jpg,7
43273.jpg,1
43274.jpg,2
43275.jpg,7
43276.jpg,9
43277.jpg,0
43278.jpg,5
43279.jpg,7
43280.jpg,5
43281.jpg,2
43282.jpg,5
43283.jpg,4
43284.jpg,7
43285.jpg,1
43286.jpg,3
43287.jpg,3
43288.jpg,4
43289.jpg,3
43290.jpg,6
43291.jpg,2
43292.jpg,0
43293.jpg,5
43294.jpg,8
43295.jpg,0
43296.jpg,4
43297.jpg,2
43298.jpg,9
43299.jpg,2
43300.jpg,4
43301.jpg,2
43302.jpg,3
43303.jpg,8
43304.jpg,0
43305.jpg,8
43306.jpg,4
43307.jpg,6
43308.jpg,4
43309.jpg,2
43310.jpg,8
43311.jpg,6
43312.jpg,9
43313.jpg,8
43314.jpg,4
43315.jpg,1
43316.jpg,9
43317.jpg,7
43318.jpg,0
43319.jpg,8
43320.jpg,3
43321.jpg,2
43322.jpg,4
43323.jpg,6
43324.jpg,8
43325.jpg,2
43326.jpg,4
43327.jpg,1
43328.jpg,3
43329.jpg,0
43330.jpg,8
43331.jpg,2
43332.jpg,0
43333.jpg,8
43334.jpg,0
43335.jpg,0
43336.jpg,0
43337.jpg,0
43338.jpg,2
43339.jpg,2
43340.jpg,3
43341.jpg,6
43342.jpg,9
43343.jpg,7
43344.jpg,0
43345.jpg,9
43346.jpg,1
43347.jpg,0
43348.jpg,7
43349.jpg,2
43350.jpg,8
43351.jpg,3
43352.jpg,0
43353.jpg,8
43354.jpg,4
43355.jpg,3
43356.jpg,5
43357.jpg,8
43358.jpg,7
43359.jpg,8
43360.jpg,4
43361.jpg,0
43362.jpg,0
43363.jpg,9
43364.jpg,7
43365.jpg,3
43366.jpg,1
43367.jpg,5
43368.jpg,2
43369.jpg,6
43370.jpg,5
43371.jpg,3
43372.jpg,2
43373.jpg,3
43374.jpg,7
43375.jpg,0
43376.jpg,3
43377.jpg,4
43378.jpg,1
43379.jpg,1
43380.jpg,8
43381.jpg,9
43382.jpg,0
43383.jpg,4
43384.jpg,8
43385.jpg,3
43386.jpg,1
43387.jpg,1
43388.jpg,5
43389.jpg,7
43390.jpg,2
43391.jpg,3
43392.jpg,9
43393.jpg,4
43394.jpg,5
43395.jpg,2
43396.jpg,5
43397.jpg,4
43398.jpg,7
43399.jpg,1
43400.jpg,7
43401.jpg,6
43402.jpg,2
43403.jpg,6
43404.jpg,1
43405.jpg,8
43406.jpg,8
43407.jpg,9
43408.jpg,4
43409.jpg,9
43410.jpg,5
43411.jpg,6
43412.jpg,6
43413.jpg,7
43414.jpg,1
43415.jpg,1
43416.jpg,2
43417.jpg,2
43418.jpg,4
43419.jpg,8
43420.jpg,5
43421.jpg,5
43422.jpg,9
43423.jpg,2
43424.jpg,9
43425.jpg,8
43426.jpg,5
43427.jpg,7
43428.jpg,2
43429.jpg,3
43430.jpg,8
43431.jpg,5
43432.jpg,7
43433.jpg,4
43434.jpg,7
43435.jpg,6
43436.jpg,2
43437.jpg,6
43438.jpg,0
43439.jpg,6
43440.jpg,2
43441.jpg,0
43442.jpg,4
43443.jpg,0
43444.jpg,1
43445.jpg,4
43446.jpg,2
43447.jpg,3
43448.jpg,5
43449.jpg,8
43450.jpg,7
43451.jpg,5
43452.jpg,1
43453.jpg,5
43454.jpg,2
43455.jpg,2
43456.jpg,5
43457.jpg,3
43458.jpg,6
43459.jpg,5
43460.jpg,4
43461.jpg,3
43462.jpg,2
43463.jpg,9
43464.jpg,4
43465.jpg,4
43466.jpg,0
43467.jpg,1
43468.jpg,8
43469.jpg,8
43470.jpg,6
43471.jpg,5
43472.jpg,3
43473.jpg,7
43474.jpg,2
43475.jpg,3
43476.jpg,2
43477.jpg,9
43478.jpg,0
43479.jpg,9
43480.jpg,2
43481.jpg,7
43482.jpg,8
43483.jpg,1
43484.jpg,2
43485.jpg,1
43486.jpg,3
43487.jpg,7
43488.jpg,2
43489.jpg,9
43490.jpg,3
43491.jpg,5
43492.jpg,5
43493.jpg,8
43494.jpg,4
43495.jpg,5
43496.jpg,5
43497.jpg,8
43498.jpg,5
43499.jpg,5
43500.jpg,6
43501.jpg,9
43502.jpg,5
43503.jpg,8
43504.jpg,6
43505.jpg,1
43506.jpg,2
43507.jpg,4
43508.jpg,2
43509.jpg,4
43510.jpg,9
43511.jpg,2
43512.jpg,1
43513.jpg,9
43514.jpg,3
43515.jpg,0
43516.jpg,8
43517.jpg,2
43518.jpg,8
43519.jpg,4
43520.jpg,2
43521.jpg,6
43522.jpg,4
43523.jpg,1
43524.jpg,3
43525.jpg,6
43526.jpg,9
43527.jpg,4
43528.jpg,6
43529.jpg,8
43530.jpg,6
43531.jpg,9
43532.jpg,6
43533.jpg,4
43534.jpg,7
43535.jpg,2
43536.jpg,0
43537.jpg,9
43538.jpg,4
43539.jpg,4
43540.jpg,4
43541.jpg,8
43542.jpg,9
43543.jpg,7
43544.jpg,7
43545.jpg,9
43546.jpg,3
43547.jpg,5
43548.jpg,0
43549.jpg,0
43550.jpg,3
43551.jpg,3
43552.jpg,3
43553.jpg,7
43554.jpg,6
43555.jpg,1
43556.jpg,4
43557.jpg,5
43558.jpg,2
43559.jpg,4
43560.jpg,4
43561.jpg,8
43562.jpg,5
43563.jpg,6
43564.jpg,0
43565.jpg,3
43566.jpg,4
43567.jpg,6
43568.jpg,3
43569.jpg,2
43570.jpg,0
43571.jpg,3
43572.jpg,5
43573.jpg,7
43574.jpg,0
43575.jpg,3
43576.jpg,5
43577.jpg,4
43578.jpg,7
43579.jpg,8
43580.jpg,5
43581.jpg,7
43582.jpg,0
43583.jpg,2
43584.jpg,8
43585.jpg,0
43586.jpg,2
43587.jpg,4
43588.jpg,6
43589.jpg,6
43590.jpg,6
43591.jpg,3
43592.jpg,7
43593.jpg,6
43594.jpg,3
43595.jpg,5
43596.jpg,9
43597.jpg,9
43598.jpg,7
43599.jpg,4
43600.jpg,9
43601.jpg,1
43602.jpg,9
43603.jpg,6
43604.jpg,5
43605.jpg,1
43606.jpg,7
43607.jpg,0
43608.jpg,2
43609.jpg,0
43610.jpg,2
43611.jpg,7
43612.jpg,4
43613.jpg,9
43614.jpg,8
43615.jpg,3
43616.jpg,5
43617.jpg,3
43618.jpg,0
43619.jpg,5
43620.jpg,1
43621.jpg,6
43622.jpg,7
43623.jpg,7
43624.jpg,8
43625.jpg,8
43626.jpg,2
43627.jpg,7
43628.jpg,9
43629.jpg,2
43630.jpg,4
43631.jpg,6
43632.jpg,5
43633.jpg,9
43634.jpg,8
43635.jpg,4
43636.jpg,6
43637.jpg,7
43638.jpg,8
43639.jpg,2
43640.jpg,8
43641.jpg,5
43642.jpg,8
43643.jpg,9
43644.jpg,0
43645.jpg,2
43646.jpg,3
43647.jpg,0
43648.jpg,9
43649.jpg,7
43650.jpg,3
43651.jpg,7
43652.jpg,9
43653.jpg,5
43654.jpg,3
43655.jpg,6
43656.jpg,6
43657.jpg,9
43658.jpg,9
43659.jpg,1
43660.jpg,5
43661.jpg,1
43662.jpg,2
43663.jpg,2
43664.jpg,4
43665.jpg,0
43666.jpg,9
43667.jpg,5
43668.jpg,4
43669.jpg,2
43670.jpg,8
43671.jpg,9
43672.jpg,9
43673.jpg,2
43674.jpg,0
43675.jpg,2
43676.jpg,6
43677.jpg,9
43678.jpg,1
43679.jpg,3
43680.jpg,8
43681.jpg,8
43682.jpg,6
43683.jpg,6
43684.jpg,4
43685.jpg,9
43686.jpg,6
43687.jpg,4
43688.jpg,4
43689.jpg,0
43690.jpg,4
43691.jpg,9
43692.jpg,2
43693.jpg,2
43694.jpg,0
43695.jpg,4
43696.jpg,0
43697.jpg,9
43698.jpg,6
43699.jpg,7
43700.jpg,9
43701.jpg,0
43702.jpg,9
43703.jpg,3
43704.jpg,9
43705.jpg,9
43706.jpg,9
43707.jpg,6
43708.jpg,2
43709.jpg,3
43710.jpg,6
43711.jpg,7
43712.jpg,6
43713.jpg,0
43714.jpg,5
43715.jpg,7
43716.jpg,6
43717.jpg,4
43718.jpg,4
43719.jpg,9
43720.jpg,8
43721.jpg,0
43722.jpg,9
43723.jpg,4
43724.jpg,6
43725.jpg,0
43726.jpg,7
43727.jpg,1
43728.jpg,3
43729.jpg,6
43730.jpg,6
43731.jpg,0
43732.jpg,4
43733.jpg,7
43734.jpg,1
43735.jpg,1
43736.jpg,4
43737.jpg,9
43738.jpg,8
43739.jpg,6
43740.jpg,8
43741.jpg,0
43742.jpg,6
43743.jpg,1
43744.jpg,1
43745.jpg,8
43746.jpg,5
43747.jpg,5
43748.jpg,5
43749.jpg,3
43750.jpg,4
43751.jpg,5
43752.jpg,5
43753.jpg,8
43754.jpg,6
43755.jpg,9
43756.jpg,3
43757.jpg,4
43758.jpg,3
43759.jpg,4
43760.jpg,2
43761.jpg,4
43762.jpg,3
43763.jpg,3
43764.jpg,8
43765.jpg,8
43766.jpg,9
43767.jpg,5
43768.jpg,7
43769.jpg,2
43770.jpg,8
43771.jpg,2
43772.jpg,3
43773.jpg,1
43774.jpg,9
43775.jpg,6
43776.jpg,4
43777.jpg,8
43778.jpg,5
43779.jpg,1
43780.jpg,6
43781.jpg,1
43782.jpg,7
43783.jpg,6
43784.jpg,4
43785.jpg,3
43786.jpg,2
43787.jpg,3
43788.jpg,9
43789.jpg,0
43790.jpg,5
43791.jpg,2
43792.jpg,3
43793.jpg,9
43794.jpg,5
43795.jpg,3
43796.jpg,2
43797.jpg,4
43798.jpg,4
43799.jpg,5
43800.jpg,8
43801.jpg,3
43802.jpg,4
43803.jpg,5
43804.jpg,6
43805.jpg,6
43806.jpg,7
43807.jpg,3
43808.jpg,1
43809.jpg,6
43810.jpg,5
43811.jpg,9
43812.jpg,8
43813.jpg,3
43814.jpg,2
43815.jpg,0
43816.jpg,4
43817.jpg,7
43818.jpg,3
43819.jpg,9
43820.jpg,9
43821.jpg,4
43822.jpg,1
43823.jpg,6
43824.jpg,7
43825.jpg,6
43826.jpg,6
43827.jpg,1
43828.jpg,5
43829.jpg,8
43830.jpg,1
43831.jpg,0
43832.jpg,8
43833.jpg,6
43834.jpg,3
43835.jpg,7
43836.jpg,1
43837.jpg,5
43838.jpg,9
43839.jpg,4
43840.jpg,1
43841.jpg,6
43842.jpg,0
43843.jpg,3
43844.jpg,7
43845.jpg,2
43846.jpg,9
43847.jpg,2
43848.jpg,2
43849.jpg,6
43850.jpg,9
43851.jpg,1
43852.jpg,0
43853.jpg,5
43854.jpg,7
43855.jpg,4
43856.jpg,2
43857.jpg,8
43858.jpg,9
43859.jpg,0
43860.jpg,8
43861.jpg,6
43862.jpg,4
43863.jpg,3
43864.jpg,3
43865.jpg,6
43866.jpg,4
43867.jpg,5
43868.jpg,4
43869.jpg,2
43870.jpg,3
43871.jpg,1
43872.jpg,4
43873.jpg,6
43874.jpg,8
43875.jpg,3
43876.jpg,9
43877.jpg,7
43878.jpg,9
43879.jpg,4
43880.jpg,0
43881.jpg,8
43882.jpg,9
43883.jpg,8
43884.jpg,0
43885.jpg,8
43886.jpg,1
43887.jpg,9
43888.jpg,3
43889.jpg,2
43890.jpg,7
43891.jpg,0
43892.jpg,6
43893.jpg,0
43894.jpg,5
43895.jpg,9
43896.jpg,5
43897.jpg,4
43898.jpg,8
43899.jpg,1
43900.jpg,0
43901.jpg,2
43902.jpg,5
43903.jpg,0
43904.jpg,8
43905.jpg,3
43906.jpg,0
43907.jpg,1
43908.jpg,4
43909.jpg,0
43910.jpg,3
43911.jpg,1
43912.jpg,6
43913.jpg,4
43914.jpg,7
43915.jpg,9
43916.jpg,5
43917.jpg,5
43918.jpg,0
43919.jpg,4
43920.jpg,7
43921.jpg,9
43922.jpg,1
43923.jpg,9
43924.jpg,1
43925.jpg,4
43926.jpg,6
43927.jpg,3
43928.jpg,9
43929.jpg,9
43930.jpg,9
43931.jpg,8
43932.jpg,9
43933.jpg,7
43934.jpg,1
43935.jpg,1
43936.jpg,4
43937.jpg,1
43938.jpg,0
43939.jpg,7
43940.jpg,0
43941.jpg,9
43942.jpg,6
43943.jpg,6
43944.jpg,2
43945.jpg,4
43946.jpg,7
43947.jpg,6
43948.jpg,4
43949.jpg,5
43950.jpg,8
43951.jpg,0
43952.jpg,4
43953.jpg,7
43954.jpg,1
43955.jpg,7
43956.jpg,3
43957.jpg,4
43958.jpg,7
43959.jpg,5
43960.jpg,5
43961.jpg,2
43962.jpg,0
43963.jpg,2
43964.jpg,0
43965.jpg,5
43966.jpg,5
43967.jpg,8
43968.jpg,5
43969.jpg,8
43970.jpg,4
43971.jpg,0
43972.jpg,8
43973.jpg,4
43974.jpg,9
43975.jpg,7
43976.jpg,6
43977.jpg,9
43978.jpg,8
43979.jpg,0
43980.jpg,8
43981.jpg,4
43982.jpg,2
43983.jpg,9
43984.jpg,1
43985.jpg,4
43986.jpg,6
43987.jpg,0
43988.jpg,7
43989.jpg,7
43990.jpg,1
43991.jpg,6
43992.jpg,1
43993.jpg,5
43994.jpg,6
43995.jpg,5
43996.jpg,7
43997.jpg,3
43998.jpg,8
43999.jpg,4
44000.jpg,5
44001.jpg,8
44002.jpg,5
44003.jpg,8
44004.jpg,5
44005.jpg,9
44006.jpg,1
44007.jpg,3
44008.jpg,2
44009.jpg,5
44010.jpg,3
44011.jpg,1
44012.jpg,2
44013.jpg,1
44014.jpg,2
44015.jpg,6
44016.jpg,7
44017.jpg,2
44018.jpg,0
44019.jpg,5
44020.jpg,3
44021.jpg,1
44022.jpg,6
44023.jpg,2
44024.jpg,7
44025.jpg,3
44026.jpg,6
44027.jpg,0
44028.jpg,9
44029.jpg,8
44030.jpg,0
44031.jpg,6
44032.jpg,4
44033.jpg,3
44034.jpg,2
44035.jpg,6
44036.jpg,8
44037.jpg,7
44038.jpg,2
44039.jpg,1
44040.jpg,1
44041.jpg,9
44042.jpg,5
44043.jpg,4
44044.jpg,5
44045.jpg,8
44046.jpg,0
44047.jpg,1
44048.jpg,0
44049.jpg,9
44050.jpg,1
44051.jpg,8
44052.jpg,2
44053.jpg,4
44054.jpg,7
44055.jpg,4
44056.jpg,2
44057.jpg,4
44058.jpg,4
44059.jpg,7
44060.jpg,0
44061.jpg,0
44062.jpg,6
44063.jpg,4
44064.jpg,6
44065.jpg,7
44066.jpg,8
44067.jpg,5
44068.jpg,9
44069.jpg,9
44070.jpg,2
44071.jpg,9
44072.jpg,3
44073.jpg,3
44074.jpg,5
44075.jpg,7
44076.jpg,7
44077.jpg,6
44078.jpg,7
44079.jpg,0
44080.jpg,0
44081.jpg,0
44082.jpg,6
44083.jpg,3
44084.jpg,1
44085.jpg,2
44086.jpg,6
44087.jpg,3
44088.jpg,7
44089.jpg,3
44090.jpg,2
44091.jpg,2
44092.jpg,8
44093.jpg,8
44094.jpg,6
44095.jpg,6
44096.jpg,0
44097.jpg,0
44098.jpg,3
44099.jpg,1
44100.jpg,1
44101.jpg,1
44102.jpg,3
44103.jpg,4
44104.jpg,4
44105.jpg,6
44106.jpg,4
44107.jpg,7
44108.jpg,3
44109.jpg,2
44110.jpg,3
44111.jpg,9
44112.jpg,7
44113.jpg,2
44114.jpg,7
44115.jpg,9
44116.jpg,2
44117.jpg,3
44118.jpg,6
44119.jpg,7
44120.jpg,5
44121.jpg,9
44122.jpg,2
44123.jpg,6
44124.jpg,3
44125.jpg,5
44126.jpg,6
44127.jpg,5
44128.jpg,3
44129.jpg,4
44130.jpg,6
44131.jpg,9
44132.jpg,1
44133.jpg,7
44134.jpg,7
44135.jpg,5
44136.jpg,9
44137.jpg,4
44138.jpg,2
44139.jpg,3
44140.jpg,8
44141.jpg,0
44142.jpg,9
44143.jpg,6
44144.jpg,6
44145.jpg,1
44146.jpg,3
44147.jpg,6
44148.jpg,6
44149.jpg,3
44150.jpg,9
44151.jpg,3
44152.jpg,6
44153.jpg,5
44154.jpg,2
44155.jpg,0
44156.jpg,4
44157.jpg,7
44158.jpg,4
44159.jpg,8
44160.jpg,5
44161.jpg,5
44162.jpg,0
44163.jpg,0
44164.jpg,9
44165.jpg,0
44166.jpg,3
44167.jpg,6
44168.jpg,2
44169.jpg,9
44170.jpg,8
44171.jpg,1
44172.jpg,1
44173.jpg,4
44174.jpg,3
44175.jpg,4
44176.jpg,0
44177.jpg,3
44178.jpg,7
44179.jpg,3
44180.jpg,8
44181.jpg,6
44182.jpg,4
44183.jpg,2
44184.jpg,4
44185.jpg,1
44186.jpg,2
44187.jpg,7
44188.jpg,5
44189.jpg,2
44190.jpg,6
44191.jpg,8
44192.jpg,0
44193.jpg,4
44194.jpg,6
44195.jpg,4
44196.jpg,2
44197.jpg,3
44198.jpg,2
44199.jpg,4
44200.jpg,1
44201.jpg,6
44202.jpg,0
44203.jpg,5
44204.jpg,8
44205.jpg,8
44206.jpg,1
44207.jpg,8
44208.jpg,6
44209.jpg,2
44210.jpg,8
44211.jpg,2
44212.jpg,4
44213.jpg,4
44214.jpg,0
44215.jpg,9
44216.jpg,7
44217.jpg,6
44218.jpg,7
44219.jpg,4
44220.jpg,2
44221.jpg,3
44222.jpg,8
44223.jpg,9
44224.jpg,4
44225.jpg,8
44226.jpg,8
44227.jpg,4
44228.jpg,2
44229.jpg,0
44230.jpg,1
44231.jpg,4
44232.jpg,4
44233.jpg,8
44234.jpg,6
44235.jpg,6
44236.jpg,7
44237.jpg,2
44238.jpg,7
44239.jpg,0
44240.jpg,0
44241.jpg,7
44242.jpg,2
44243.jpg,3
44244.jpg,1
44245.jpg,8
44246.jpg,9
44247.jpg,7
44248.jpg,7
44249.jpg,0
44250.jpg,1
44251.jpg,7
44252.jpg,9
44253.jpg,7
44254.jpg,7
44255.jpg,5
44256.jpg,9
44257.jpg,2
44258.jpg,7
44259.jpg,5
44260.jpg,5
44261.jpg,1
44262.jpg,4
44263.jpg,4
44264.jpg,7
44265.jpg,1
44266.jpg,3
44267.jpg,6
44268.jpg,3
44269.jpg,0
44270.jpg,0
44271.jpg,0
44272.jpg,8
44273.jpg,0
44274.jpg,8
44275.jpg,5
44276.jpg,6
44277.jpg,8
44278.jpg,6
44279.jpg,6
44280.jpg,4
44281.jpg,0
44282.jpg,0
44283.jpg,8
44284.jpg,6
44285.jpg,7
44286.jpg,4
44287.jpg,8
44288.jpg,3
44289.jpg,9
44290.jpg,4
44291.jpg,9
44292.jpg,8
44293.jpg,2
44294.jpg,3
44295.jpg,0
44296.jpg,4
44297.jpg,4
44298.jpg,8
44299.jpg,1
44300.jpg,8
44301.jpg,4
44302.jpg,3
44303.jpg,8
44304.jpg,8
44305.jpg,4
44306.jpg,2
44307.jpg,4
44308.jpg,3
44309.jpg,6
44310.jpg,3
44311.jpg,0
44312.jpg,5
44313.jpg,8
44314.jpg,0
44315.jpg,7
44316.jpg,5
44317.jpg,4
44318.jpg,7
44319.jpg,5
44320.jpg,8
44321.jpg,9
44322.jpg,0
44323.jpg,4
44324.jpg,6
44325.jpg,7
44326.jpg,1
44327.jpg,1
44328.jpg,4
44329.jpg,3
44330.jpg,5
44331.jpg,7
44332.jpg,1
44333.jpg,7
44334.jpg,1
44335.jpg,9
44336.jpg,3
44337.jpg,0
44338.jpg,0
44339.jpg,8
44340.jpg,9
44341.jpg,7
44342.jpg,2
44343.jpg,8
44344.jpg,9
44345.jpg,9
44346.jpg,3
44347.jpg,5
44348.jpg,0
44349.jpg,3
44350.jpg,3
44351.jpg,2
44352.jpg,1
44353.jpg,0
44354.jpg,1
44355.jpg,5
44356.jpg,2
44357.jpg,7
44358.jpg,1
44359.jpg,4
44360.jpg,1
44361.jpg,3
44362.jpg,5
44363.jpg,1
44364.jpg,9
44365.jpg,8
44366.jpg,5
44367.jpg,2
44368.jpg,0
44369.jpg,7
44370.jpg,2
44371.jpg,9
44372.jpg,2
44373.jpg,0
44374.jpg,9
44375.jpg,2
44376.jpg,2
44377.jpg,6
44378.jpg,2
44379.jpg,1
44380.jpg,8
44381.jpg,4
44382.jpg,4
44383.jpg,8
44384.jpg,4
44385.jpg,1
44386.jpg,7
44387.jpg,0
44388.jpg,3
44389.jpg,6
44390.jpg,1
44391.jpg,6
44392.jpg,3
44393.jpg,7
44394.jpg,4
44395.jpg,4
44396.jpg,7
44397.jpg,8
44398.jpg,2
44399.jpg,7
44400.jpg,4
44401.jpg,7
44402.jpg,3
44403.jpg,6
44404.jpg,6
44405.jpg,3
44406.jpg,5
44407.jpg,9
44408.jpg,8
44409.jpg,6
44410.jpg,0
44411.jpg,0
44412.jpg,8
44413.jpg,4
44414.jpg,3
44415.jpg,6
44416.jpg,9
44417.jpg,6
44418.jpg,2
44419.jpg,5
44420.jpg,0
44421.jpg,6
44422.jpg,3
44423.jpg,1
44424.jpg,5
44425.jpg,2
44426.jpg,2
44427.jpg,7
44428.jpg,3
44429.jpg,4
44430.jpg,6
44431.jpg,2
44432.jpg,8
44433.jpg,7
44434.jpg,6
44435.jpg,3
44436.jpg,9
44437.jpg,3
44438.jpg,4
44439.jpg,3
44440.jpg,6
44441.jpg,7
44442.jpg,7
44443.jpg,1
44444.jpg,1
44445.jpg,7
44446.jpg,8
44447.jpg,4
44448.jpg,5
44449.jpg,3
44450.jpg,6
44451.jpg,5
44452.jpg,6
44453.jpg,2
44454.jpg,9
44455.jpg,2
44456.jpg,5
44457.jpg,9
44458.jpg,1
44459.jpg,1
44460.jpg,7
44461.jpg,8
44462.jpg,3
44463.jpg,5
44464.jpg,1
44465.jpg,3
44466.jpg,8
44467.jpg,5
44468.jpg,0
44469.jpg,8
44470.jpg,0
44471.jpg,2
44472.jpg,3
44473.jpg,9
44474.jpg,8
44475.jpg,3
44476.jpg,0
44477.jpg,0
44478.jpg,7
44479.jpg,5
44480.jpg,7
44481.jpg,3
44482.jpg,2
44483.jpg,3
44484.jpg,3
44485.jpg,7
44486.jpg,5
44487.jpg,5
44488.jpg,6
44489.jpg,9
44490.jpg,0
44491.jpg,2
44492.jpg,1
44493.jpg,2
44494.jpg,5
44495.jpg,5
44496.jpg,1
44497.jpg,4
44498.jpg,0
44499.jpg,7
44500.jpg,1
44501.jpg,8
44502.jpg,8
44503.jpg,4
44504.jpg,0
44505.jpg,1
44506.jpg,7
44507.jpg,8
44508.jpg,9
44509.jpg,0
44510.jpg,7
44511.jpg,2
44512.jpg,5
44513.jpg,7
44514.jpg,8
44515.jpg,3
44516.jpg,0
44517.jpg,1
44518.jpg,2
44519.jpg,3
44520.jpg,9
44521.jpg,2
44522.jpg,7
44523.jpg,0
44524.jpg,0
44525.jpg,2
44526.jpg,2
44527.jpg,4
44528.jpg,1
44529.jpg,5
44530.jpg,3
44531.jpg,3
44532.jpg,5
44533.jpg,1
44534.jpg,5
44535.jpg,5
44536.jpg,9
44537.jpg,0
44538.jpg,9
44539.jpg,8
44540.jpg,0
44541.jpg,9
44542.jpg,3
44543.jpg,0
44544.jpg,7
44545.jpg,9
44546.jpg,6
44547.jpg,5
44548.jpg,5
44549.jpg,2
44550.jpg,6
44551.jpg,8
44552.jpg,0
44553.jpg,1
44554.jpg,7
44555.jpg,7
44556.jpg,7
44557.jpg,1
44558.jpg,3
44559.jpg,0
44560.jpg,1
44561.jpg,4
44562.jpg,1
44563.jpg,0
44564.jpg,3
44565.jpg,1
44566.jpg,9
44567.jpg,0
44568.jpg,6
44569.jpg,3
44570.jpg,6
44571.jpg,0
44572.jpg,5
44573.jpg,4
44574.jpg,0
44575.jpg,8
44576.jpg,8
44577.jpg,0
44578.jpg,1
44579.jpg,5
44580.jpg,8
44581.jpg,3
44582.jpg,7
44583.jpg,2
44584.jpg,9
44585.jpg,1
44586.jpg,9
44587.jpg,9
44588.jpg,2
44589.jpg,7
44590.jpg,6
44591.jpg,1
44592.jpg,0
44593.jpg,9
44594.jpg,8
44595.jpg,8
44596.jpg,6
44597.jpg,0
44598.jpg,2
44599.jpg,0
44600.jpg,5
44601.jpg,0
44602.jpg,8
44603.jpg,9
44604.jpg,2
44605.jpg,6
44606.jpg,6
44607.jpg,1
44608.jpg,2
44609.jpg,1
44610.jpg,5
44611.jpg,8
44612.jpg,9
44613.jpg,7
44614.jpg,4
44615.jpg,1
44616.jpg,2
44617.jpg,8
44618.jpg,9
44619.jpg,0
44620.jpg,2
44621.jpg,0
44622.jpg,9
44623.jpg,9
44624.jpg,1
44625.jpg,1
44626.jpg,5
44627.jpg,5
44628.jpg,3
44629.jpg,9
44630.jpg,3
44631.jpg,1
44632.jpg,5
44633.jpg,2
44634.jpg,2
44635.jpg,5
44636.jpg,1
44637.jpg,6
44638.jpg,9
44639.jpg,5
44640.jpg,4
44641.jpg,5
44642.jpg,4
44643.jpg,9
44644.jpg,6
44645.jpg,0
44646.jpg,8
44647.jpg,2
44648.jpg,1
44649.jpg,9
44650.jpg,7
44651.jpg,0
44652.jpg,8
44653.jpg,0
44654.jpg,1
44655.jpg,0
44656.jpg,2
44657.jpg,3
44658.jpg,8
44659.jpg,6
44660.jpg,4
44661.jpg,1
44662.jpg,5
44663.jpg,6
44664.jpg,1
44665.jpg,9
44666.jpg,4
44667.jpg,9
44668.jpg,6
44669.jpg,3
44670.jpg,8
44671.jpg,7
44672.jpg,3
44673.jpg,0
44674.jpg,3
44675.jpg,9
44676.jpg,7
44677.jpg,2
44678.jpg,6
44679.jpg,2
44680.jpg,9
44681.jpg,4
44682.jpg,6
44683.jpg,0
44684.jpg,9
44685.jpg,6
44686.jpg,7
44687.jpg,4
44688.jpg,7
44689.jpg,0
44690.jpg,9
44691.jpg,9
44692.jpg,5
44693.jpg,6
44694.jpg,5
44695.jpg,4
44696.jpg,1
44697.jpg,3
44698.jpg,5
44699.jpg,5
44700.jpg,2
44701.jpg,9
44702.jpg,5
44703.jpg,2
44704.jpg,9
44705.jpg,7
44706.jpg,7
44707.jpg,4
44708.jpg,9
44709.jpg,4
44710.jpg,4
44711.jpg,8
44712.jpg,7
44713.jpg,8
44714.jpg,7
44715.jpg,4
44716.jpg,5
44717.jpg,0
44718.jpg,8
44719.jpg,2
44720.jpg,3
44721.jpg,0
44722.jpg,0
44723.jpg,8
44724.jpg,8
44725.jpg,4
44726.jpg,0
44727.jpg,2
44728.jpg,5
44729.jpg,7
44730.jpg,2
44731.jpg,6
44732.jpg,2
44733.jpg,5
44734.jpg,6
44735.jpg,9
44736.jpg,7
44737.jpg,3
44738.jpg,4
44739.jpg,1
44740.jpg,5
44741.jpg,4
44742.jpg,8
44743.jpg,8
44744.jpg,4
44745.jpg,3
44746.jpg,0
44747.jpg,7
44748.jpg,2
44749.jpg,9
44750.jpg,4
44751.jpg,6
44752.jpg,6
44753.jpg,4
44754.jpg,9
44755.jpg,2
44756.jpg,4
44757.jpg,8
44758.jpg,8
44759.jpg,0
44760.jpg,3
44761.jpg,8
44762.jpg,1
44763.jpg,4
44764.jpg,1
44765.jpg,0
44766.jpg,6
44767.jpg,6
44768.jpg,9
44769.jpg,1
44770.jpg,6
44771.jpg,2
44772.jpg,3
44773.jpg,4
44774.jpg,0
44775.jpg,1
44776.jpg,2
44777.jpg,2
44778.jpg,0
44779.jpg,8
44780.jpg,8
44781.jpg,4
44782.jpg,7
44783.jpg,9
44784.jpg,9
44785.jpg,6
44786.jpg,6
44787.jpg,0
44788.jpg,5
44789.jpg,6
44790.jpg,7
44791.jpg,3
44792.jpg,6
44793.jpg,7
44794.jpg,8
44795.jpg,7
44796.jpg,3
44797.jpg,1
44798.jpg,0
44799.jpg,3
44800.jpg,8
44801.jpg,4
44802.jpg,5
44803.jpg,1
44804.jpg,8
44805.jpg,6
44806.jpg,2
44807.jpg,8
44808.jpg,5
44809.jpg,7
44810.jpg,6
44811.jpg,2
44812.jpg,8
44813.jpg,6
44814.jpg,5
44815.jpg,8
44816.jpg,0
44817.jpg,5
44818.jpg,9
44819.jpg,2
44820.jpg,7
44821.jpg,0
44822.jpg,5
44823.jpg,8
44824.jpg,6
44825.jpg,8
44826.jpg,9
44827.jpg,3
44828.jpg,8
44829.jpg,3
44830.jpg,2
44831.jpg,6
44832.jpg,8
44833.jpg,7
44834.jpg,8
44835.jpg,3
44836.jpg,3
44837.jpg,8
44838.jpg,5
44839.jpg,4
44840.jpg,1
44841.jpg,2
44842.jpg,9
44843.jpg,6
44844.jpg,5
44845.jpg,9
44846.jpg,4
44847.jpg,3
44848.jpg,8
44849.jpg,5
44850.jpg,5
44851.jpg,8
44852.jpg,8
44853.jpg,2
44854.jpg,0
44855.jpg,3
44856.jpg,1
44857.jpg,4
44858.jpg,1
44859.jpg,0
44860.jpg,8
44861.jpg,0
44862.jpg,5
44863.jpg,8
44864.jpg,4
44865.jpg,9
44866.jpg,1
44867.jpg,8
44868.jpg,0
44869.jpg,0
44870.jpg,6
44871.jpg,7
44872.jpg,7
44873.jpg,7
44874.jpg,5
44875.jpg,6
44876.jpg,3
44877.jpg,6
44878.jpg,5
44879.jpg,8
44880.jpg,2
44881.jpg,6
44882.jpg,5
44883.jpg,7
44884.jpg,5
44885.jpg,4
44886.jpg,7
44887.jpg,3
44888.jpg,2
44889.jpg,9
44890.jpg,5
44891.jpg,8
44892.jpg,8
44893.jpg,5
44894.jpg,7
44895.jpg,2
44896.jpg,2
44897.jpg,8
44898.jpg,7
44899.jpg,6
44900.jpg,7
44901.jpg,7
44902.jpg,2
44903.jpg,7
44904.jpg,6
44905.jpg,4
44906.jpg,0
44907.jpg,6
44908.jpg,3
44909.jpg,1
44910.jpg,4
44911.jpg,6
44912.jpg,3
44913.jpg,9
44914.jpg,8
44915.jpg,3
44916.jpg,8
44917.jpg,1
44918.jpg,0
44919.jpg,0
44920.jpg,5
44921.jpg,3
44922.jpg,5
44923.jpg,8
44924.jpg,4
44925.jpg,0
44926.jpg,6
44927.jpg,1
44928.jpg,7
44929.jpg,0
44930.jpg,2
44931.jpg,2
44932.jpg,1
44933.jpg,7
44934.jpg,3
44935.jpg,0
44936.jpg,8
44937.jpg,6
44938.jpg,7
44939.jpg,7
44940.jpg,0
44941.jpg,0
44942.jpg,1
44943.jpg,4
44944.jpg,1
44945.jpg,1
44946.jpg,6
44947.jpg,6
44948.jpg,6
44949.jpg,1
44950.jpg,3
44951.jpg,6
44952.jpg,0
44953.jpg,1
44954.jpg,3
44955.jpg,8
44956.jpg,5
44957.jpg,0
44958.jpg,1
44959.jpg,6
44960.jpg,5
44961.jpg,5
44962.jpg,4
44963.jpg,3
44964.jpg,9
44965.jpg,8
44966.jpg,6
44967.jpg,0
44968.jpg,5
44969.jpg,4
44970.jpg,9
44971.jpg,2
44972.jpg,8
44973.jpg,4
44974.jpg,8
44975.jpg,8
44976.jpg,2
44977.jpg,1
44978.jpg,4
44979.jpg,8
44980.jpg,6
44981.jpg,7
44982.jpg,3
44983.jpg,1
44984.jpg,3
44985.jpg,4
44986.jpg,9
44987.jpg,4
44988.jpg,8
44989.jpg,4
44990.jpg,5
44991.jpg,0
44992.jpg,9
44993.jpg,1
44994.jpg,3
44995.jpg,8
44996.jpg,7
44997.jpg,5
44998.jpg,4
44999.jpg,6
45000.jpg,6
45001.jpg,7
45002.jpg,9
45003.jpg,0
45004.jpg,5
45005.jpg,2
45006.jpg,3
45007.jpg,3
45008.jpg,3
45009.jpg,9
45010.jpg,0
45011.jpg,9
45012.jpg,2
45013.jpg,9
45014.jpg,1
45015.jpg,0
45016.jpg,2
45017.jpg,3
45018.jpg,9
45019.jpg,6
45020.jpg,6
45021.jpg,1
45022.jpg,6
45023.jpg,3
45024.jpg,7
45025.jpg,6
45026.jpg,2
45027.jpg,7
45028.jpg,0
45029.jpg,4
45030.jpg,8
45031.jpg,9
45032.jpg,6
45033.jpg,0
45034.jpg,7
45035.jpg,7
45036.jpg,5
45037.jpg,0
45038.jpg,4
45039.jpg,5
45040.jpg,9
45041.jpg,6
45042.jpg,4
45043.jpg,5
45044.jpg,7
45045.jpg,9
45046.jpg,3
45047.jpg,7
45048.jpg,8
45049.jpg,5
45050.jpg,0
45051.jpg,4
45052.jpg,1
45053.jpg,3
45054.jpg,8
45055.jpg,6
45056.jpg,9
45057.jpg,5
45058.jpg,7
45059.jpg,6
45060.jpg,7
45061.jpg,7
45062.jpg,3
45063.jpg,4
45064.jpg,2
45065.jpg,3
45066.jpg,6
45067.jpg,4
45068.jpg,5
45069.jpg,0
45070.jpg,1
45071.jpg,9
45072.jpg,3
45073.jpg,8
45074.jpg,4
45075.jpg,4
45076.jpg,1
45077.jpg,9
45078.jpg,8
45079.jpg,9
45080.jpg,3
45081.jpg,6
45082.jpg,0
45083.jpg,9
45084.jpg,1
45085.jpg,6
45086.jpg,3
45087.jpg,2
45088.jpg,3
45089.jpg,0
45090.jpg,5
45091.jpg,8
45092.jpg,8
45093.jpg,0
45094.jpg,0
45095.jpg,6
45096.jpg,2
45097.jpg,3
45098.jpg,5
45099.jpg,1
45100.jpg,5
45101.jpg,7
45102.jpg,1
45103.jpg,0
45104.jpg,9
45105.jpg,8
45106.jpg,3
45107.jpg,3
45108.jpg,5
45109.jpg,6
45110.jpg,3
45111.jpg,2
45112.jpg,1
45113.jpg,3
45114.jpg,7
45115.jpg,0
45116.jpg,7
45117.jpg,7
45118.jpg,2
45119.jpg,4
45120.jpg,7
45121.jpg,7
45122.jpg,6
45123.jpg,2
45124.jpg,6
45125.jpg,1
45126.jpg,7
45127.jpg,2
45128.jpg,3
45129.jpg,3
45130.jpg,0
45131.jpg,2
45132.jpg,2
45133.jpg,9
45134.jpg,6
45135.jpg,5
45136.jpg,5
45137.jpg,1
45138.jpg,9
45139.jpg,7
45140.jpg,9
45141.jpg,4
45142.jpg,6
45143.jpg,4
45144.jpg,1
45145.jpg,9
45146.jpg,1
45147.jpg,3
45148.jpg,6
45149.jpg,1
45150.jpg,2
45151.jpg,2
45152.jpg,5
45153.jpg,8
45154.jpg,0
45155.jpg,8
45156.jpg,5
45157.jpg,1
45158.jpg,7
45159.jpg,6
45160.jpg,7
45161.jpg,9
45162.jpg,3
45163.jpg,0
45164.jpg,9
45165.jpg,2
45166.jpg,2
45167.jpg,6
45168.jpg,7
45169.jpg,6
45170.jpg,9
45171.jpg,1
45172.jpg,9
45173.jpg,4
45174.jpg,0
45175.jpg,5
45176.jpg,6
45177.jpg,6
45178.jpg,4
45179.jpg,4
45180.jpg,4
45181.jpg,1
45182.jpg,6
45183.jpg,3
45184.jpg,2
45185.jpg,8
45186.jpg,9
45187.jpg,4
45188.jpg,7
45189.jpg,2
45190.jpg,3
45191.jpg,9
45192.jpg,3
45193.jpg,4
45194.jpg,0
45195.jpg,1
45196.jpg,1
45197.jpg,1
45198.jpg,9
45199.jpg,9
45200.jpg,7
45201.jpg,5
45202.jpg,1
45203.jpg,9
45204.jpg,2
45205.jpg,5
45206.jpg,6
45207.jpg,1
45208.jpg,5
45209.jpg,3
45210.jpg,0
45211.jpg,1
45212.jpg,4
45213.jpg,9
45214.jpg,4
45215.jpg,2
45216.jpg,0
45217.jpg,8
45218.jpg,3
45219.jpg,2
45220.jpg,7
45221.jpg,3
45222.jpg,8
45223.jpg,6
45224.jpg,1
45225.jpg,4
45226.jpg,2
45227.jpg,4
45228.jpg,9
45229.jpg,4
45230.jpg,6
45231.jpg,9
45232.jpg,1
45233.jpg,5
45234.jpg,9
45235.jpg,9
45236.jpg,1
45237.jpg,4
45238.jpg,2
45239.jpg,7
45240.jpg,2
45241.jpg,7
45242.jpg,3
45243.jpg,1
45244.jpg,9
45245.jpg,8
45246.jpg,8
45247.jpg,1
45248.jpg,2
45249.jpg,0
45250.jpg,8
45251.jpg,8
45252.jpg,2
45253.jpg,8
45254.jpg,7
45255.jpg,8
45256.jpg,4
45257.jpg,1
45258.jpg,7
45259.jpg,4
45260.jpg,3
45261.jpg,1
45262.jpg,8
45263.jpg,6
45264.jpg,4
45265.jpg,5
45266.jpg,0
45267.jpg,5
45268.jpg,6
45269.jpg,7
45270.jpg,5
45271.jpg,9
45272.jpg,8
45273.jpg,8
45274.jpg,8
45275.jpg,9
45276.jpg,7
45277.jpg,3
45278.jpg,8
45279.jpg,7
45280.jpg,8
45281.jpg,2
45282.jpg,1
45283.jpg,8
45284.jpg,8
45285.jpg,4
45286.jpg,9
45287.jpg,1
45288.jpg,5
45289.jpg,4
45290.jpg,2
45291.jpg,6
45292.jpg,6
45293.jpg,9
45294.jpg,2
45295.jpg,7
45296.jpg,2
45297.jpg,8
45298.jpg,4
45299.jpg,2
45300.jpg,9
45301.jpg,1
45302.jpg,6
45303.jpg,5
45304.jpg,8
45305.jpg,5
45306.jpg,9
45307.jpg,7
45308.jpg,6
45309.jpg,2
45310.jpg,9
45311.jpg,1
45312.jpg,8
45313.jpg,7
45314.jpg,0
45315.jpg,9
45316.jpg,9
45317.jpg,7
45318.jpg,6
45319.jpg,3
45320.jpg,9
45321.jpg,3
45322.jpg,0
45323.jpg,0
45324.jpg,0
45325.jpg,7
45326.jpg,7
45327.jpg,0
45328.jpg,7
45329.jpg,3
45330.jpg,9
45331.jpg,0
45332.jpg,9
45333.jpg,2
45334.jpg,1
45335.jpg,5
45336.jpg,7
45337.jpg,1
45338.jpg,6
45339.jpg,8
45340.jpg,2
45341.jpg,0
45342.jpg,4
45343.jpg,2
45344.jpg,1
45345.jpg,4
45346.jpg,0
45347.jpg,4
45348.jpg,8
45349.jpg,0
45350.jpg,4
45351.jpg,9
45352.jpg,9
45353.jpg,6
45354.jpg,3
45355.jpg,6
45356.jpg,1
45357.jpg,7
45358.jpg,4
45359.jpg,6
45360.jpg,8
45361.jpg,6
45362.jpg,0
45363.jpg,7
45364.jpg,4
45365.jpg,8
45366.jpg,7
45367.jpg,5
45368.jpg,7
45369.jpg,5
45370.jpg,2
45371.jpg,0
45372.jpg,5
45373.jpg,8
45374.jpg,6
45375.jpg,6
45376.jpg,6
45377.jpg,8
45378.jpg,8
45379.jpg,5
45380.jpg,6
45381.jpg,6
45382.jpg,9
45383.jpg,9
45384.jpg,2
45385.jpg,7
45386.jpg,2
45387.jpg,1
45388.jpg,9
45389.jpg,3
45390.jpg,9
45391.jpg,0
45392.jpg,1
45393.jpg,5
45394.jpg,9
45395.jpg,9
45396.jpg,7
45397.jpg,9
45398.jpg,6
45399.jpg,5
45400.jpg,3
45401.jpg,7
45402.jpg,6
45403.jpg,7
45404.jpg,0
45405.jpg,4
45406.jpg,2
45407.jpg,3
45408.jpg,9
45409.jpg,6
45410.jpg,2
45411.jpg,5
45412.jpg,7
45413.jpg,5
45414.jpg,0
45415.jpg,2
45416.jpg,8
45417.jpg,2
45418.jpg,9
45419.jpg,6
45420.jpg,1
45421.jpg,5
45422.jpg,1
45423.jpg,3
45424.jpg,6
45425.jpg,3
45426.jpg,0
45427.jpg,8
45428.jpg,0
45429.jpg,6
45430.jpg,3
45431.jpg,5
45432.jpg,0
45433.jpg,1
45434.jpg,4
45435.jpg,6
45436.jpg,7
45437.jpg,9
45438.jpg,1
45439.jpg,5
45440.jpg,4
45441.jpg,0
45442.jpg,4
45443.jpg,6
45444.jpg,2
45445.jpg,3
45446.jpg,8
45447.jpg,7
45448.jpg,5
45449.jpg,7
45450.jpg,3
45451.jpg,4
45452.jpg,8
45453.jpg,9
45454.jpg,8
45455.jpg,3
45456.jpg,6
45457.jpg,0
45458.jpg,5
45459.jpg,1
45460.jpg,1
45461.jpg,9
45462.jpg,4
45463.jpg,8
45464.jpg,9
45465.jpg,9
45466.jpg,9
45467.jpg,5
45468.jpg,0
45469.jpg,8
45470.jpg,0
45471.jpg,2
45472.jpg,0
45473.jpg,3
45474.jpg,6
45475.jpg,3
45476.jpg,9
45477.jpg,0
45478.jpg,3
45479.jpg,3
45480.jpg,8
45481.jpg,0
45482.jpg,8
45483.jpg,8
45484.jpg,0
45485.jpg,9
45486.jpg,4
45487.jpg,8
45488.jpg,4
45489.jpg,6
45490.jpg,4
45491.jpg,4
45492.jpg,3
45493.jpg,3
45494.jpg,0
45495.jpg,4
45496.jpg,9
45497.jpg,6
45498.jpg,7
45499.jpg,9
45500.jpg,5
45501.jpg,4
45502.jpg,3
45503.jpg,5
45504.jpg,5
45505.jpg,5
45506.jpg,2
45507.jpg,3
45508.jpg,6
45509.jpg,5
45510.jpg,5
45511.jpg,9
45512.jpg,1
45513.jpg,6
45514.jpg,4
45515.jpg,1
45516.jpg,0
45517.jpg,5
45518.jpg,7
45519.jpg,9
45520.jpg,3
45521.jpg,0
45522.jpg,6
45523.jpg,8
45524.jpg,9
45525.jpg,7
45526.jpg,6
45527.jpg,2
45528.jpg,8
45529.jpg,0
45530.jpg,0
45531.jpg,2
45532.jpg,9
45533.jpg,0
45534.jpg,3
45535.jpg,2
45536.jpg,7
45537.jpg,2
45538.jpg,7
45539.jpg,3
45540.jpg,2
45541.jpg,3
45542.jpg,7
45543.jpg,7
45544.jpg,5
45545.jpg,3
45546.jpg,8
45547.jpg,5
45548.jpg,4
45549.jpg,0
45550.jpg,2
45551.jpg,9
45552.jpg,1
45553.jpg,3
45554.jpg,2
45555.jpg,5
45556.jpg,8
45557.jpg,0
45558.jpg,6
45559.jpg,1
45560.jpg,7
45561.jpg,5
45562.jpg,9
45563.jpg,7
45564.jpg,7
45565.jpg,5
45566.jpg,0
45567.jpg,1
45568.jpg,1
45569.jpg,9
45570.jpg,4
45571.jpg,2
45572.jpg,1
45573.jpg,8
45574.jpg,2
45575.jpg,2
45576.jpg,2
45577.jpg,7
45578.jpg,3
45579.jpg,7
45580.jpg,0
45581.jpg,4
45582.jpg,6
45583.jpg,6
45584.jpg,2
45585.jpg,9
45586.jpg,3
45587.jpg,0
45588.jpg,6
45589.jpg,0
45590.jpg,1
45591.jpg,9
45592.jpg,3
45593.jpg,5
45594.jpg,4
45595.jpg,9
45596.jpg,6
45597.jpg,7
45598.jpg,3
45599.jpg,6
45600.jpg,8
45601.jpg,3
45602.jpg,9
45603.jpg,2
45604.jpg,0
45605.jpg,9
45606.jpg,5
45607.jpg,4
45608.jpg,7
45609.jpg,2
45610.jpg,3
45611.jpg,9
45612.jpg,9
45613.jpg,5
45614.jpg,0
45615.jpg,3
45616.jpg,1
45617.jpg,7
45618.jpg,2
45619.jpg,4
45620.jpg,7
45621.jpg,9
45622.jpg,9
45623.jpg,0
45624.jpg,4
45625.jpg,4
45626.jpg,5
45627.jpg,1
45628.jpg,7
45629.jpg,1
45630.jpg,8
45631.jpg,4
45632.jpg,1
45633.jpg,4
45634.jpg,2
45635.jpg,1
45636.jpg,6
45637.jpg,9
45638.jpg,2
45639.jpg,2
45640.jpg,0
45641.jpg,8
45642.jpg,0
45643.jpg,8
45644.jpg,8
45645.jpg,5
45646.jpg,5
45647.jpg,2
45648.jpg,8
45649.jpg,0
45650.jpg,9
45651.jpg,5
45652.jpg,7
45653.jpg,4
45654.jpg,9
45655.jpg,5
45656.jpg,2
45657.jpg,0
45658.jpg,8
45659.jpg,0
45660.jpg,2
45661.jpg,6
45662.jpg,9
45663.jpg,1
45664.jpg,3
45665.jpg,0
45666.jpg,1
45667.jpg,8
45668.jpg,9
45669.jpg,4
45670.jpg,5
45671.jpg,9
45672.jpg,8
45673.jpg,0
45674.jpg,7
45675.jpg,8
45676.jpg,4
45677.jpg,4
45678.jpg,3
45679.jpg,6
45680.jpg,6
45681.jpg,5
45682.jpg,6
45683.jpg,1
45684.jpg,0
45685.jpg,1
45686.jpg,2
45687.jpg,8
45688.jpg,9
45689.jpg,6
45690.jpg,5
45691.jpg,9
45692.jpg,9
45693.jpg,9
45694.jpg,6
45695.jpg,5
45696.jpg,0
45697.jpg,9
45698.jpg,5
45699.jpg,0
45700.jpg,5
45701.jpg,8
45702.jpg,0
45703.jpg,0
45704.jpg,4
45705.jpg,3
45706.jpg,4
45707.jpg,2
45708.jpg,6
45709.jpg,1
45710.jpg,7
45711.jpg,6
45712.jpg,2
45713.jpg,3
45714.jpg,1
45715.jpg,2
45716.jpg,8
45717.jpg,2
45718.jpg,6
45719.jpg,0
45720.jpg,3
45721.jpg,4
45722.jpg,1
45723.jpg,6
45724.jpg,2
45725.jpg,3
45726.jpg,4
45727.jpg,2
45728.jpg,6
45729.jpg,5
45730.jpg,8
45731.jpg,9
45732.jpg,8
45733.jpg,3
45734.jpg,5
45735.jpg,7
45736.jpg,5
45737.jpg,7
45738.jpg,0
45739.jpg,4
45740.jpg,6
45741.jpg,3
45742.jpg,4
45743.jpg,0
45744.jpg,3
45745.jpg,6
45746.jpg,2
45747.jpg,1
45748.jpg,7
45749.jpg,5
45750.jpg,8
45751.jpg,5
45752.jpg,8
45753.jpg,7
45754.jpg,4
45755.jpg,5
45756.jpg,4
45757.jpg,0
45758.jpg,2
45759.jpg,1
45760.jpg,5
45761.jpg,7
45762.jpg,2
45763.jpg,6
45764.jpg,8
45765.jpg,0
45766.jpg,7
45767.jpg,7
45768.jpg,4
45769.jpg,1
45770.jpg,0
45771.jpg,7
45772.jpg,9
45773.jpg,2
45774.jpg,7
45775.jpg,0
45776.jpg,9
45777.jpg,8
45778.jpg,7
45779.jpg,7
45780.jpg,5
45781.jpg,2
45782.jpg,7
45783.jpg,9
45784.jpg,7
45785.jpg,6
45786.jpg,4
45787.jpg,8
45788.jpg,4
45789.jpg,6
45790.jpg,4
45791.jpg,1
45792.jpg,7
45793.jpg,9
45794.jpg,8
45795.jpg,8
45796.jpg,6
45797.jpg,3
45798.jpg,7
45799.jpg,3
45800.jpg,3
45801.jpg,9
45802.jpg,7
45803.jpg,0
45804.jpg,7
45805.jpg,1
45806.jpg,8
45807.jpg,8
45808.jpg,5
45809.jpg,7
45810.jpg,1
45811.jpg,1
45812.jpg,7
45813.jpg,4
45814.jpg,0
45815.jpg,4
45816.jpg,1
45817.jpg,2
45818.jpg,2
45819.jpg,9
45820.jpg,8
45821.jpg,7
45822.jpg,1
45823.jpg,3
45824.jpg,2
45825.jpg,2
45826.jpg,4
45827.jpg,1
45828.jpg,0
45829.jpg,4
45830.jpg,5
45831.jpg,1
45832.jpg,5
45833.jpg,6
45834.jpg,1
45835.jpg,8
45836.jpg,2
45837.jpg,5
45838.jpg,3
45839.jpg,9
45840.jpg,5
45841.jpg,1
45842.jpg,7
45843.jpg,0
45844.jpg,4
45845.jpg,6
45846.jpg,7
45847.jpg,2
45848.jpg,3
45849.jpg,5
45850.jpg,5
45851.jpg,9
45852.jpg,0
45853.jpg,5
45854.jpg,7
45855.jpg,8
45856.jpg,3
45857.jpg,6
45858.jpg,0
45859.jpg,3
45860.jpg,1
45861.jpg,9
45862.jpg,2
45863.jpg,7
45864.jpg,0
45865.jpg,9
45866.jpg,8
45867.jpg,2
45868.jpg,9
45869.jpg,8
45870.jpg,3
45871.jpg,2
45872.jpg,5
45873.jpg,0
45874.jpg,0
45875.jpg,8
45876.jpg,3
45877.jpg,3
45878.jpg,6
45879.jpg,6
45880.jpg,4
45881.jpg,9
45882.jpg,6
45883.jpg,0
45884.jpg,9
45885.jpg,1
45886.jpg,5
45887.jpg,7
45888.jpg,0
45889.jpg,2
45890.jpg,7
45891.jpg,8
45892.jpg,2
45893.jpg,9
45894.jpg,4
45895.jpg,1
45896.jpg,3
45897.jpg,1
45898.jpg,6
45899.jpg,5
45900.jpg,6
45901.jpg,2
45902.jpg,4
45903.jpg,2
45904.jpg,8
45905.jpg,5
45906.jpg,8
45907.jpg,6
45908.jpg,4
45909.jpg,4
45910.jpg,8
45911.jpg,8
45912.jpg,6
45913.jpg,2
45914.jpg,3
45915.jpg,3
45916.jpg,8
45917.jpg,1
45918.jpg,3
45919.jpg,4
45920.jpg,5
45921.jpg,6
45922.jpg,2
45923.jpg,9
45924.jpg,0
45925.jpg,7
45926.jpg,2
45927.jpg,7
45928.jpg,0
45929.jpg,8
45930.jpg,7
45931.jpg,4
45932.jpg,8
45933.jpg,2
45934.jpg,7
45935.jpg,7
45936.jpg,7
45937.jpg,9
45938.jpg,9
45939.jpg,1
45940.jpg,4
45941.jpg,8
45942.jpg,3
45943.jpg,7
45944.jpg,4
45945.jpg,3
45946.jpg,4
45947.jpg,1
45948.jpg,8
45949.jpg,8
45950.jpg,4
45951.jpg,1
45952.jpg,0
45953.jpg,8
45954.jpg,0
45955.jpg,0
45956.jpg,0
45957.jpg,4
45958.jpg,7
45959.jpg,1
45960.jpg,5
45961.jpg,5
45962.jpg,5
45963.jpg,3
45964.jpg,6
45965.jpg,5
45966.jpg,3
45967.jpg,2
45968.jpg,9
45969.jpg,0
45970.jpg,5
45971.jpg,1
45972.jpg,0
45973.jpg,0
45974.jpg,9
45975.jpg,1
45976.jpg,7
45977.jpg,8
45978.jpg,9
45979.jpg,2
45980.jpg,3
45981.jpg,5
45982.jpg,7
45983.jpg,1
45984.jpg,0
45985.jpg,8
45986.jpg,8
45987.jpg,8
45988.jpg,0
45989.jpg,7
45990.jpg,2
45991.jpg,7
45992.jpg,2
45993.jpg,5
45994.jpg,0
45995.jpg,7
45996.jpg,7
45997.jpg,9
45998.jpg,4
45999.jpg,8
46000.jpg,6
46001.jpg,5
46002.jpg,9
46003.jpg,6
46004.jpg,8
46005.jpg,6
46006.jpg,9
46007.jpg,4
46008.jpg,0
46009.jpg,4
46010.jpg,7
46011.jpg,2
46012.jpg,9
46013.jpg,0
46014.jpg,3
46015.jpg,0
46016.jpg,9
46017.jpg,5
46018.jpg,2
46019.jpg,2
46020.jpg,1
46021.jpg,4
46022.jpg,4
46023.jpg,2
46024.jpg,5
46025.jpg,6
46026.jpg,2
46027.jpg,4
46028.jpg,2
46029.jpg,5
46030.jpg,3
46031.jpg,1
46032.jpg,7
46033.jpg,5
46034.jpg,9
46035.jpg,6
46036.jpg,9
46037.jpg,5
46038.jpg,9
46039.jpg,4
46040.jpg,1
46041.jpg,2
46042.jpg,5
46043.jpg,9
46044.jpg,8
46045.jpg,3
46046.jpg,6
46047.jpg,5
46048.jpg,5
46049.jpg,4
46050.jpg,8
46051.jpg,7
46052.jpg,9
46053.jpg,5
46054.jpg,0
46055.jpg,8
46056.jpg,4
46057.jpg,9
46058.jpg,5
46059.jpg,7
46060.jpg,3
46061.jpg,3
46062.jpg,0
46063.jpg,2
46064.jpg,1
46065.jpg,5
46066.jpg,9
46067.jpg,0
46068.jpg,1
46069.jpg,2
46070.jpg,3
46071.jpg,3
46072.jpg,7
46073.jpg,2
46074.jpg,1
46075.jpg,0
46076.jpg,7
46077.jpg,7
46078.jpg,1
46079.jpg,3
46080.jpg,4
46081.jpg,2
46082.jpg,5
46083.jpg,9
46084.jpg,4
46085.jpg,0
46086.jpg,8
46087.jpg,9
46088.jpg,5
46089.jpg,3
46090.jpg,0
46091.jpg,5
46092.jpg,5
46093.jpg,6
46094.jpg,5
46095.jpg,6
46096.jpg,6
46097.jpg,2
46098.jpg,0
46099.jpg,8
46100.jpg,5
46101.jpg,6
46102.jpg,5
46103.jpg,4
46104.jpg,5
46105.jpg,5
46106.jpg,2
46107.jpg,6
46108.jpg,3
46109.jpg,1
46110.jpg,4
46111.jpg,9
46112.jpg,0
46113.jpg,0
46114.jpg,9
46115.jpg,4
46116.jpg,9
46117.jpg,7
46118.jpg,6
46119.jpg,7
46120.jpg,1
46121.jpg,1
46122.jpg,1
46123.jpg,8
46124.jpg,0
46125.jpg,6
46126.jpg,2
46127.jpg,6
46128.jpg,4
46129.jpg,9
46130.jpg,1
46131.jpg,5
46132.jpg,0
46133.jpg,2
46134.jpg,8
46135.jpg,3
46136.jpg,1
46137.jpg,1
46138.jpg,8
46139.jpg,8
46140.jpg,5
46141.jpg,1
46142.jpg,0
46143.jpg,8
46144.jpg,4
46145.jpg,6
46146.jpg,2
46147.jpg,7
46148.jpg,6
46149.jpg,9
46150.jpg,9
46151.jpg,3
46152.jpg,9
46153.jpg,8
46154.jpg,5
46155.jpg,5
46156.jpg,2
46157.jpg,7
46158.jpg,9
46159.jpg,8
46160.jpg,8
46161.jpg,1
46162.jpg,3
46163.jpg,9
46164.jpg,7
46165.jpg,0
46166.jpg,8
46167.jpg,3
46168.jpg,4
46169.jpg,3
46170.jpg,0
46171.jpg,9
46172.jpg,6
46173.jpg,4
46174.jpg,9
46175.jpg,4
46176.jpg,8
46177.jpg,2
46178.jpg,9
46179.jpg,6
46180.jpg,4
46181.jpg,4
46182.jpg,8
46183.jpg,9
46184.jpg,5
46185.jpg,3
46186.jpg,3
46187.jpg,0
46188.jpg,0
46189.jpg,7
46190.jpg,0
46191.jpg,1
46192.jpg,8
46193.jpg,6
46194.jpg,7
46195.jpg,9
46196.jpg,1
46197.jpg,7
46198.jpg,3
46199.jpg,3
46200.jpg,3
46201.jpg,9
46202.jpg,5
46203.jpg,4
46204.jpg,4
46205.jpg,3
46206.jpg,4
46207.jpg,3
46208.jpg,3
46209.jpg,2
46210.jpg,2
46211.jpg,4
46212.jpg,4
46213.jpg,6
46214.jpg,4
46215.jpg,5
46216.jpg,7
46217.jpg,3
46218.jpg,7
46219.jpg,8
46220.jpg,5
46221.jpg,0
46222.jpg,5
46223.jpg,3
46224.jpg,6
46225.jpg,8
46226.jpg,1
46227.jpg,2
46228.jpg,2
46229.jpg,3
46230.jpg,2
46231.jpg,1
46232.jpg,5
46233.jpg,1
46234.jpg,4
46235.jpg,7
46236.jpg,2
46237.jpg,9
46238.jpg,8
46239.jpg,7
46240.jpg,0
46241.jpg,1
46242.jpg,0
46243.jpg,4
46244.jpg,1
46245.jpg,9
46246.jpg,6
46247.jpg,8
46248.jpg,5
46249.jpg,4
46250.jpg,8
46251.jpg,4
46252.jpg,6
46253.jpg,5
46254.jpg,6
46255.jpg,7
46256.jpg,3
46257.jpg,7
46258.jpg,9
46259.jpg,5
46260.jpg,0
46261.jpg,7
46262.jpg,6
46263.jpg,3
46264.jpg,9
46265.jpg,2
46266.jpg,4
46267.jpg,6
46268.jpg,9
46269.jpg,1
46270.jpg,4
46271.jpg,7
46272.jpg,1
46273.jpg,6
46274.jpg,4
46275.jpg,9
46276.jpg,0
46277.jpg,6
46278.jpg,7
46279.jpg,5
46280.jpg,4
46281.jpg,4
46282.jpg,9
46283.jpg,7
46284.jpg,3
46285.jpg,1
46286.jpg,9
46287.jpg,7
46288.jpg,9
46289.jpg,4
46290.jpg,6
46291.jpg,7
46292.jpg,4
46293.jpg,9
46294.jpg,6
46295.jpg,1
46296.jpg,2
46297.jpg,6
46298.jpg,4
46299.jpg,7
46300.jpg,6
46301.jpg,7
46302.jpg,1
46303.jpg,4
46304.jpg,3
46305.jpg,2
46306.jpg,3
46307.jpg,7
46308.jpg,0
46309.jpg,3
46310.jpg,9
46311.jpg,4
46312.jpg,0
46313.jpg,0
46314.jpg,4
46315.jpg,2
46316.jpg,8
46317.jpg,2
46318.jpg,1
46319.jpg,3
46320.jpg,7
46321.jpg,7
46322.jpg,8
46323.jpg,2
46324.jpg,3
46325.jpg,1
46326.jpg,7
46327.jpg,2
46328.jpg,0
46329.jpg,7
46330.jpg,3
46331.jpg,4
46332.jpg,3
46333.jpg,5
46334.jpg,2
46335.jpg,7
46336.jpg,6
46337.jpg,8
46338.jpg,5
46339.jpg,4
46340.jpg,5
46341.jpg,2
46342.jpg,8
46343.jpg,3
46344.jpg,4
46345.jpg,5
46346.jpg,8
46347.jpg,1
46348.jpg,3
46349.jpg,1
46350.jpg,6
46351.jpg,3
46352.jpg,5
46353.jpg,1
46354.jpg,0
46355.jpg,5
46356.jpg,1
46357.jpg,9
46358.jpg,5
46359.jpg,2
46360.jpg,9
46361.jpg,4
46362.jpg,2
46363.jpg,7
46364.jpg,9
46365.jpg,9
46366.jpg,1
46367.jpg,6
46368.jpg,3
46369.jpg,2
46370.jpg,0
46371.jpg,1
46372.jpg,7
46373.jpg,0
46374.jpg,0
46375.jpg,1
46376.jpg,0
46377.jpg,5
46378.jpg,4
46379.jpg,8
46380.jpg,0
46381.jpg,9
46382.jpg,0
46383.jpg,1
46384.jpg,9
46385.jpg,3
46386.jpg,7
46387.jpg,4
46388.jpg,2
46389.jpg,4
46390.jpg,2
46391.jpg,6
46392.jpg,2
46393.jpg,0
46394.jpg,3
46395.jpg,6
46396.jpg,0
46397.jpg,8
46398.jpg,7
46399.jpg,0
46400.jpg,0
46401.jpg,7
46402.jpg,3
46403.jpg,8
46404.jpg,3
46405.jpg,3
46406.jpg,6
46407.jpg,8
46408.jpg,2
46409.jpg,7
46410.jpg,4
46411.jpg,1
46412.jpg,2
46413.jpg,9
46414.jpg,2
46415.jpg,4
46416.jpg,6
46417.jpg,6
46418.jpg,8
46419.jpg,5
46420.jpg,1
46421.jpg,4
46422.jpg,3
46423.jpg,7
46424.jpg,5
46425.jpg,0
46426.jpg,9
46427.jpg,2
46428.jpg,0
46429.jpg,1
46430.jpg,3
46431.jpg,9
46432.jpg,4
46433.jpg,3
46434.jpg,1
46435.jpg,8
46436.jpg,5
46437.jpg,4
46438.jpg,9
46439.jpg,9
46440.jpg,0
46441.jpg,7
46442.jpg,6
46443.jpg,5
46444.jpg,5
46445.jpg,2
46446.jpg,1
46447.jpg,6
46448.jpg,2
46449.jpg,7
46450.jpg,4
46451.jpg,6
46452.jpg,4
46453.jpg,1
46454.jpg,6
46455.jpg,5
46456.jpg,1
46457.jpg,9
46458.jpg,3
46459.jpg,8
46460.jpg,7
46461.jpg,2
46462.jpg,3
46463.jpg,6
46464.jpg,1
46465.jpg,4
46466.jpg,3
46467.jpg,2
46468.jpg,8
46469.jpg,2
46470.jpg,8
46471.jpg,6
46472.jpg,4
46473.jpg,6
46474.jpg,8
46475.jpg,4
46476.jpg,5
46477.jpg,2
46478.jpg,8
46479.jpg,0
46480.jpg,9
46481.jpg,7
46482.jpg,3
46483.jpg,5
46484.jpg,2
46485.jpg,4
46486.jpg,6
46487.jpg,7
46488.jpg,2
46489.jpg,1
46490.jpg,3
46491.jpg,3
46492.jpg,3
46493.jpg,3
46494.jpg,1
46495.jpg,1
46496.jpg,3
46497.jpg,7
46498.jpg,4
46499.jpg,2
46500.jpg,6
46501.jpg,8
46502.jpg,2
46503.jpg,0
46504.jpg,0
46505.jpg,4
46506.jpg,6
46507.jpg,3
46508.jpg,8
46509.jpg,4
46510.jpg,6
46511.jpg,3
46512.jpg,0
46513.jpg,7
46514.jpg,8
46515.jpg,1
46516.jpg,9
46517.jpg,6
46518.jpg,0
46519.jpg,5
46520.jpg,2
46521.jpg,6
46522.jpg,7
46523.jpg,6
46524.jpg,4
46525.jpg,9
46526.jpg,6
46527.jpg,4
46528.jpg,7
46529.jpg,8
46530.jpg,5
46531.jpg,9
46532.jpg,4
46533.jpg,5
46534.jpg,1
46535.jpg,4
46536.jpg,6
46537.jpg,6
46538.jpg,7
46539.jpg,9
46540.jpg,3
46541.jpg,8
46542.jpg,2
46543.jpg,0
46544.jpg,1
46545.jpg,6
46546.jpg,9
46547.jpg,2
46548.jpg,6
46549.jpg,2
46550.jpg,1
46551.jpg,6
46552.jpg,7
46553.jpg,0
46554.jpg,6
46555.jpg,3
46556.jpg,3
46557.jpg,3
46558.jpg,2
46559.jpg,1
46560.jpg,4
46561.jpg,5
46562.jpg,4
46563.jpg,0
46564.jpg,7
46565.jpg,8
46566.jpg,6
46567.jpg,3
46568.jpg,7
46569.jpg,4
46570.jpg,0
46571.jpg,9
46572.jpg,6
46573.jpg,7
46574.jpg,3
46575.jpg,5
46576.jpg,8
46577.jpg,5
46578.jpg,6
46579.jpg,9
46580.jpg,5
46581.jpg,6
46582.jpg,6
46583.jpg,2
46584.jpg,3
46585.jpg,3
46586.jpg,4
46587.jpg,9
46588.jpg,7
46589.jpg,1
46590.jpg,3
46591.jpg,4
46592.jpg,6
46593.jpg,2
46594.jpg,4
46595.jpg,3
46596.jpg,3
46597.jpg,0
46598.jpg,8
46599.jpg,6
46600.jpg,7
46601.jpg,7
46602.jpg,3
46603.jpg,4
46604.jpg,5
46605.jpg,4
46606.jpg,2
46607.jpg,3
46608.jpg,1
46609.jpg,0
46610.jpg,9
46611.jpg,4
46612.jpg,4
46613.jpg,4
46614.jpg,2
46615.jpg,5
46616.jpg,2
46617.jpg,0
46618.jpg,3
46619.jpg,3
46620.jpg,6
46621.jpg,2
46622.jpg,5
46623.jpg,1
46624.jpg,7
46625.jpg,9
46626.jpg,2
46627.jpg,8
46628.jpg,2
46629.jpg,0
46630.jpg,1
46631.jpg,8
46632.jpg,8
46633.jpg,7
46634.jpg,2
46635.jpg,3
46636.jpg,4
46637.jpg,3
46638.jpg,2
46639.jpg,1
46640.jpg,0
46641.jpg,7
46642.jpg,5
46643.jpg,9
46644.jpg,9
46645.jpg,6
46646.jpg,8
46647.jpg,6
46648.jpg,2
46649.jpg,3
46650.jpg,0
46651.jpg,8
46652.jpg,4
46653.jpg,7
46654.jpg,4
46655.jpg,7
46656.jpg,1
46657.jpg,9
46658.jpg,3
46659.jpg,1
46660.jpg,2
46661.jpg,1
46662.jpg,9
46663.jpg,0
46664.jpg,6
46665.jpg,0
46666.jpg,9
46667.jpg,8
46668.jpg,1
46669.jpg,3
46670.jpg,1
46671.jpg,9
46672.jpg,6
46673.jpg,1
46674.jpg,3
46675.jpg,5
46676.jpg,7
46677.jpg,7
46678.jpg,1
46679.jpg,8
46680.jpg,7
46681.jpg,4
46682.jpg,0
46683.jpg,1
46684.jpg,3
46685.jpg,2
46686.jpg,6
46687.jpg,0
46688.jpg,0
46689.jpg,5
46690.jpg,3
46691.jpg,2
46692.jpg,9
46693.jpg,9
46694.jpg,5
46695.jpg,7
46696.jpg,7
46697.jpg,5
46698.jpg,5
46699.jpg,7
46700.jpg,3
46701.jpg,1
46702.jpg,0
46703.jpg,1
46704.jpg,2
46705.jpg,9
46706.jpg,9
46707.jpg,5
46708.jpg,9
46709.jpg,1
46710.jpg,4
46711.jpg,0
46712.jpg,6
46713.jpg,7
46714.jpg,3
46715.jpg,7
46716.jpg,3
46717.jpg,8
46718.jpg,8
46719.jpg,0
46720.jpg,4
46721.jpg,6
46722.jpg,6
46723.jpg,5
46724.jpg,3
46725.jpg,1
46726.jpg,7
46727.jpg,9
46728.jpg,8
46729.jpg,3
46730.jpg,5
46731.jpg,1
46732.jpg,3
46733.jpg,1
46734.jpg,7
46735.jpg,0
46736.jpg,1
46737.jpg,1
46738.jpg,2
46739.jpg,7
46740.jpg,8
46741.jpg,6
46742.jpg,3
46743.jpg,0
46744.jpg,2
46745.jpg,6
46746.jpg,9
46747.jpg,6
46748.jpg,7
46749.jpg,6
46750.jpg,6
46751.jpg,1
46752.jpg,7
46753.jpg,3
46754.jpg,6
46755.jpg,6
46756.jpg,8
46757.jpg,2
46758.jpg,3
46759.jpg,7
46760.jpg,5
46761.jpg,0
46762.jpg,8
46763.jpg,7
46764.jpg,7
46765.jpg,1
46766.jpg,9
46767.jpg,3
46768.jpg,6
46769.jpg,1
46770.jpg,4
46771.jpg,5
46772.jpg,2
46773.jpg,8
46774.jpg,2
46775.jpg,8
46776.jpg,7
46777.jpg,6
46778.jpg,5
46779.jpg,1
46780.jpg,4
46781.jpg,5
46782.jpg,3
46783.jpg,3
46784.jpg,9
46785.jpg,4
46786.jpg,1
46787.jpg,3
46788.jpg,8
46789.jpg,8
46790.jpg,3
46791.jpg,8
46792.jpg,7
46793.jpg,7
46794.jpg,5
46795.jpg,6
46796.jpg,8
46797.jpg,5
46798.jpg,1
46799.jpg,2
46800.jpg,7
46801.jpg,2
46802.jpg,2
46803.jpg,8
46804.jpg,6
46805.jpg,2
46806.jpg,8
46807.jpg,5
46808.jpg,7
46809.jpg,4
46810.jpg,6
46811.jpg,9
46812.jpg,3
46813.jpg,1
46814.jpg,1
46815.jpg,5
46816.jpg,2
46817.jpg,8
46818.jpg,7
46819.jpg,1
46820.jpg,1
46821.jpg,7
46822.jpg,7
46823.jpg,8
46824.jpg,6
46825.jpg,8
46826.jpg,6
46827.jpg,7
46828.jpg,1
46829.jpg,6
46830.jpg,8
46831.jpg,1
46832.jpg,6
46833.jpg,0
46834.jpg,9
46835.jpg,9
46836.jpg,2
46837.jpg,3
46838.jpg,4
46839.jpg,7
46840.jpg,4
46841.jpg,7
46842.jpg,7
46843.jpg,2
46844.jpg,4
46845.jpg,9
46846.jpg,8
46847.jpg,3
46848.jpg,8
46849.jpg,3
46850.jpg,7
46851.jpg,1
46852.jpg,4
46853.jpg,5
46854.jpg,6
46855.jpg,3
46856.jpg,2
46857.jpg,2
46858.jpg,0
46859.jpg,6
46860.jpg,0
46861.jpg,9
46862.jpg,8
46863.jpg,4
46864.jpg,7
46865.jpg,7
46866.jpg,5
46867.jpg,0
46868.jpg,3
46869.jpg,1
46870.jpg,9
46871.jpg,1
46872.jpg,3
46873.jpg,5
46874.jpg,5
46875.jpg,4
46876.jpg,7
46877.jpg,4
46878.jpg,5
46879.jpg,4
46880.jpg,8
46881.jpg,8
46882.jpg,8
46883.jpg,3
46884.jpg,2
46885.jpg,1
46886.jpg,2
46887.jpg,9
46888.jpg,6
46889.jpg,1
46890.jpg,9
46891.jpg,4
46892.jpg,7
46893.jpg,6
46894.jpg,4
46895.jpg,1
46896.jpg,1
46897.jpg,4
46898.jpg,8
46899.jpg,1
46900.jpg,9
46901.jpg,2
46902.jpg,3
46903.jpg,9
46904.jpg,0
46905.jpg,3
46906.jpg,9
46907.jpg,4
46908.jpg,1
46909.jpg,8
46910.jpg,3
46911.jpg,4
46912.jpg,8
46913.jpg,3
46914.jpg,3
46915.jpg,1
46916.jpg,8
46917.jpg,2
46918.jpg,6
46919.jpg,0
46920.jpg,0
46921.jpg,2
46922.jpg,1
46923.jpg,0
46924.jpg,4
46925.jpg,6
46926.jpg,6
46927.jpg,2
46928.jpg,1
46929.jpg,0
46930.jpg,3
46931.jpg,1
46932.jpg,6
46933.jpg,1
46934.jpg,9
46935.jpg,6
46936.jpg,3
46937.jpg,9
46938.jpg,6
46939.jpg,7
46940.jpg,4
46941.jpg,6
46942.jpg,8
46943.jpg,4
46944.jpg,2
46945.jpg,3
46946.jpg,2
46947.jpg,0
46948.jpg,8
46949.jpg,6
46950.jpg,4
46951.jpg,9
46952.jpg,0
46953.jpg,7
46954.jpg,0
46955.jpg,1
46956.jpg,2
46957.jpg,5
46958.jpg,5
46959.jpg,1
46960.jpg,6
46961.jpg,3
46962.jpg,6
46963.jpg,2
46964.jpg,8
46965.jpg,5
46966.jpg,7
46967.jpg,1
46968.jpg,6
46969.jpg,1
46970.jpg,2
46971.jpg,1
46972.jpg,0
46973.jpg,0
46974.jpg,8
46975.jpg,8
46976.jpg,2
46977.jpg,8
46978.jpg,5
46979.jpg,7
46980.jpg,3
46981.jpg,3
46982.jpg,5
46983.jpg,4
46984.jpg,9
46985.jpg,4
46986.jpg,7
46987.jpg,6
46988.jpg,1
46989.jpg,8
46990.jpg,4
46991.jpg,9
46992.jpg,7
46993.jpg,4
46994.jpg,3
46995.jpg,8
46996.jpg,2
46997.jpg,9
46998.jpg,7
46999.jpg,7
47000.jpg,5
47001.jpg,6
47002.jpg,0
47003.jpg,6
47004.jpg,3
47005.jpg,1
47006.jpg,3
47007.jpg,8
47008.jpg,2
47009.jpg,2
47010.jpg,9
47011.jpg,7
47012.jpg,8
47013.jpg,8
47014.jpg,0
47015.jpg,0
47016.jpg,7
47017.jpg,5
47018.jpg,1
47019.jpg,1
47020.jpg,6
47021.jpg,5
47022.jpg,8
47023.jpg,7
47024.jpg,4
47025.jpg,6
47026.jpg,2
47027.jpg,7
47028.jpg,7
47029.jpg,8
47030.jpg,7
47031.jpg,5
47032.jpg,5
47033.jpg,7
47034.jpg,6
47035.jpg,4
47036.jpg,6
47037.jpg,2
47038.jpg,2
47039.jpg,8
47040.jpg,9
47041.jpg,6
47042.jpg,9
47043.jpg,4
47044.jpg,6
47045.jpg,8
47046.jpg,8
47047.jpg,2
47048.jpg,1
47049.jpg,3
47050.jpg,3
47051.jpg,8
47052.jpg,4
47053.jpg,0
47054.jpg,4
47055.jpg,7
47056.jpg,2
47057.jpg,5
47058.jpg,4
47059.jpg,4
47060.jpg,0
47061.jpg,8
47062.jpg,4
47063.jpg,3
47064.jpg,6
47065.jpg,3
47066.jpg,8
47067.jpg,8
47068.jpg,2
47069.jpg,9
47070.jpg,6
47071.jpg,9
47072.jpg,5
47073.jpg,6
47074.jpg,2
47075.jpg,3
47076.jpg,7
47077.jpg,1
47078.jpg,4
47079.jpg,7
47080.jpg,9
47081.jpg,0
47082.jpg,5
47083.jpg,8
47084.jpg,6
47085.jpg,7
47086.jpg,3
47087.jpg,1
47088.jpg,7
47089.jpg,2
47090.jpg,5
47091.jpg,6
47092.jpg,6
47093.jpg,0
47094.jpg,5
47095.jpg,0
47096.jpg,8
47097.jpg,4
47098.jpg,2
47099.jpg,4
47100.jpg,4
47101.jpg,7
47102.jpg,1
47103.jpg,5
47104.jpg,8
47105.jpg,5
47106.jpg,2
47107.jpg,3
47108.jpg,8
47109.jpg,8
47110.jpg,4
47111.jpg,9
47112.jpg,8
47113.jpg,5
47114.jpg,9
47115.jpg,5
47116.jpg,2
47117.jpg,5
47118.jpg,8
47119.jpg,4
47120.jpg,7
47121.jpg,3
47122.jpg,3
47123.jpg,3
47124.jpg,1
47125.jpg,3
47126.jpg,8
47127.jpg,9
47128.jpg,3
47129.jpg,8
47130.jpg,1
47131.jpg,8
47132.jpg,3
47133.jpg,6
47134.jpg,9
47135.jpg,2
47136.jpg,2
47137.jpg,6
47138.jpg,3
47139.jpg,5
47140.jpg,5
47141.jpg,7
47142.jpg,3
47143.jpg,6
47144.jpg,0
47145.jpg,1
47146.jpg,2
47147.jpg,1
47148.jpg,1
47149.jpg,8
47150.jpg,5
47151.jpg,2
47152.jpg,7
47153.jpg,3
47154.jpg,4
47155.jpg,4
47156.jpg,8
47157.jpg,5
47158.jpg,5
47159.jpg,6
47160.jpg,5
47161.jpg,3
47162.jpg,5
47163.jpg,4
47164.jpg,5
47165.jpg,2
47166.jpg,2
47167.jpg,9
47168.jpg,0
47169.jpg,8
47170.jpg,9
47171.jpg,3
47172.jpg,6
47173.jpg,1
47174.jpg,0
47175.jpg,6
47176.jpg,1
47177.jpg,1
47178.jpg,2
47179.jpg,0
47180.jpg,3
47181.jpg,5
47182.jpg,7
47183.jpg,0
47184.jpg,2
47185.jpg,7
47186.jpg,7
47187.jpg,0
47188.jpg,4
47189.jpg,5
47190.jpg,6
47191.jpg,7
47192.jpg,5
47193.jpg,7
47194.jpg,2
47195.jpg,5
47196.jpg,0
47197.jpg,7
47198.jpg,1
47199.jpg,9
47200.jpg,3
47201.jpg,7
47202.jpg,6
47203.jpg,0
47204.jpg,7
47205.jpg,3
47206.jpg,4
47207.jpg,4
47208.jpg,5
47209.jpg,2
47210.jpg,9
47211.jpg,2
47212.jpg,0
47213.jpg,3
47214.jpg,1
47215.jpg,6
47216.jpg,2
47217.jpg,2
47218.jpg,4
47219.jpg,7
47220.jpg,3
47221.jpg,1
47222.jpg,8
47223.jpg,7
47224.jpg,3
47225.jpg,0
47226.jpg,6
47227.jpg,5
47228.jpg,3
47229.jpg,5
47230.jpg,3
47231.jpg,8
47232.jpg,6
47233.jpg,8
47234.jpg,3
47235.jpg,3
47236.jpg,5
47237.jpg,8
47238.jpg,1
47239.jpg,6
47240.jpg,9
47241.jpg,5
47242.jpg,6
47243.jpg,0
47244.jpg,9
47245.jpg,9
47246.jpg,5
47247.jpg,6
47248.jpg,8
47249.jpg,9
47250.jpg,6
47251.jpg,0
47252.jpg,6
47253.jpg,3
47254.jpg,6
47255.jpg,1
47256.jpg,0
47257.jpg,6
47258.jpg,2
47259.jpg,3
47260.jpg,5
47261.jpg,1
47262.jpg,9
47263.jpg,0
47264.jpg,6
47265.jpg,6
47266.jpg,5
47267.jpg,6
47268.jpg,3
47269.jpg,4
47270.jpg,5
47271.jpg,1
47272.jpg,6
47273.jpg,7
47274.jpg,4
47275.jpg,2
47276.jpg,9
47277.jpg,6
47278.jpg,6
47279.jpg,2
47280.jpg,5
47281.jpg,8
47282.jpg,8
47283.jpg,4
47284.jpg,1
47285.jpg,7
47286.jpg,1
47287.jpg,8
47288.jpg,1
47289.jpg,1
47290.jpg,3
47291.jpg,7
47292.jpg,9
47293.jpg,5
47294.jpg,8
47295.jpg,4
47296.jpg,4
47297.jpg,1
47298.jpg,2
47299.jpg,0
47300.jpg,1
47301.jpg,4
47302.jpg,9
47303.jpg,2
47304.jpg,7
47305.jpg,5
47306.jpg,8
47307.jpg,3
47308.jpg,2
47309.jpg,3
47310.jpg,8
47311.jpg,0
47312.jpg,1
47313.jpg,3
47314.jpg,7
47315.jpg,6
47316.jpg,6
47317.jpg,4
47318.jpg,3
47319.jpg,5
47320.jpg,0
47321.jpg,6
47322.jpg,4
47323.jpg,7
47324.jpg,1
47325.jpg,7
47326.jpg,1
47327.jpg,0
47328.jpg,0
47329.jpg,8
47330.jpg,2
47331.jpg,7
47332.jpg,2
47333.jpg,7
47334.jpg,8
47335.jpg,6
47336.jpg,2
47337.jpg,9
47338.jpg,1
47339.jpg,6
47340.jpg,2
47341.jpg,6
47342.jpg,1
47343.jpg,3
47344.jpg,0
47345.jpg,5
47346.jpg,3
47347.jpg,0
47348.jpg,6
47349.jpg,1
47350.jpg,1
47351.jpg,5
47352.jpg,1
47353.jpg,7
47354.jpg,5
47355.jpg,3
47356.jpg,4
47357.jpg,1
47358.jpg,1
47359.jpg,4
47360.jpg,0
47361.jpg,8
47362.jpg,4
47363.jpg,2
47364.jpg,5
47365.jpg,4
47366.jpg,8
47367.jpg,3
47368.jpg,4
47369.jpg,3
47370.jpg,1
47371.jpg,1
47372.jpg,7
47373.jpg,9
47374.jpg,1
47375.jpg,1
47376.jpg,8
47377.jpg,0
47378.jpg,1
47379.jpg,1
47380.jpg,2
47381.jpg,1
47382.jpg,4
47383.jpg,4
47384.jpg,8
47385.jpg,7
47386.jpg,4
47387.jpg,8
47388.jpg,6
47389.jpg,3
47390.jpg,1
47391.jpg,9
47392.jpg,6
47393.jpg,6
47394.jpg,4
47395.jpg,4
47396.jpg,0
47397.jpg,2
47398.jpg,5
47399.jpg,9
47400.jpg,7
47401.jpg,1
47402.jpg,7
47403.jpg,6
47404.jpg,4
47405.jpg,7
47406.jpg,5
47407.jpg,4
47408.jpg,1
47409.jpg,0
47410.jpg,2
47411.jpg,3
47412.jpg,3
47413.jpg,8
47414.jpg,9
47415.jpg,9
47416.jpg,7
47417.jpg,5
47418.jpg,9
47419.jpg,9
47420.jpg,7
47421.jpg,9
47422.jpg,6
47423.jpg,0
47424.jpg,4
47425.jpg,5
47426.jpg,3
47427.jpg,3
47428.jpg,1
47429.jpg,5
47430.jpg,1
47431.jpg,8
47432.jpg,3
47433.jpg,8
47434.jpg,0
47435.jpg,5
47436.jpg,4
47437.jpg,8
47438.jpg,1
47439.jpg,3
47440.jpg,8
47441.jpg,9
47442.jpg,1
47443.jpg,8
47444.jpg,0
47445.jpg,0
47446.jpg,5
47447.jpg,8
47448.jpg,1
47449.jpg,2
47450.jpg,7
47451.jpg,8
47452.jpg,2
47453.jpg,9
47454.jpg,5
47455.jpg,8
47456.jpg,9
47457.jpg,9
47458.jpg,6
47459.jpg,4
47460.jpg,3
47461.jpg,9
47462.jpg,0
47463.jpg,7
47464.jpg,0
47465.jpg,2
47466.jpg,2
47467.jpg,3
47468.jpg,8
47469.jpg,3
47470.jpg,0
47471.jpg,9
47472.jpg,5
47473.jpg,6
47474.jpg,3
47475.jpg,1
47476.jpg,5
47477.jpg,2
47478.jpg,3
47479.jpg,9
47480.jpg,2
47481.jpg,6
47482.jpg,7
47483.jpg,3
47484.jpg,8
47485.jpg,3
47486.jpg,6
47487.jpg,3
47488.jpg,7
47489.jpg,3
47490.jpg,0
47491.jpg,6
47492.jpg,3
47493.jpg,3
47494.jpg,9
47495.jpg,1
47496.jpg,8
47497.jpg,8
47498.jpg,3
47499.jpg,8
47500.jpg,3
47501.jpg,3
47502.jpg,0
47503.jpg,1
47504.jpg,0
47505.jpg,0
47506.jpg,7
47507.jpg,8
47508.jpg,8
47509.jpg,0
47510.jpg,5
47511.jpg,0
47512.jpg,9
47513.jpg,1
47514.jpg,8
47515.jpg,5
47516.jpg,6
47517.jpg,3
47518.jpg,5
47519.jpg,3
47520.jpg,0
47521.jpg,2
47522.jpg,2
47523.jpg,8
47524.jpg,6
47525.jpg,2
47526.jpg,9
47527.jpg,0
47528.jpg,0
47529.jpg,1
47530.jpg,0
47531.jpg,4
47532.jpg,3
47533.jpg,3
47534.jpg,8
47535.jpg,8
47536.jpg,4
47537.jpg,0
47538.jpg,6
47539.jpg,3
47540.jpg,1
47541.jpg,6
47542.jpg,2
47543.jpg,0
47544.jpg,7
47545.jpg,5
47546.jpg,7
47547.jpg,0
47548.jpg,1
47549.jpg,6
47550.jpg,0
47551.jpg,3
47552.jpg,2
47553.jpg,6
47554.jpg,9
47555.jpg,2
47556.jpg,9
47557.jpg,4
47558.jpg,7
47559.jpg,4
47560.jpg,5
47561.jpg,8
47562.jpg,5
47563.jpg,4
47564.jpg,7
47565.jpg,7
47566.jpg,3
47567.jpg,3
47568.jpg,7
47569.jpg,8
47570.jpg,9
47571.jpg,9
47572.jpg,1
47573.jpg,0
47574.jpg,4
47575.jpg,6
47576.jpg,2
47577.jpg,7
47578.jpg,5
47579.jpg,1
47580.jpg,8
47581.jpg,0
47582.jpg,7
47583.jpg,9
47584.jpg,3
47585.jpg,4
47586.jpg,2
47587.jpg,1
47588.jpg,0
47589.jpg,2
47590.jpg,5
47591.jpg,6
47592.jpg,0
47593.jpg,3
47594.jpg,9
47595.jpg,4
47596.jpg,2
47597.jpg,1
47598.jpg,7
47599.jpg,0
47600.jpg,1
47601.jpg,5
47602.jpg,4
47603.jpg,3
47604.jpg,7
47605.jpg,1
47606.jpg,7
47607.jpg,1
47608.jpg,9
47609.jpg,7
47610.jpg,8
47611.jpg,7
47612.jpg,0
47613.jpg,7
47614.jpg,8
47615.jpg,3
47616.jpg,2
47617.jpg,8
47618.jpg,7
47619.jpg,4
47620.jpg,5
47621.jpg,7
47622.jpg,1
47623.jpg,4
47624.jpg,7
47625.jpg,4
47626.jpg,4
47627.jpg,8
47628.jpg,9
47629.jpg,9
47630.jpg,8
47631.jpg,0
47632.jpg,6
47633.jpg,2
47634.jpg,4
47635.jpg,2
47636.jpg,4
47637.jpg,7
47638.jpg,6
47639.jpg,8
47640.jpg,1
47641.jpg,7
47642.jpg,4
47643.jpg,0
47644.jpg,2
47645.jpg,9
47646.jpg,8
47647.jpg,0
47648.jpg,6
47649.jpg,1
47650.jpg,6
47651.jpg,3
47652.jpg,9
47653.jpg,2
47654.jpg,0
47655.jpg,0
47656.jpg,4
47657.jpg,9
47658.jpg,2
47659.jpg,1
47660.jpg,0
47661.jpg,2
47662.jpg,2
47663.jpg,0
47664.jpg,2
47665.jpg,3
47666.jpg,7
47667.jpg,3
47668.jpg,8
47669.jpg,6
47670.jpg,4
47671.jpg,3
47672.jpg,7
47673.jpg,1
47674.jpg,0
47675.jpg,6
47676.jpg,4
47677.jpg,5
47678.jpg,8
47679.jpg,5
47680.jpg,3
47681.jpg,3
47682.jpg,7
47683.jpg,1
47684.jpg,7
47685.jpg,5
47686.jpg,7
47687.jpg,9
47688.jpg,2
47689.jpg,3
47690.jpg,4
47691.jpg,9
47692.jpg,9
47693.jpg,8
47694.jpg,9
47695.jpg,8
47696.jpg,2
47697.jpg,5
47698.jpg,9
47699.jpg,5
47700.jpg,0
47701.jpg,6
47702.jpg,8
47703.jpg,9
47704.jpg,9
47705.jpg,6
47706.jpg,1
47707.jpg,1
47708.jpg,9
47709.jpg,1
47710.jpg,6
47711.jpg,9
47712.jpg,4
47713.jpg,2
47714.jpg,2
47715.jpg,6
47716.jpg,8
47717.jpg,7
47718.jpg,1
47719.jpg,3
47720.jpg,6
47721.jpg,1
47722.jpg,1
47723.jpg,1
47724.jpg,5
47725.jpg,7
47726.jpg,5
47727.jpg,0
47728.jpg,1
47729.jpg,5
47730.jpg,8
47731.jpg,0
47732.jpg,6
47733.jpg,4
47734.jpg,3
47735.jpg,1
47736.jpg,7
47737.jpg,8
47738.jpg,1
47739.jpg,2
47740.jpg,1
47741.jpg,2
47742.jpg,5
47743.jpg,4
47744.jpg,8
47745.jpg,2
47746.jpg,9
47747.jpg,0
47748.jpg,8
47749.jpg,3
47750.jpg,5
47751.jpg,4
47752.jpg,9
47753.jpg,3
47754.jpg,6
47755.jpg,5
47756.jpg,7
47757.jpg,0
47758.jpg,7
47759.jpg,9
47760.jpg,9
47761.jpg,2
47762.jpg,6
47763.jpg,9
47764.jpg,9
47765.jpg,3
47766.jpg,2
47767.jpg,4
47768.jpg,3
47769.jpg,5
47770.jpg,0
47771.jpg,3
47772.jpg,0
47773.jpg,5
47774.jpg,1
47775.jpg,4
47776.jpg,5
47777.jpg,1
47778.jpg,1
47779.jpg,5
47780.jpg,5
47781.jpg,7
47782.jpg,0
47783.jpg,2
47784.jpg,0
47785.jpg,5
47786.jpg,9
47787.jpg,4
47788.jpg,0
47789.jpg,3
47790.jpg,8
47791.jpg,9
47792.jpg,0
47793.jpg,9
47794.jpg,8
47795.jpg,6
47796.jpg,1
47797.jpg,2
47798.jpg,7
47799.jpg,6
47800.jpg,7
47801.jpg,0
47802.jpg,3
47803.jpg,3
47804.jpg,3
47805.jpg,0
47806.jpg,6
47807.jpg,2
47808.jpg,0
47809.jpg,7
47810.jpg,0
47811.jpg,4
47812.jpg,3
47813.jpg,7
47814.jpg,3
47815.jpg,5
47816.jpg,7
47817.jpg,7
47818.jpg,4
47819.jpg,7
47820.jpg,6
47821.jpg,1
47822.jpg,4
47823.jpg,6
47824.jpg,6
47825.jpg,6
47826.jpg,0
47827.jpg,1
47828.jpg,4
47829.jpg,7
47830.jpg,7
47831.jpg,7
47832.jpg,1
47833.jpg,7
47834.jpg,8
47835.jpg,3
47836.jpg,7
47837.jpg,3
47838.jpg,9
47839.jpg,3
47840.jpg,2
47841.jpg,1
47842.jpg,0
47843.jpg,6
47844.jpg,2
47845.jpg,7
47846.jpg,5
47847.jpg,0
47848.jpg,6
47849.jpg,7
47850.jpg,2
47851.jpg,4
47852.jpg,3
47853.jpg,2
47854.jpg,9
47855.jpg,4
47856.jpg,9
47857.jpg,8
47858.jpg,2
47859.jpg,0
47860.jpg,6
47861.jpg,1
47862.jpg,1
47863.jpg,7
47864.jpg,5
47865.jpg,0
47866.jpg,6
47867.jpg,6
47868.jpg,2
47869.jpg,3
47870.jpg,5
47871.jpg,8
47872.jpg,3
47873.jpg,5
47874.jpg,7
47875.jpg,1
47876.jpg,8
47877.jpg,2
47878.jpg,2
47879.jpg,1
47880.jpg,4
47881.jpg,6
47882.jpg,2
47883.jpg,0
47884.jpg,1
47885.jpg,7
47886.jpg,8
47887.jpg,1
47888.jpg,2
47889.jpg,0
47890.jpg,2
47891.jpg,9
47892.jpg,9
47893.jpg,3
47894.jpg,7
47895.jpg,7
47896.jpg,4
47897.jpg,2
47898.jpg,0
47899.jpg,6
47900.jpg,8
47901.jpg,5
47902.jpg,9
47903.jpg,4
47904.jpg,9
47905.jpg,2
47906.jpg,3
47907.jpg,0
47908.jpg,5
47909.jpg,3
47910.jpg,4
47911.jpg,6
47912.jpg,1
47913.jpg,1
47914.jpg,0
47915.jpg,1
47916.jpg,6
47917.jpg,9
47918.jpg,6
47919.jpg,2
47920.jpg,9
47921.jpg,5
47922.jpg,7
47923.jpg,7
47924.jpg,3
47925.jpg,0
47926.jpg,5
47927.jpg,6
47928.jpg,3
47929.jpg,2
47930.jpg,0
47931.jpg,3
47932.jpg,3
47933.jpg,4
47934.jpg,8
47935.jpg,5
47936.jpg,1
47937.jpg,6
47938.jpg,5
47939.jpg,7
47940.jpg,7
47941.jpg,8
47942.jpg,2
47943.jpg,9
47944.jpg,9
47945.jpg,7
47946.jpg,3
47947.jpg,8
47948.jpg,2
47949.jpg,8
47950.jpg,6
47951.jpg,2
47952.jpg,2
47953.jpg,1
47954.jpg,4
47955.jpg,7
47956.jpg,4
47957.jpg,4
47958.jpg,6
47959.jpg,6
47960.jpg,9
47961.jpg,7
47962.jpg,2
47963.jpg,4
47964.jpg,6
47965.jpg,0
47966.jpg,8
47967.jpg,6
47968.jpg,6
47969.jpg,7
47970.jpg,0
47971.jpg,0
47972.jpg,0
47973.jpg,8
47974.jpg,2
47975.jpg,6
47976.jpg,6
47977.jpg,1
47978.jpg,5
47979.jpg,0
47980.jpg,9
47981.jpg,5
47982.jpg,6
47983.jpg,1
47984.jpg,4
47985.jpg,0
47986.jpg,7
47987.jpg,3
47988.jpg,1
47989.jpg,7
47990.jpg,9
47991.jpg,0
47992.jpg,1
47993.jpg,6
47994.jpg,6
47995.jpg,8
47996.jpg,8
47997.jpg,3
47998.jpg,0
47999.jpg,3
48000.jpg,3
48001.jpg,1
48002.jpg,6
48003.jpg,9
48004.jpg,4
48005.jpg,8
48006.jpg,8
48007.jpg,8
48008.jpg,6
48009.jpg,6
48010.jpg,2
48011.jpg,3
48012.jpg,9
48013.jpg,3
48014.jpg,8
48015.jpg,6
48016.jpg,2
48017.jpg,2
48018.jpg,0
48019.jpg,2
48020.jpg,5
48021.jpg,6
48022.jpg,8
48023.jpg,0
48024.jpg,2
48025.jpg,2
48026.jpg,8
48027.jpg,8
48028.jpg,3
48029.jpg,3
48030.jpg,3
48031.jpg,8
48032.jpg,2
48033.jpg,6
48034.jpg,6
48035.jpg,1
48036.jpg,7
48037.jpg,2
48038.jpg,7
48039.jpg,5
48040.jpg,5
48041.jpg,3
48042.jpg,8
48043.jpg,2
48044.jpg,0
48045.jpg,8
48046.jpg,4
48047.jpg,4
48048.jpg,8
48049.jpg,4
48050.jpg,5
48051.jpg,5
48052.jpg,7
48053.jpg,6
48054.jpg,3
48055.jpg,2
48056.jpg,3
48057.jpg,8
48058.jpg,1
48059.jpg,1
48060.jpg,6
48061.jpg,9
48062.jpg,0
48063.jpg,6
48064.jpg,7
48065.jpg,2
48066.jpg,4
48067.jpg,3
48068.jpg,4
48069.jpg,6
48070.jpg,8
48071.jpg,6
48072.jpg,0
48073.jpg,8
48074.jpg,8
48075.jpg,9
48076.jpg,7
48077.jpg,2
48078.jpg,7
48079.jpg,0
48080.jpg,4
48081.jpg,2
48082.jpg,3
48083.jpg,0
48084.jpg,6
48085.jpg,1
48086.jpg,0
48087.jpg,9
48088.jpg,3
48089.jpg,9
48090.jpg,1
48091.jpg,6
48092.jpg,2
48093.jpg,1
48094.jpg,1
48095.jpg,1
48096.jpg,0
48097.jpg,0
48098.jpg,0
48099.jpg,0
48100.jpg,2
48101.jpg,3
48102.jpg,0
48103.jpg,9
48104.jpg,3
48105.jpg,3
48106.jpg,7
48107.jpg,1
48108.jpg,6
48109.jpg,7
48110.jpg,9
48111.jpg,8
48112.jpg,2
48113.jpg,8
48114.jpg,4
48115.jpg,7
48116.jpg,0
48117.jpg,4
48118.jpg,0
48119.jpg,1
48120.jpg,8
48121.jpg,2
48122.jpg,3
48123.jpg,8
48124.jpg,1
48125.jpg,9
48126.jpg,9
48127.jpg,1
48128.jpg,6
48129.jpg,7
48130.jpg,1
48131.jpg,4
48132.jpg,0
48133.jpg,3
48134.jpg,5
48135.jpg,1
48136.jpg,0
48137.jpg,4
48138.jpg,8
48139.jpg,3
48140.jpg,5
48141.jpg,9
48142.jpg,7
48143.jpg,4
48144.jpg,2
48145.jpg,9
48146.jpg,9
48147.jpg,0
48148.jpg,2
48149.jpg,1
48150.jpg,8
48151.jpg,3
48152.jpg,9
48153.jpg,3
48154.jpg,5
48155.jpg,0
48156.jpg,5
48157.jpg,2
48158.jpg,3
48159.jpg,9
48160.jpg,0
48161.jpg,3
48162.jpg,3
48163.jpg,8
48164.jpg,3
48165.jpg,2
48166.jpg,2
48167.jpg,5
48168.jpg,8
48169.jpg,2
48170.jpg,6
48171.jpg,6
48172.jpg,2
48173.jpg,2
48174.jpg,1
48175.jpg,1
48176.jpg,7
48177.jpg,4
48178.jpg,2
48179.jpg,3
48180.jpg,8
48181.jpg,1
48182.jpg,2
48183.jpg,3
48184.jpg,4
48185.jpg,0
48186.jpg,2
48187.jpg,7
48188.jpg,5
48189.jpg,1
48190.jpg,0
48191.jpg,1
48192.jpg,2
48193.jpg,3
48194.jpg,6
48195.jpg,2
48196.jpg,5
48197.jpg,1
48198.jpg,5
48199.jpg,0
48200.jpg,0
48201.jpg,1
48202.jpg,7
48203.jpg,7
48204.jpg,5
48205.jpg,5
48206.jpg,6
48207.jpg,0
48208.jpg,4
48209.jpg,0
48210.jpg,3
48211.jpg,8
48212.jpg,6
48213.jpg,9
48214.jpg,8
48215.jpg,6
48216.jpg,1
48217.jpg,0
48218.jpg,2
48219.jpg,2
48220.jpg,6
48221.jpg,1
48222.jpg,8
48223.jpg,5
48224.jpg,3
48225.jpg,1
48226.jpg,9
48227.jpg,1
48228.jpg,1
48229.jpg,8
48230.jpg,5
48231.jpg,6
48232.jpg,1
48233.jpg,4
48234.jpg,2
48235.jpg,8
48236.jpg,4
48237.jpg,2
48238.jpg,7
48239.jpg,5
48240.jpg,5
48241.jpg,8
48242.jpg,0
48243.jpg,5
48244.jpg,1
48245.jpg,9
48246.jpg,3
48247.jpg,4
48248.jpg,8
48249.jpg,0
48250.jpg,8
48251.jpg,3
48252.jpg,5
48253.jpg,6
48254.jpg,4
48255.jpg,3
48256.jpg,6
48257.jpg,4
48258.jpg,0
48259.jpg,3
48260.jpg,4
48261.jpg,5
48262.jpg,3
48263.jpg,4
48264.jpg,2
48265.jpg,5
48266.jpg,3
48267.jpg,8
48268.jpg,0
48269.jpg,5
48270.jpg,8
48271.jpg,4
48272.jpg,0
48273.jpg,8
48274.jpg,5
48275.jpg,2
48276.jpg,5
48277.jpg,7
48278.jpg,8
48279.jpg,4
48280.jpg,2
48281.jpg,9
48282.jpg,5
48283.jpg,8
48284.jpg,8
48285.jpg,3
48286.jpg,3
48287.jpg,5
48288.jpg,3
48289.jpg,4
48290.jpg,9
48291.jpg,5
48292.jpg,0
48293.jpg,6
48294.jpg,1
48295.jpg,9
48296.jpg,0
48297.jpg,0
48298.jpg,9
48299.jpg,7
48300.jpg,1
48301.jpg,8
48302.jpg,3
48303.jpg,9
48304.jpg,2
48305.jpg,1
48306.jpg,7
48307.jpg,1
48308.jpg,9
48309.jpg,6
48310.jpg,9
48311.jpg,7
48312.jpg,7
48313.jpg,0
48314.jpg,2
48315.jpg,7
48316.jpg,7
48317.jpg,9
48318.jpg,9
48319.jpg,3
48320.jpg,5
48321.jpg,2
48322.jpg,2
48323.jpg,9
48324.jpg,2
48325.jpg,5
48326.jpg,5
48327.jpg,9
48328.jpg,5
48329.jpg,8
48330.jpg,3
48331.jpg,4
48332.jpg,1
48333.jpg,2
48334.jpg,5
48335.jpg,6
48336.jpg,3
48337.jpg,8
48338.jpg,4
48339.jpg,1
48340.jpg,2
48341.jpg,2
48342.jpg,0
48343.jpg,7
48344.jpg,6
48345.jpg,7
48346.jpg,1
48347.jpg,2
48348.jpg,8
48349.jpg,3
48350.jpg,1
48351.jpg,7
48352.jpg,4
48353.jpg,5
48354.jpg,9
48355.jpg,0
48356.jpg,3
48357.jpg,7
48358.jpg,8
48359.jpg,0
48360.jpg,7
48361.jpg,4
48362.jpg,2
48363.jpg,6
48364.jpg,9
48365.jpg,0
48366.jpg,2
48367.jpg,7
48368.jpg,4
48369.jpg,7
48370.jpg,3
48371.jpg,1
48372.jpg,7
48373.jpg,5
48374.jpg,1
48375.jpg,4
48376.jpg,0
48377.jpg,2
48378.jpg,4
48379.jpg,4
48380.jpg,3
48381.jpg,3
48382.jpg,0
48383.jpg,0
48384.jpg,8
48385.jpg,3
48386.jpg,3
48387.jpg,0
48388.jpg,9
48389.jpg,1
48390.jpg,7
48391.jpg,7
48392.jpg,0
48393.jpg,6
48394.jpg,9
48395.jpg,2
48396.jpg,4
48397.jpg,8
48398.jpg,5
48399.jpg,8
48400.jpg,5
48401.jpg,8
48402.jpg,9
48403.jpg,4
48404.jpg,4
48405.jpg,4
48406.jpg,8
48407.jpg,5
48408.jpg,3
48409.jpg,7
48410.jpg,0
48411.jpg,2
48412.jpg,5
48413.jpg,9
48414.jpg,8
48415.jpg,4
48416.jpg,9
48417.jpg,4
48418.jpg,2
48419.jpg,1
48420.jpg,3
48421.jpg,0
48422.jpg,3
48423.jpg,4
48424.jpg,8
48425.jpg,0
48426.jpg,1
48427.jpg,1
48428.jpg,9
48429.jpg,8
48430.jpg,7
48431.jpg,6
48432.jpg,1
48433.jpg,6
48434.jpg,3
48435.jpg,9
48436.jpg,6
48437.jpg,0
48438.jpg,2
48439.jpg,9
48440.jpg,2
48441.jpg,9
48442.jpg,6
48443.jpg,0
48444.jpg,0
48445.jpg,8
48446.jpg,6
48447.jpg,4
48448.jpg,9
48449.jpg,1
48450.jpg,1
48451.jpg,0
48452.jpg,5
48453.jpg,0
48454.jpg,2
48455.jpg,8
48456.jpg,4
48457.jpg,5
48458.jpg,9
48459.jpg,2
48460.jpg,6
48461.jpg,7
48462.jpg,4
48463.jpg,5
48464.jpg,5
48465.jpg,7
48466.jpg,6
48467.jpg,3
48468.jpg,8
48469.jpg,7
48470.jpg,9
48471.jpg,8
48472.jpg,4
48473.jpg,4
48474.jpg,6
48475.jpg,1
48476.jpg,1
48477.jpg,2
48478.jpg,0
48479.jpg,9
48480.jpg,1
48481.jpg,7
48482.jpg,2
48483.jpg,8
48484.jpg,8
48485.jpg,2
48486.jpg,1
48487.jpg,4
48488.jpg,4
48489.jpg,8
48490.jpg,4
48491.jpg,4
48492.jpg,6
48493.jpg,9
48494.jpg,5
48495.jpg,8
48496.jpg,5
48497.jpg,5
48498.jpg,7
48499.jpg,7
48500.jpg,5
48501.jpg,9
48502.jpg,5
48503.jpg,3
48504.jpg,4
48505.jpg,9
48506.jpg,9
48507.jpg,3
48508.jpg,7
48509.jpg,6
48510.jpg,9
48511.jpg,5
48512.jpg,8
48513.jpg,6
48514.jpg,6
48515.jpg,0
48516.jpg,7
48517.jpg,9
48518.jpg,2
48519.jpg,8
48520.jpg,3
48521.jpg,7
48522.jpg,0
48523.jpg,4
48524.jpg,0
48525.jpg,8
48526.jpg,8
48527.jpg,6
48528.jpg,2
48529.jpg,1
48530.jpg,2
48531.jpg,8
48532.jpg,9
48533.jpg,7
48534.jpg,2
48535.jpg,0
48536.jpg,2
48537.jpg,7
48538.jpg,6
48539.jpg,9
48540.jpg,1
48541.jpg,4
48542.jpg,8
48543.jpg,2
48544.jpg,8
48545.jpg,6
48546.jpg,7
48547.jpg,1
48548.jpg,1
48549.jpg,0
48550.jpg,1
48551.jpg,4
48552.jpg,6
48553.jpg,0
48554.jpg,4
48555.jpg,7
48556.jpg,1
48557.jpg,6
48558.jpg,0
48559.jpg,1
48560.jpg,9
48561.jpg,9
48562.jpg,8
48563.jpg,1
48564.jpg,6
48565.jpg,9
48566.jpg,1
48567.jpg,9
48568.jpg,9
48569.jpg,0
48570.jpg,1
48571.jpg,1
48572.jpg,7
48573.jpg,1
48574.jpg,8
48575.jpg,9
48576.jpg,1
48577.jpg,0
48578.jpg,0
48579.jpg,5
48580.jpg,7
48581.jpg,4
48582.jpg,4
48583.jpg,6
48584.jpg,5
48585.jpg,2
48586.jpg,5
48587.jpg,9
48588.jpg,8
48589.jpg,6
48590.jpg,5
48591.jpg,5
48592.jpg,3
48593.jpg,7
48594.jpg,8
48595.jpg,7
48596.jpg,7
48597.jpg,6
48598.jpg,3
48599.jpg,3
48600.jpg,1
48601.jpg,5
48602.jpg,9
48603.jpg,6
48604.jpg,7
48605.jpg,7
48606.jpg,3
48607.jpg,1
48608.jpg,7
48609.jpg,3
48610.jpg,2
48611.jpg,6
48612.jpg,6
48613.jpg,9
48614.jpg,8
48615.jpg,7
48616.jpg,2
48617.jpg,6
48618.jpg,8
48619.jpg,7
48620.jpg,7
48621.jpg,5
48622.jpg,1
48623.jpg,0
48624.jpg,7
48625.jpg,1
48626.jpg,7
48627.jpg,2
48628.jpg,1
48629.jpg,3
48630.jpg,4
48631.jpg,4
48632.jpg,9
48633.jpg,6
48634.jpg,2
48635.jpg,3
48636.jpg,8
48637.jpg,8
48638.jpg,0
48639.jpg,4
48640.jpg,7
48641.jpg,2
48642.jpg,7
48643.jpg,7
48644.jpg,9
48645.jpg,3
48646.jpg,7
48647.jpg,6
48648.jpg,8
48649.jpg,3
48650.jpg,9
48651.jpg,6
48652.jpg,4
48653.jpg,7
48654.jpg,4
48655.jpg,0
48656.jpg,3
48657.jpg,8
48658.jpg,9
48659.jpg,7
48660.jpg,0
48661.jpg,0
48662.jpg,5
48663.jpg,0
48664.jpg,7
48665.jpg,8
48666.jpg,8
48667.jpg,1
48668.jpg,8
48669.jpg,2
48670.jpg,9
48671.jpg,5
48672.jpg,8
48673.jpg,9
48674.jpg,5
48675.jpg,5
48676.jpg,2
48677.jpg,4
48678.jpg,8
48679.jpg,6
48680.jpg,3
48681.jpg,7
48682.jpg,2
48683.jpg,5
48684.jpg,5
48685.jpg,0
48686.jpg,3
48687.jpg,7
48688.jpg,4
48689.jpg,8
48690.jpg,1
48691.jpg,5
48692.jpg,1
48693.jpg,1
48694.jpg,7
48695.jpg,0
48696.jpg,1
48697.jpg,6
48698.jpg,7
48699.jpg,6
48700.jpg,8
48701.jpg,4
48702.jpg,0
48703.jpg,6
48704.jpg,6
48705.jpg,4
48706.jpg,2
48707.jpg,8
48708.jpg,7
48709.jpg,6
48710.jpg,3
48711.jpg,3
48712.jpg,7
48713.jpg,2
48714.jpg,3
48715.jpg,8
48716.jpg,9
48717.jpg,8
48718.jpg,7
48719.jpg,7
48720.jpg,4
48721.jpg,8
48722.jpg,3
48723.jpg,8
48724.jpg,7
48725.jpg,9
48726.jpg,2
48727.jpg,9
48728.jpg,9
48729.jpg,1
48730.jpg,5
48731.jpg,5
48732.jpg,4
48733.jpg,0
48734.jpg,6
48735.jpg,1
48736.jpg,2
48737.jpg,6
48738.jpg,3
48739.jpg,3
48740.jpg,2
48741.jpg,0
48742.jpg,5
48743.jpg,9
48744.jpg,7
48745.jpg,7
48746.jpg,0
48747.jpg,5
48748.jpg,0
48749.jpg,9
48750.jpg,2
48751.jpg,7
48752.jpg,7
48753.jpg,0
48754.jpg,9
48755.jpg,5
48756.jpg,5
48757.jpg,1
48758.jpg,9
48759.jpg,0
48760.jpg,3
48761.jpg,3
48762.jpg,9
48763.jpg,6
48764.jpg,7
48765.jpg,4
48766.jpg,8
48767.jpg,2
48768.jpg,5
48769.jpg,8
48770.jpg,2
48771.jpg,1
48772.jpg,4
48773.jpg,9
48774.jpg,0
48775.jpg,8
48776.jpg,2
48777.jpg,4
48778.jpg,0
48779.jpg,1
48780.jpg,2
48781.jpg,3
48782.jpg,0
48783.jpg,9
48784.jpg,4
48785.jpg,8
48786.jpg,3
48787.jpg,8
48788.jpg,9
48789.jpg,2
48790.jpg,3
48791.jpg,1
48792.jpg,4
48793.jpg,5
48794.jpg,1
48795.jpg,5
48796.jpg,1
48797.jpg,0
48798.jpg,2
48799.jpg,5
48800.jpg,2
48801.jpg,1
48802.jpg,8
48803.jpg,6
48804.jpg,4
48805.jpg,5
48806.jpg,0
48807.jpg,9
48808.jpg,3
48809.jpg,1
48810.jpg,0
48811.jpg,9
48812.jpg,1
48813.jpg,0
48814.jpg,7
48815.jpg,6
48816.jpg,6
48817.jpg,7
48818.jpg,7
48819.jpg,2
48820.jpg,6
48821.jpg,9
48822.jpg,3
48823.jpg,4
48824.jpg,5
48825.jpg,1
48826.jpg,9
48827.jpg,6
48828.jpg,6
48829.jpg,4
48830.jpg,8
48831.jpg,8
48832.jpg,6
48833.jpg,0
48834.jpg,4
48835.jpg,9
48836.jpg,5
48837.jpg,9
48838.jpg,9
48839.jpg,3
48840.jpg,9
48841.jpg,9
48842.jpg,0
48843.jpg,2
48844.jpg,2
48845.jpg,7
48846.jpg,3
48847.jpg,5
48848.jpg,1
48849.jpg,0
48850.jpg,9
48851.jpg,5
48852.jpg,8
48853.jpg,0
48854.jpg,8
48855.jpg,1
48856.jpg,1
48857.jpg,0
48858.jpg,0
48859.jpg,7
48860.jpg,4
48861.jpg,8
48862.jpg,2
48863.jpg,3
48864.jpg,3
48865.jpg,2
48866.jpg,5
48867.jpg,6
48868.jpg,0
48869.jpg,1
48870.jpg,8
48871.jpg,2
48872.jpg,6
48873.jpg,6
48874.jpg,2
48875.jpg,1
48876.jpg,3
48877.jpg,6
48878.jpg,5
48879.jpg,8
48880.jpg,3
48881.jpg,2
48882.jpg,0
48883.jpg,8
48884.jpg,1
48885.jpg,7
48886.jpg,9
48887.jpg,7
48888.jpg,2
48889.jpg,0
48890.jpg,4
48891.jpg,6
48892.jpg,8
48893.jpg,1
48894.jpg,5
48895.jpg,7
48896.jpg,9
48897.jpg,7
48898.jpg,0
48899.jpg,4
48900.jpg,1
48901.jpg,7
48902.jpg,5
48903.jpg,8
48904.jpg,7
48905.jpg,4
48906.jpg,8
48907.jpg,7
48908.jpg,3
48909.jpg,7
48910.jpg,4
48911.jpg,4
48912.jpg,0
48913.jpg,4
48914.jpg,7
48915.jpg,4
48916.jpg,3
48917.jpg,5
48918.jpg,3
48919.jpg,8
48920.jpg,1
48921.jpg,7
48922.jpg,8
48923.jpg,5
48924.jpg,7
48925.jpg,0
48926.jpg,8
48927.jpg,7
48928.jpg,5
48929.jpg,5
48930.jpg,4
48931.jpg,7
48932.jpg,1
48933.jpg,9
48934.jpg,0
48935.jpg,5
48936.jpg,2
48937.jpg,6
48938.jpg,1
48939.jpg,4
48940.jpg,8
48941.jpg,0
48942.jpg,6
48943.jpg,3
48944.jpg,1
48945.jpg,9
48946.jpg,7
48947.jpg,3
48948.jpg,5
48949.jpg,6
48950.jpg,6
48951.jpg,9
48952.jpg,8
48953.jpg,0
48954.jpg,5
48955.jpg,9
48956.jpg,6
48957.jpg,2
48958.jpg,6
48959.jpg,9
48960.jpg,5
48961.jpg,8
48962.jpg,3
48963.jpg,0
48964.jpg,5
48965.jpg,1
48966.jpg,7
48967.jpg,2
48968.jpg,8
48969.jpg,0
48970.jpg,4
48971.jpg,0
48972.jpg,8
48973.jpg,1
48974.jpg,3
48975.jpg,9
48976.jpg,7
48977.jpg,1
48978.jpg,3
48979.jpg,6
48980.jpg,7
48981.jpg,4
48982.jpg,8
48983.jpg,6
48984.jpg,7
48985.jpg,5
48986.jpg,3
48987.jpg,4
48988.jpg,3
48989.jpg,5
48990.jpg,2
48991.jpg,6
48992.jpg,9
48993.jpg,5
48994.jpg,0
48995.jpg,1
48996.jpg,7
48997.jpg,4
48998.jpg,8
48999.jpg,9
49000.jpg,4
49001.jpg,2
49002.jpg,2
49003.jpg,9
49004.jpg,0
49005.jpg,3
49006.jpg,3
49007.jpg,1
49008.jpg,3
49009.jpg,0
49010.jpg,4
49011.jpg,2
49012.jpg,1
49013.jpg,4
49014.jpg,0
49015.jpg,8
49016.jpg,2
49017.jpg,1
49018.jpg,4
49019.jpg,4
49020.jpg,3
49021.jpg,6
49022.jpg,6
49023.jpg,8
49024.jpg,3
49025.jpg,9
49026.jpg,9
49027.jpg,9
49028.jpg,9
49029.jpg,6
49030.jpg,5
49031.jpg,0
49032.jpg,8
49033.jpg,2
49034.jpg,3
49035.jpg,5
49036.jpg,9
49037.jpg,8
49038.jpg,2
49039.jpg,8
49040.jpg,3
49041.jpg,4
49042.jpg,1
49043.jpg,1
49044.jpg,7
49045.jpg,6
49046.jpg,9
49047.jpg,2
49048.jpg,1
49049.jpg,4
49050.jpg,6
49051.jpg,3
49052.jpg,3
49053.jpg,2
49054.jpg,1
49055.jpg,8
49056.jpg,1
49057.jpg,0
49058.jpg,0
49059.jpg,0
49060.jpg,3
49061.jpg,4
49062.jpg,0
49063.jpg,8
49064.jpg,0
49065.jpg,9
49066.jpg,1
49067.jpg,2
49068.jpg,8
49069.jpg,0
49070.jpg,1
49071.jpg,7
49072.jpg,7
49073.jpg,3
49074.jpg,4
49075.jpg,7
49076.jpg,8
49077.jpg,0
49078.jpg,2
49079.jpg,7
49080.jpg,1
49081.jpg,3
49082.jpg,7
49083.jpg,4
49084.jpg,6
49085.jpg,1
49086.jpg,7
49087.jpg,6
49088.jpg,1
49089.jpg,2
49090.jpg,6
49091.jpg,9
49092.jpg,8
49093.jpg,2
49094.jpg,0
49095.jpg,1
49096.jpg,0
49097.jpg,9
49098.jpg,6
49099.jpg,5
49100.jpg,3
49101.jpg,2
49102.jpg,4
49103.jpg,6
49104.jpg,5
49105.jpg,4
49106.jpg,9
49107.jpg,3
49108.jpg,8
49109.jpg,8
49110.jpg,7
49111.jpg,3
49112.jpg,6
49113.jpg,1
49114.jpg,2
49115.jpg,9
49116.jpg,8
49117.jpg,8
49118.jpg,1
49119.jpg,0
49120.jpg,3
49121.jpg,0
49122.jpg,8
49123.jpg,0
49124.jpg,0
49125.jpg,6
49126.jpg,6
49127.jpg,1
49128.jpg,3
49129.jpg,3
49130.jpg,6
49131.jpg,6
49132.jpg,5
49133.jpg,7
49134.jpg,5
49135.jpg,3
49136.jpg,8
49137.jpg,2
49138.jpg,1
49139.jpg,9
49140.jpg,0
49141.jpg,4
49142.jpg,6
49143.jpg,9
49144.jpg,2
49145.jpg,3
49146.jpg,9
49147.jpg,4
49148.jpg,1
49149.jpg,4
49150.jpg,2
49151.jpg,2
49152.jpg,3
49153.jpg,4
49154.jpg,8
49155.jpg,4
49156.jpg,3
49157.jpg,0
49158.jpg,6
49159.jpg,8
49160.jpg,8
49161.jpg,6
49162.jpg,2
49163.jpg,3
49164.jpg,3
49165.jpg,7
49166.jpg,3
49167.jpg,5
49168.jpg,2
49169.jpg,9
49170.jpg,6
49171.jpg,0
49172.jpg,2
49173.jpg,3
49174.jpg,5
49175.jpg,2
49176.jpg,4
49177.jpg,9
49178.jpg,5
49179.jpg,1
49180.jpg,6
49181.jpg,0
49182.jpg,3
49183.jpg,3
49184.jpg,7
49185.jpg,3
49186.jpg,7
49187.jpg,9
49188.jpg,8
49189.jpg,1
49190.jpg,5
49191.jpg,2
49192.jpg,8
49193.jpg,0
49194.jpg,2
49195.jpg,9
49196.jpg,5
49197.jpg,6
49198.jpg,6
49199.jpg,2
49200.jpg,6
49201.jpg,7
49202.jpg,4
49203.jpg,2
49204.jpg,4
49205.jpg,5
49206.jpg,8
49207.jpg,7
49208.jpg,6
49209.jpg,1
49210.jpg,1
49211.jpg,9
49212.jpg,5
49213.jpg,9
49214.jpg,7
49215.jpg,2
49216.jpg,1
49217.jpg,2
49218.jpg,9
49219.jpg,6
49220.jpg,8
49221.jpg,0
49222.jpg,3
49223.jpg,7
49224.jpg,7
49225.jpg,7
49226.jpg,8
49227.jpg,2
49228.jpg,3
49229.jpg,9
49230.jpg,0
49231.jpg,4
49232.jpg,1
49233.jpg,6
49234.jpg,4
49235.jpg,5
49236.jpg,0
49237.jpg,6
49238.jpg,6
49239.jpg,7
49240.jpg,2
49241.jpg,6
49242.jpg,9
49243.jpg,7
49244.jpg,9
49245.jpg,6
49246.jpg,6
49247.jpg,1
49248.jpg,3
49249.jpg,2
49250.jpg,4
49251.jpg,1
49252.jpg,1
49253.jpg,0
49254.jpg,4
49255.jpg,2
49256.jpg,6
49257.jpg,0
49258.jpg,8
49259.jpg,4
49260.jpg,4
49261.jpg,9
49262.jpg,8
49263.jpg,1
49264.jpg,5
49265.jpg,8
49266.jpg,1
49267.jpg,1
49268.jpg,8
49269.jpg,8
49270.jpg,9
49271.jpg,7
49272.jpg,2
49273.jpg,4
49274.jpg,5
49275.jpg,6
49276.jpg,4
49277.jpg,9
49278.jpg,6
49279.jpg,7
49280.jpg,5
49281.jpg,0
49282.jpg,8
49283.jpg,3
49284.jpg,5
49285.jpg,4
49286.jpg,5
49287.jpg,0
49288.jpg,5
49289.jpg,0
49290.jpg,2
49291.jpg,3
49292.jpg,0
49293.jpg,3
49294.jpg,7
49295.jpg,5
49296.jpg,0
49297.jpg,2
49298.jpg,3
49299.jpg,2
49300.jpg,3
49301.jpg,5
49302.jpg,9
49303.jpg,6
49304.jpg,3
49305.jpg,3
49306.jpg,8
49307.jpg,3
49308.jpg,9
49309.jpg,1
49310.jpg,7
49311.jpg,3
49312.jpg,0
49313.jpg,2
49314.jpg,0
49315.jpg,7
49316.jpg,5
49317.jpg,1
49318.jpg,1
49319.jpg,2
49320.jpg,6
49321.jpg,6
49322.jpg,1
49323.jpg,6
49324.jpg,8
49325.jpg,0
49326.jpg,8
49327.jpg,1
49328.jpg,0
49329.jpg,7
49330.jpg,2
49331.jpg,7
49332.jpg,3
49333.jpg,2
49334.jpg,3
49335.jpg,1
49336.jpg,9
49337.jpg,5
49338.jpg,3
49339.jpg,6
49340.jpg,9
49341.jpg,2
49342.jpg,4
49343.jpg,3
49344.jpg,8
49345.jpg,3
49346.jpg,8
49347.jpg,7
49348.jpg,2
49349.jpg,4
49350.jpg,2
49351.jpg,8
49352.jpg,4
49353.jpg,4
49354.jpg,2
49355.jpg,5
49356.jpg,6
49357.jpg,3
49358.jpg,9
49359.jpg,4
49360.jpg,6
49361.jpg,7
49362.jpg,0
49363.jpg,4
49364.jpg,4
49365.jpg,1
49366.jpg,8
49367.jpg,6
49368.jpg,2
49369.jpg,7
49370.jpg,4
49371.jpg,3
49372.jpg,1
49373.jpg,0
49374.jpg,7
49375.jpg,0
49376.jpg,9
49377.jpg,5
49378.jpg,8
49379.jpg,0
49380.jpg,1
49381.jpg,6
49382.jpg,9
49383.jpg,5
49384.jpg,0
49385.jpg,0
49386.jpg,2
49387.jpg,8
49388.jpg,5
49389.jpg,4
49390.jpg,0
49391.jpg,5
49392.jpg,1
49393.jpg,3
49394.jpg,3
49395.jpg,4
49396.jpg,9
49397.jpg,5
49398.jpg,3
49399.jpg,3
49400.jpg,1
49401.jpg,0
49402.jpg,1
49403.jpg,2
49404.jpg,2
49405.jpg,3
49406.jpg,6
49407.jpg,1
49408.jpg,2
49409.jpg,7
49410.jpg,8
49411.jpg,1
49412.jpg,9
49413.jpg,0
49414.jpg,6
49415.jpg,8
49416.jpg,6
49417.jpg,0
49418.jpg,8
49419.jpg,9
49420.jpg,2
49421.jpg,3
49422.jpg,7
49423.jpg,6
49424.jpg,2
49425.jpg,9
49426.jpg,8
49427.jpg,8
49428.jpg,6
49429.jpg,3
49430.jpg,0
49431.jpg,6
49432.jpg,9
49433.jpg,5
49434.jpg,9
49435.jpg,0
49436.jpg,7
49437.jpg,2
49438.jpg,0
49439.jpg,1
49440.jpg,2
49441.jpg,4
49442.jpg,1
49443.jpg,7
49444.jpg,5
49445.jpg,5
49446.jpg,2
49447.jpg,9
49448.jpg,2
49449.jpg,0
49450.jpg,5
49451.jpg,7
49452.jpg,4
49453.jpg,7
49454.jpg,7
49455.jpg,2
49456.jpg,7
49457.jpg,6
49458.jpg,5
49459.jpg,1
49460.jpg,5
49461.jpg,9
49462.jpg,7
49463.jpg,2
49464.jpg,0
49465.jpg,8
49466.jpg,9
49467.jpg,8
49468.jpg,6
49469.jpg,8
49470.jpg,5
49471.jpg,0
49472.jpg,7
49473.jpg,7
49474.jpg,8
49475.jpg,2
49476.jpg,1
49477.jpg,6
49478.jpg,1
49479.jpg,3
49480.jpg,1
49481.jpg,6
49482.jpg,6
49483.jpg,8
49484.jpg,2
49485.jpg,3
49486.jpg,7
49487.jpg,9
49488.jpg,8
49489.jpg,3
49490.jpg,8
49491.jpg,5
49492.jpg,7
49493.jpg,0
49494.jpg,1
49495.jpg,0
49496.jpg,7
49497.jpg,4
49498.jpg,2
49499.jpg,0
49500.jpg,4
49501.jpg,9
49502.jpg,4
49503.jpg,2
49504.jpg,7
49505.jpg,7
49506.jpg,4
49507.jpg,4
49508.jpg,1
49509.jpg,1
49510.jpg,0
49511.jpg,9
49512.jpg,0
49513.jpg,9
49514.jpg,8
49515.jpg,6
49516.jpg,4
49517.jpg,7
49518.jpg,2
49519.jpg,2
49520.jpg,2
49521.jpg,6
49522.jpg,0
49523.jpg,2
49524.jpg,1
49525.jpg,0
49526.jpg,2
49527.jpg,8
49528.jpg,4
49529.jpg,4
49530.jpg,6
49531.jpg,5
49532.jpg,9
49533.jpg,0
49534.jpg,1
49535.jpg,1
49536.jpg,8
49537.jpg,5
49538.jpg,1
49539.jpg,1
49540.jpg,8
49541.jpg,9
49542.jpg,0
49543.jpg,6
49544.jpg,4
49545.jpg,8
49546.jpg,4
49547.jpg,5
49548.jpg,7
49549.jpg,1
49550.jpg,4
49551.jpg,6
49552.jpg,2
49553.jpg,2
49554.jpg,6
49555.jpg,8
49556.jpg,2
49557.jpg,9
49558.jpg,2
49559.jpg,2
49560.jpg,7
49561.jpg,1
49562.jpg,4
49563.jpg,5
49564.jpg,3
49565.jpg,1
49566.jpg,0
49567.jpg,8
49568.jpg,4
49569.jpg,4
49570.jpg,3
49571.jpg,7
49572.jpg,8
49573.jpg,9
49574.jpg,3
49575.jpg,6
49576.jpg,1
49577.jpg,2
49578.jpg,1
49579.jpg,2
49580.jpg,2
49581.jpg,7
49582.jpg,1
49583.jpg,1
49584.jpg,1
49585.jpg,2
49586.jpg,5
49587.jpg,7
49588.jpg,2
49589.jpg,2
49590.jpg,7
49591.jpg,3
49592.jpg,4
49593.jpg,4
49594.jpg,5
49595.jpg,1
49596.jpg,0
49597.jpg,2
49598.jpg,9
49599.jpg,8
49600.jpg,3
49601.jpg,9
49602.jpg,1
49603.jpg,2
49604.jpg,0
49605.jpg,5
49606.jpg,9
49607.jpg,5
49608.jpg,9
49609.jpg,3
49610.jpg,1
49611.jpg,0
49612.jpg,3
49613.jpg,3
49614.jpg,0
49615.jpg,4
49616.jpg,0
49617.jpg,8
49618.jpg,4
49619.jpg,0
49620.jpg,1
49621.jpg,7
49622.jpg,5
49623.jpg,8
49624.jpg,3
49625.jpg,6
49626.jpg,9
49627.jpg,8
49628.jpg,7
49629.jpg,2
49630.jpg,8
49631.jpg,2
49632.jpg,3
49633.jpg,4
49634.jpg,5
49635.jpg,2
49636.jpg,6
49637.jpg,7
49638.jpg,4
49639.jpg,2
49640.jpg,7
49641.jpg,5
49642.jpg,5
49643.jpg,4
49644.jpg,8
49645.jpg,8
49646.jpg,1
49647.jpg,3
49648.jpg,8
49649.jpg,5
49650.jpg,4
49651.jpg,8
49652.jpg,9
49653.jpg,6
49654.jpg,9
49655.jpg,4
49656.jpg,3
49657.jpg,0
49658.jpg,1
49659.jpg,2
49660.jpg,2
49661.jpg,4
49662.jpg,6
49663.jpg,8
49664.jpg,8
49665.jpg,5
49666.jpg,0
49667.jpg,3
49668.jpg,1
49669.jpg,8
49670.jpg,3
49671.jpg,0
49672.jpg,7
49673.jpg,9
49674.jpg,8
49675.jpg,8
49676.jpg,9
49677.jpg,5
49678.jpg,2
49679.jpg,6
49680.jpg,4
49681.jpg,6
49682.jpg,8
49683.jpg,9
49684.jpg,8
49685.jpg,4
49686.jpg,8
49687.jpg,0
49688.jpg,5
49689.jpg,7
49690.jpg,1
49691.jpg,4
49692.jpg,8
49693.jpg,8
49694.jpg,3
49695.jpg,4
49696.jpg,0
49697.jpg,0
49698.jpg,5
49699.jpg,8
49700.jpg,3
49701.jpg,9
49702.jpg,3
49703.jpg,5
49704.jpg,9
49705.jpg,9
49706.jpg,6
49707.jpg,5
49708.jpg,8
49709.jpg,6
49710.jpg,3
49711.jpg,7
49712.jpg,2
49713.jpg,4
49714.jpg,0
49715.jpg,9
49716.jpg,2
49717.jpg,1
49718.jpg,0
49719.jpg,7
49720.jpg,3
49721.jpg,9
49722.jpg,8
49723.jpg,8
49724.jpg,4
49725.jpg,7
49726.jpg,7
49727.jpg,6
49728.jpg,9
49729.jpg,5
49730.jpg,8
49731.jpg,4
49732.jpg,6
49733.jpg,2
49734.jpg,2
49735.jpg,7
49736.jpg,6
49737.jpg,3
49738.jpg,3
49739.jpg,9
49740.jpg,2
49741.jpg,7
49742.jpg,6
49743.jpg,8
49744.jpg,1
49745.jpg,1
49746.jpg,5
49747.jpg,8
49748.jpg,5
49749.jpg,4
49750.jpg,4
49751.jpg,0
49752.jpg,3
49753.jpg,6
49754.jpg,1
49755.jpg,0
49756.jpg,6
49757.jpg,2
49758.jpg,6
49759.jpg,0
49760.jpg,3
49761.jpg,4
49762.jpg,6
49763.jpg,2
49764.jpg,6
49765.jpg,1
49766.jpg,1
49767.jpg,0
49768.jpg,7
49769.jpg,6
49770.jpg,5
49771.jpg,4
49772.jpg,5
49773.jpg,7
49774.jpg,1
49775.jpg,4
49776.jpg,4
49777.jpg,4
49778.jpg,7
49779.jpg,4
49780.jpg,4
49781.jpg,1
49782.jpg,4
49783.jpg,3
49784.jpg,6
49785.jpg,6
49786.jpg,8
49787.jpg,9
49788.jpg,6
49789.jpg,7
49790.jpg,2
49791.jpg,4
49792.jpg,3
49793.jpg,5
49794.jpg,3
49795.jpg,7
49796.jpg,8
49797.jpg,6
49798.jpg,2
49799.jpg,0
49800.jpg,0
49801.jpg,0
49802.jpg,2
49803.jpg,2
49804.jpg,5
49805.jpg,7
49806.jpg,1
49807.jpg,9
49808.jpg,6
49809.jpg,1
49810.jpg,9
49811.jpg,5
49812.jpg,9
49813.jpg,0
49814.jpg,6
49815.jpg,5
49816.jpg,4
49817.jpg,3
49818.jpg,8
49819.jpg,0
49820.jpg,6
49821.jpg,7
49822.jpg,1
49823.jpg,7
49824.jpg,4
49825.jpg,9
49826.jpg,8
49827.jpg,2
49828.jpg,6
49829.jpg,7
49830.jpg,3
49831.jpg,0
49832.jpg,5
49833.jpg,6
49834.jpg,7
49835.jpg,5
49836.jpg,7
49837.jpg,1
49838.jpg,6
49839.jpg,6
49840.jpg,4
49841.jpg,3
49842.jpg,3
49843.jpg,9
49844.jpg,8
49845.jpg,4
49846.jpg,3
49847.jpg,6
49848.jpg,4
49849.jpg,1
49850.jpg,6
49851.jpg,7
49852.jpg,4
49853.jpg,0
49854.jpg,1
49855.jpg,6
49856.jpg,3
49857.jpg,1
49858.jpg,2
49859.jpg,0
49860.jpg,0
49861.jpg,8
49862.jpg,6
49863.jpg,1
49864.jpg,6
49865.jpg,3
49866.jpg,8
49867.jpg,5
49868.jpg,0
49869.jpg,9
49870.jpg,1
49871.jpg,5
49872.jpg,4
49873.jpg,4
49874.jpg,0
49875.jpg,5
49876.jpg,2
49877.jpg,6
49878.jpg,1
49879.jpg,5
49880.jpg,9
49881.jpg,0
49882.jpg,8
49883.jpg,8
49884.jpg,1
49885.jpg,4
49886.jpg,9
49887.jpg,4
49888.jpg,4
49889.jpg,1
49890.jpg,0
49891.jpg,7
49892.jpg,3
49893.jpg,9
49894.jpg,1
49895.jpg,0
49896.jpg,2
49897.jpg,3
49898.jpg,1
49899.jpg,5
49900.jpg,2
49901.jpg,6
49902.jpg,9
49903.jpg,2
49904.jpg,3
49905.jpg,0
49906.jpg,7
49907.jpg,4
49908.jpg,3
49909.jpg,3
49910.jpg,0
49911.jpg,9
49912.jpg,3
49913.jpg,8
49914.jpg,3
49915.jpg,4
49916.jpg,2
49917.jpg,2
49918.jpg,1
49919.jpg,9
49920.jpg,0
49921.jpg,2
49922.jpg,8
49923.jpg,6
49924.jpg,6
49925.jpg,0
49926.jpg,3
49927.jpg,3
49928.jpg,6
49929.jpg,5
49930.jpg,3
49931.jpg,4
49932.jpg,1
49933.jpg,2
49934.jpg,0
49935.jpg,8
49936.jpg,9
49937.jpg,4
49938.jpg,1
49939.jpg,7
49940.jpg,2
49941.jpg,6
49942.jpg,1
49943.jpg,3
49944.jpg,3
49945.jpg,0
49946.jpg,1
49947.jpg,9
49948.jpg,5
49949.jpg,4
49950.jpg,4
49951.jpg,8
49952.jpg,2
49953.jpg,6
49954.jpg,2
49955.jpg,9
49956.jpg,7
49957.jpg,7
49958.jpg,7
49959.jpg,9
49960.jpg,8
49961.jpg,9
49962.jpg,4
49963.jpg,4
49964.jpg,7
49965.jpg,1
49966.jpg,0
49967.jpg,4
49968.jpg,3
49969.jpg,6
49970.jpg,3
49971.jpg,9
49972.jpg,8
49973.jpg,3
49974.jpg,6
49975.jpg,8
49976.jpg,3
49977.jpg,6
49978.jpg,6
49979.jpg,2
49980.jpg,6
49981.jpg,7
49982.jpg,3
49983.jpg,0
49984.jpg,0
49985.jpg,0
49986.jpg,2
49987.jpg,5
49988.jpg,1
49989.jpg,2
49990.jpg,9
49991.jpg,2
49992.jpg,2
49993.jpg,1
49994.jpg,6
49995.jpg,3
49996.jpg,9
49997.jpg,1
49998.jpg,1
49999.jpg,5
